ts,provider,name,num_qubits,operational,pending_jobs,avg_cx_error,avg_readout_error,avg_t1_us,avg_t2_us
2022-01-07T00:00:00+00:00,ionq,qpu.harmony,11,1,,,,10000000000.0,200000.0
2022-01-13T00:00:00+00:00,ionq,qpu.forte-1,36,1,,,0.0075,100000000.0,1000000.0
2022-01-14T00:00:00+00:00,ionq,qpu.harmony,11,1,,,,10000000000.0,200000.0
2022-01-17T00:00:00+00:00,ionq,qpu.harmony,11,1,,,,10000000000.0,200000.0
2022-01-21T00:00:00+00:00,ionq,qpu.harmony,11,1,,,,10000000000.0,200000.0
2022-01-24T00:00:00+00:00,ionq,qpu.harmony,11,1,,,,10000000000.0,200000.0
2022-01-26T00:00:00+00:00,ionq,qpu.harmony,11,1,,,,10000000000.0,200000.0
2022-01-28T00:00:00+00:00,ionq,qpu.harmony,11,1,,,,10000000000.0,200000.0
2022-02-04T00:00:00+00:00,ionq,qpu.harmony,11,1,,,,10000000000.0,200000.0
2022-02-07T00:00:00+00:00,ionq,qpu.harmony,11,1,,,,10000000000.0,200000.0
2022-02-09T00:00:00+00:00,ionq,qpu.harmony,11,1,,,,10000000000.0,200000.0
2022-02-11T00:00:00+00:00,ionq,qpu.harmony,11,1,,,,10000000000.0,200000.0
2022-02-14T00:00:00+00:00,ionq,qpu.harmony,11,1,,,,10000000000.0,200000.0
2022-02-15T00:00:00+00:00,ionq,qpu.forte-1,36,1,,,0.0128,100000000.0,1000000.0
2022-02-18T00:00:00+00:00,ionq,qpu.harmony,11,1,,,,10000000000.0,200000.0
2022-02-21T00:00:00+00:00,ionq,qpu.harmony,11,1,,,,10000000000.0,200000.0
2022-02-23T00:00:00+00:00,ionq,qpu.harmony,11,1,,,,10000000000.0,200000.0
2022-02-25T00:00:00+00:00,ionq,qpu.harmony,11,1,,,,10000000000.0,200000.0
2022-02-28T00:00:00+00:00,ionq,qpu.harmony,11,1,,,,10000000000.0,200000.0
2022-03-02T00:00:00+00:00,ionq,qpu.harmony,11,1,,,,10000000000.0,200000.0
2022-03-07T00:00:00+00:00,ionq,qpu.harmony,11,1,,,,10000000000.0,200000.0
2022-03-12T00:00:00+00:00,ionq,qpu.harmony,11,1,,,,10000000000.0,200000.0
2022-03-14T00:00:00+00:00,ionq,qpu.harmony,11,1,,,,10000000000.0,200000.0
2022-03-16T00:00:00+00:00,ionq,qpu.harmony,11,1,,,,10000000000.0,200000.0
2022-03-21T00:00:00+00:00,ionq,qpu.harmony,11,1,,,0.0027,10000000000.0,200000.0
2022-04-09T00:00:00+00:00,ionq,qpu.harmony,11,1,,,0.0027,10000000000.0,200000.0
2022-04-11T00:00:00+00:00,ionq,qpu.harmony,11,1,,,0.0027,10000000000.0,200000.0
2022-04-18T00:00:00+00:00,ionq,qpu.harmony,11,1,,,0.0027,10000000000.0,200000.0
2022-05-14T00:00:00+00:00,ionq,qpu.forte-1,36,1,,,0.0065,100000000.0,1000000.0
2022-09-22T00:00:00+00:00,ionq,qpu.harmony,11,1,,,0.0027,10000000000.0,200000.0
2022-09-26T00:00:00+00:00,ionq,qpu.harmony,11,1,,,,10000000000.0,200000.0
2022-09-28T00:00:00+00:00,ionq,qpu.harmony,11,1,,,,10000000000.0,200000.0
2022-09-30T00:00:00+00:00,ionq,qpu.harmony,11,1,,,,10000000000.0,200000.0
2022-10-03T00:00:00+00:00,ionq,qpu.harmony,11,1,,,,10000000000.0,200000.0
2022-10-05T00:00:00+00:00,ionq,qpu.harmony,11,1,,,,10000000000.0,200000.0
2022-10-07T00:00:00+00:00,ionq,qpu.harmony,11,1,,,,10000000000.0,200000.0
2022-10-10T00:00:00+00:00,ionq,qpu.harmony,11,1,,,,10000000000.0,200000.0
2022-10-12T00:00:00+00:00,ionq,qpu.harmony,11,1,,,,10000000000.0,200000.0
2022-10-14T00:00:00+00:00,ionq,qpu.harmony,11,1,,,,10000000000.0,200000.0
2022-10-19T00:00:00+00:00,ionq,qpu.harmony,11,1,,,,10000000000.0,200000.0
2022-10-21T00:00:00+00:00,ionq,qpu.harmony,11,1,,,,10000000000.0,200000.0
2022-10-27T00:00:00+00:00,ionq,qpu.harmony,11,1,,,,10000000000.0,200000.0
2022-11-02T00:00:00+00:00,ionq,qpu.harmony,11,1,,,,10000000000.0,200000.0
2022-11-04T00:00:00+00:00,ionq,qpu.harmony,11,1,,,,10000000000.0,200000.0
2022-11-07T00:00:00+00:00,ionq,qpu.harmony,11,1,,,,10000000000.0,200000.0
2022-11-09T00:00:00+00:00,ionq,qpu.harmony,11,1,,,,10000000000.0,200000.0
2022-11-11T00:00:00+00:00,ionq,qpu.harmony,11,1,,,,10000000000.0,200000.0
2022-11-16T00:00:00+00:00,ionq,qpu.harmony,11,1,,,,10000000000.0,200000.0
2022-11-18T00:00:00+00:00,ionq,qpu.harmony,11,1,,,,10000000000.0,200000.0
2022-11-21T00:00:00+00:00,ionq,qpu.harmony,11,1,,,,10000000000.0,200000.0
2022-11-23T00:00:00+00:00,ionq,qpu.harmony,11,1,,,,10000000000.0,200000.0
2022-11-28T00:00:00+00:00,ionq,qpu.harmony,11,1,,,,10000000000.0,200000.0
2022-11-30T00:00:00+00:00,ionq,qpu.harmony,11,1,,,,10000000000.0,200000.0
2022-12-05T00:00:00+00:00,ionq,qpu.harmony,11,1,,,,10000000000.0,200000.0
2022-12-07T00:00:00+00:00,ionq,qpu.harmony,11,1,,,,10000000000.0,200000.0
2022-12-09T00:00:00+00:00,ionq,qpu.harmony,11,1,,,,10000000000.0,200000.0
2022-12-12T00:00:00+00:00,ionq,qpu.harmony,11,1,,,,10000000000.0,200000.0
2022-12-14T00:00:00+00:00,ionq,qpu.harmony,11,1,,,,10000000000.0,200000.0
2022-12-16T00:00:00+00:00,ionq,qpu.harmony,11,1,,,,10000000000.0,200000.0
2022-12-19T00:00:00+00:00,ionq,qpu.harmony,11,1,,,,10000000000.0,200000.0
2022-12-23T00:00:00+00:00,ionq,qpu.harmony,11,1,,,,10000000000.0,200000.0
2022-12-26T00:00:00+00:00,ionq,qpu.harmony,11,1,,,,10000000000.0,200000.0
2022-12-28T00:00:00+00:00,ionq,qpu.harmony,11,1,,,,10000000000.0,200000.0
2022-12-30T00:00:00+00:00,ionq,qpu.harmony,11,1,,,,10000000000.0,200000.0
2023-01-02T00:00:00+00:00,ionq,qpu.harmony,11,1,,,,10000000000.0,200000.0
2023-01-06T00:00:00+00:00,ionq,qpu.harmony,11,1,,,,10000000000.0,200000.0
2023-01-09T00:00:00+00:00,ionq,qpu.harmony,11,1,,,,10000000000.0,200000.0
2023-01-11T00:00:00+00:00,ionq,qpu.harmony,11,1,,,,10000000000.0,200000.0
2023-01-13T00:00:00+00:00,ionq,qpu.harmony,11,1,,,,10000000000.0,200000.0
2023-01-16T00:00:00+00:00,ionq,qpu.harmony,11,1,,,,10000000000.0,200000.0
2023-01-18T00:00:00+00:00,ionq,qpu.harmony,11,1,,,,10000000000.0,200000.0
2023-01-20T00:00:00+00:00,ionq,qpu.harmony,11,1,,,,10000000000.0,200000.0
2023-01-25T00:00:00+00:00,ionq,qpu.harmony,11,1,,,,10000000000.0,200000.0
2023-01-27T00:00:00+00:00,ionq,qpu.harmony,11,1,,,,10000000000.0,200000.0
2023-01-30T00:00:00+00:00,ionq,qpu.harmony,11,1,,,,10000000000.0,200000.0
2023-02-01T00:00:00+00:00,ionq,qpu.harmony,11,1,,,,10000000000.0,200000.0
2023-02-03T00:00:00+00:00,ionq,qpu.harmony,11,1,,,,10000000000.0,200000.0
2023-02-06T00:00:00+00:00,ionq,qpu.harmony,11,1,,,,10000000000.0,200000.0
2023-02-08T00:00:00+00:00,ionq,qpu.harmony,11,1,,,,10000000000.0,200000.0
2023-02-10T00:00:00+00:00,ionq,qpu.harmony,11,1,,,,10000000000.0,200000.0
2023-02-13T00:00:00+00:00,ionq,qpu.harmony,11,1,,,,10000000000.0,200000.0
2023-02-15T00:00:00+00:00,ionq,qpu.harmony,11,1,,,,10000000000.0,200000.0
2023-02-17T00:00:00+00:00,ionq,qpu.harmony,11,1,,,,10000000000.0,200000.0
2023-02-20T00:00:00+00:00,ionq,qpu.harmony,11,1,,,,10000000000.0,200000.0
2023-03-01T00:00:00+00:00,ionq,qpu.harmony,11,1,,,,10000000000.0,200000.0
2023-03-06T00:00:00+00:00,ionq,qpu.harmony,11,1,,,,10000000000.0,200000.0
2023-03-08T00:00:00+00:00,ionq,qpu.harmony,11,1,,,,10000000000.0,200000.0
2023-03-10T00:00:00+00:00,ionq,qpu.harmony,11,1,,,,10000000000.0,200000.0
2023-03-14T00:00:00+00:00,ionq,qpu.aria-1,25,1,,0.0992,,100000000.0,1000000.0
2023-03-15T00:00:00+00:00,ionq,qpu.harmony,11,1,,,,10000000000.0,200000.0
2023-03-17T00:00:00+00:00,ionq,qpu.harmony,11,1,,,,10000000000.0,200000.0
2023-03-19T00:00:00+00:00,ionq,qpu.aria-1,25,1,,0.0345,,100000000.0,1000000.0
2023-03-20T00:00:00+00:00,ionq,qpu.harmony,11,1,,,,10000000000.0,200000.0
2023-03-20T00:00:00+00:00,ionq,qpu.aria-1,25,1,,0.0455,,100000000.0,1000000.0
2023-03-22T00:00:00+00:00,ionq,qpu.harmony,11,1,,,,10000000000.0,200000.0
2023-03-28T00:00:00+00:00,ionq,qpu.harmony,11,1,,,,10000000000.0,200000.0
2023-03-29T00:00:00+00:00,ionq,qpu.harmony,11,1,,,,10000000000.0,200000.0
2023-03-31T00:00:00+00:00,ionq,qpu.harmony,11,1,,,,10000000000.0,200000.0
2023-04-18T00:00:00+00:00,ionq,qpu.harmony,11,1,,,0.0116,10000000000.0,200000.0
2023-04-18T00:00:00+00:00,ionq,qpu.aria-1,25,1,,0.0228,,100000000.0,1000000.0
2023-04-19T00:00:00+00:00,ionq,qpu.aria-1,25,1,,0.0228,,100000000.0,1000000.0
2023-04-20T00:00:00+00:00,ionq,qpu.aria-1,25,1,,0.0213,,100000000.0,1000000.0
2023-04-21T00:00:00+00:00,ionq,qpu.harmony,11,1,,,0.0116,10000000000.0,200000.0
2023-04-21T00:00:00+00:00,ionq,qpu.aria-1,25,1,,0.0255,,100000000.0,1000000.0
2023-04-22T00:00:00+00:00,ionq,qpu.aria-1,25,1,,0.0181,,100000000.0,1000000.0
2023-04-23T00:00:00+00:00,ionq,qpu.aria-1,25,1,,0.0144,,100000000.0,1000000.0
2023-04-24T00:00:00+00:00,ionq,qpu.harmony,11,1,,,0.0116,10000000000.0,200000.0
2023-04-24T00:00:00+00:00,ionq,qpu.aria-1,25,1,,0.0202,,100000000.0,1000000.0
2023-04-25T00:00:00+00:00,ionq,qpu.aria-1,25,1,,0.0228,,100000000.0,1000000.0
2023-04-26T00:00:00+00:00,ionq,qpu.harmony,11,1,,,0.0116,10000000000.0,200000.0
2023-04-26T00:00:00+00:00,ionq,qpu.aria-1,25,1,,0.0209,,100000000.0,1000000.0
2023-04-27T00:00:00+00:00,ionq,qpu.aria-1,25,1,,0.0193,,100000000.0,1000000.0
2023-04-28T00:00:00+00:00,ionq,qpu.harmony,11,1,,,0.0116,10000000000.0,200000.0
2023-04-28T00:00:00+00:00,ionq,qpu.aria-1,25,1,,0.0147,,100000000.0,1000000.0
2023-04-29T00:00:00+00:00,ionq,qpu.aria-1,25,1,,0.0147,,100000000.0,1000000.0
2023-04-30T00:00:00+00:00,ionq,qpu.aria-1,25,1,,0.0147,,100000000.0,1000000.0
2023-05-01T00:00:00+00:00,ionq,qpu.harmony,11,1,,,0.0116,10000000000.0,200000.0
2023-05-01T00:00:00+00:00,ionq,qpu.aria-1,25,1,,0.0144,,100000000.0,1000000.0
2023-05-02T00:00:00+00:00,ionq,qpu.aria-1,25,1,,0.0141,,100000000.0,1000000.0
2023-05-02T00:00:00+00:00,ionq,qpu.aria-2,25,1,,0.0464,,10000000.0,1500000.0
2023-05-03T00:00:00+00:00,ionq,qpu.harmony,11,1,,,0.0116,10000000000.0,200000.0
2023-05-03T00:00:00+00:00,ionq,qpu.aria-1,25,1,,0.0143,,100000000.0,1000000.0
2023-05-04T00:00:00+00:00,ionq,qpu.harmony,11,1,,,0.0068,10000000000.0,200000.0
2023-05-04T00:00:00+00:00,ionq,qpu.aria-1,25,1,,0.0145,,100000000.0,1000000.0
2023-05-04T00:00:00+00:00,ionq,qpu.aria-2,25,1,,0.0464,,10000000.0,1500000.0
2023-05-05T00:00:00+00:00,ionq,qpu.harmony,11,1,,,0.0091,10000000000.0,200000.0
2023-05-05T00:00:00+00:00,ionq,qpu.aria-1,25,1,,0.0143,,100000000.0,1000000.0
2023-05-06T00:00:00+00:00,ionq,qpu.harmony,11,1,,,0.0101,10000000000.0,200000.0
2023-05-06T00:00:00+00:00,ionq,qpu.aria-1,25,1,,0.0149,,100000000.0,1000000.0
2023-05-07T00:00:00+00:00,ionq,qpu.aria-1,25,1,,0.017,,100000000.0,1000000.0
2023-05-07T00:00:00+00:00,ionq,qpu.aria-2,25,1,,0.0399,,10000000.0,1500000.0
2023-05-08T00:00:00+00:00,ionq,qpu.aria-2,25,1,,0.0409,,10000000.0,1500000.0
2023-05-09T00:00:00+00:00,ionq,qpu.harmony,11,1,,,0.0053,10000000000.0,200000.0
2023-05-09T00:00:00+00:00,ionq,qpu.aria-2,25,1,,0.0348,,10000000.0,1500000.0
2023-05-10T00:00:00+00:00,ionq,qpu.harmony,11,1,,,0.0053,10000000000.0,200000.0
2023-05-10T00:00:00+00:00,ionq,qpu.aria-2,25,1,,0.0286,,10000000.0,1500000.0
2023-05-11T00:00:00+00:00,ionq,qpu.harmony,11,1,,,0.0074,10000000000.0,200000.0
2023-05-11T00:00:00+00:00,ionq,qpu.aria-2,25,1,,0.024,,10000000.0,1500000.0
2023-05-12T00:00:00+00:00,ionq,qpu.harmony,11,1,,,0.0058,10000000000.0,200000.0
2023-05-12T00:00:00+00:00,ionq,qpu.aria-2,25,1,,0.0311,,10000000.0,1500000.0
2023-05-13T00:00:00+00:00,ionq,qpu.harmony,11,1,,,0.0045,10000000000.0,200000.0
2023-05-13T00:00:00+00:00,ionq,qpu.aria-2,25,1,,0.031,,10000000.0,1500000.0
2023-05-15T00:00:00+00:00,ionq,qpu.harmony,11,1,,,0.0045,10000000000.0,200000.0
2023-05-16T00:00:00+00:00,ionq,qpu.harmony,11,1,,,0.0045,10000000000.0,200000.0
2023-05-18T00:00:00+00:00,ionq,qpu.harmony,11,1,,,0.0046,10000000000.0,200000.0
2023-05-18T00:00:00+00:00,ionq,qpu.aria-1,25,1,,0.0116,0.0042,100000000.0,1000000.0
2023-05-19T00:00:00+00:00,ionq,qpu.harmony,11,1,,,0.0099,10000000000.0,200000.0
2023-05-20T00:00:00+00:00,ionq,qpu.harmony,11,1,,,0.0113,10000000000.0,200000.0
2023-05-22T00:00:00+00:00,ionq,qpu.harmony,11,1,,,0.0052,10000000000.0,200000.0
2023-05-23T00:00:00+00:00,ionq,qpu.harmony,11,1,,,0.0035,10000000000.0,200000.0
2023-05-23T00:00:00+00:00,ionq,qpu.aria-1,25,1,,0.0116,0.0078,100000000.0,1000000.0
2023-05-24T00:00:00+00:00,ionq,qpu.harmony,11,1,,,0.0048,10000000000.0,200000.0
2023-05-24T00:00:00+00:00,ionq,qpu.aria-1,25,1,,0.0116,0.0078,100000000.0,1000000.0
2023-05-25T00:00:00+00:00,ionq,qpu.harmony,11,1,,,0.0047,10000000000.0,200000.0
2023-05-26T00:00:00+00:00,ionq,qpu.harmony,11,1,,,0.005,10000000000.0,200000.0
2023-05-26T00:00:00+00:00,ionq,qpu.aria-1,25,1,,0.0116,0.0078,100000000.0,1000000.0
2023-05-27T00:00:00+00:00,ionq,qpu.harmony,11,1,,,0.0061,10000000000.0,200000.0
2023-05-27T00:00:00+00:00,ionq,qpu.aria-1,25,1,,0.0112,0.0913,100000000.0,1000000.0
2023-05-28T00:00:00+00:00,ionq,qpu.aria-1,25,1,,0.0112,0.0913,100000000.0,1000000.0
2023-05-29T00:00:00+00:00,ionq,qpu.harmony,11,1,,,0.0077,10000000000.0,200000.0
2023-05-29T00:00:00+00:00,ionq,qpu.aria-1,25,1,,0.0117,0.0913,100000000.0,1000000.0
2023-05-30T00:00:00+00:00,ionq,qpu.harmony,11,1,,,0.0062,10000000000.0,200000.0
2023-05-30T00:00:00+00:00,ionq,qpu.aria-1,25,1,,0.0293,0.0065,100000000.0,1000000.0
2023-05-31T00:00:00+00:00,ionq,qpu.harmony,11,1,,,0.007,10000000000.0,200000.0
2023-05-31T00:00:00+00:00,ionq,qpu.aria-1,25,1,,0.0117,0.0065,100000000.0,1000000.0
2023-06-01T00:00:00+00:00,ionq,qpu.harmony,11,1,,,0.0053,10000000000.0,200000.0
2023-06-01T00:00:00+00:00,ionq,qpu.aria-1,25,1,,0.0131,,100000000.0,1000000.0
2023-06-02T00:00:00+00:00,ionq,qpu.harmony,11,1,,,0.0048,10000000000.0,200000.0
2023-06-02T00:00:00+00:00,ionq,qpu.aria-1,25,1,,0.014,0.0058,100000000.0,1000000.0
2023-06-03T00:00:00+00:00,ionq,qpu.harmony,11,1,,,0.0044,10000000000.0,200000.0
2023-06-03T00:00:00+00:00,ionq,qpu.aria-1,25,1,,0.0191,0.0058,100000000.0,1000000.0
2023-06-05T00:00:00+00:00,ionq,qpu.harmony,11,1,,,0.0054,10000000000.0,200000.0
2023-06-05T00:00:00+00:00,ionq,qpu.aria-1,25,1,,0.0134,0.0058,100000000.0,1000000.0
2023-06-06T00:00:00+00:00,ionq,qpu.harmony,11,1,,,0.004,10000000000.0,200000.0
2023-06-06T00:00:00+00:00,ionq,qpu.aria-1,25,1,,0.0133,0.3362,100000000.0,1000000.0
2023-06-07T00:00:00+00:00,ionq,qpu.harmony,11,1,,,0.0037,10000000000.0,200000.0
2023-06-07T00:00:00+00:00,ionq,qpu.aria-1,25,1,,0.0135,0.3362,100000000.0,1000000.0
2023-06-08T00:00:00+00:00,ionq,qpu.harmony,11,1,,,0.0039,10000000000.0,200000.0
2023-06-08T00:00:00+00:00,ionq,qpu.aria-1,25,1,,0.0102,0.3362,100000000.0,1000000.0
2023-06-09T00:00:00+00:00,ionq,qpu.harmony,11,1,,,0.0048,10000000000.0,200000.0
2023-06-09T00:00:00+00:00,ionq,qpu.aria-1,25,1,,0.0126,0.0058,100000000.0,1000000.0
2023-06-10T00:00:00+00:00,ionq,qpu.harmony,11,1,,,0.004,10000000000.0,200000.0
2023-06-10T00:00:00+00:00,ionq,qpu.aria-1,25,1,,0.0168,0.0062,100000000.0,1000000.0
2023-06-11T00:00:00+00:00,ionq,qpu.aria-2,25,1,,0.0212,,10000000.0,1500000.0
2023-06-12T00:00:00+00:00,ionq,qpu.harmony,11,1,,,0.004,10000000000.0,200000.0
2023-06-12T00:00:00+00:00,ionq,qpu.aria-1,25,1,,0.0125,0.0062,100000000.0,1000000.0
2023-06-12T00:00:00+00:00,ionq,qpu.aria-2,25,1,,0.0382,,10000000.0,1500000.0
2023-06-13T00:00:00+00:00,ionq,qpu.harmony,11,1,,,0.004,10000000000.0,200000.0
2023-06-13T00:00:00+00:00,ionq,qpu.aria-1,25,1,,0.0125,,100000000.0,1000000.0
2023-06-13T00:00:00+00:00,ionq,qpu.aria-2,25,1,,0.0549,,10000000.0,1500000.0
2023-06-14T00:00:00+00:00,ionq,qpu.harmony,11,1,,,0.0039,10000000000.0,200000.0
2023-06-14T00:00:00+00:00,ionq,qpu.forte-1,36,1,,,,100000000.0,1000000.0
2023-06-14T00:00:00+00:00,ionq,qpu.aria-1,25,1,,0.0169,,100000000.0,1000000.0
2023-06-14T00:00:00+00:00,ionq,qpu.aria-2,25,1,,0.0276,,10000000.0,1500000.0
2023-06-15T00:00:00+00:00,ionq,qpu.harmony,11,1,,,0.0049,10000000000.0,200000.0
2023-06-15T00:00:00+00:00,ionq,qpu.forte-1,36,1,,,,100000000.0,1000000.0
2023-06-15T00:00:00+00:00,ionq,qpu.aria-1,25,1,,0.0127,,100000000.0,1000000.0
2023-06-15T00:00:00+00:00,ionq,qpu.aria-2,25,1,,0.0541,,10000000.0,1500000.0
2023-06-16T00:00:00+00:00,ionq,qpu.harmony,11,1,,,0.004,10000000000.0,200000.0
2023-06-16T00:00:00+00:00,ionq,qpu.aria-1,25,1,,0.0117,,100000000.0,1000000.0
2023-06-16T00:00:00+00:00,ionq,qpu.aria-2,25,1,,0.0178,,10000000.0,1500000.0
2023-06-17T00:00:00+00:00,ionq,qpu.harmony,11,1,,,0.0043,10000000000.0,200000.0
2023-06-17T00:00:00+00:00,ionq,qpu.aria-1,25,1,,0.0171,,100000000.0,1000000.0
2023-06-17T00:00:00+00:00,ionq,qpu.aria-2,25,1,,0.0174,,10000000.0,1500000.0
2023-06-18T00:00:00+00:00,ionq,qpu.aria-1,25,1,,0.0092,,100000000.0,1000000.0
2023-06-18T00:00:00+00:00,ionq,qpu.aria-2,25,1,,0.0304,,10000000.0,1500000.0
2023-06-19T00:00:00+00:00,ionq,qpu.harmony,11,1,,,0.0045,10000000000.0,200000.0
2023-06-19T00:00:00+00:00,ionq,qpu.aria-1,25,1,,0.0092,,100000000.0,1000000.0
2023-06-20T00:00:00+00:00,ionq,qpu.harmony,11,1,,,0.0048,10000000000.0,200000.0
2023-06-20T00:00:00+00:00,ionq,qpu.aria-1,25,1,,0.0096,,100000000.0,1000000.0
2023-06-20T00:00:00+00:00,ionq,qpu.aria-2,25,1,,0.0171,,10000000.0,1500000.0
2023-06-21T00:00:00+00:00,ionq,qpu.harmony,11,1,,,0.0066,10000000000.0,200000.0
2023-06-21T00:00:00+00:00,ionq,qpu.aria-1,25,1,,0.013,,100000000.0,1000000.0
2023-06-21T00:00:00+00:00,ionq,qpu.aria-2,25,1,,0.0275,,10000000.0,1500000.0
2023-06-22T00:00:00+00:00,ionq,qpu.harmony,11,1,,,0.0054,10000000000.0,200000.0
2023-06-22T00:00:00+00:00,ionq,qpu.aria-1,25,1,,0.013,,100000000.0,1000000.0
2023-06-22T00:00:00+00:00,ionq,qpu.aria-2,25,1,,0.0213,,10000000.0,1500000.0
2023-06-23T00:00:00+00:00,ionq,qpu.harmony,11,1,,,0.0057,10000000000.0,200000.0
2023-06-23T00:00:00+00:00,ionq,qpu.aria-2,25,1,,0.0163,,10000000.0,1500000.0
2023-06-24T00:00:00+00:00,ionq,qpu.harmony,11,1,,,0.0046,10000000000.0,200000.0
2023-06-24T00:00:00+00:00,ionq,qpu.aria-1,25,1,,0.013,,100000000.0,1000000.0
2023-06-25T00:00:00+00:00,ionq,qpu.harmony,11,1,,,0.0044,10000000000.0,200000.0
2023-06-26T00:00:00+00:00,ionq,qpu.harmony,11,1,,,0.0043,10000000000.0,200000.0
2023-06-26T00:00:00+00:00,ionq,qpu.aria-1,25,1,,0.0121,0.0058,100000000.0,1000000.0
2023-06-27T00:00:00+00:00,ionq,qpu.harmony,11,1,,,0.0043,10000000000.0,200000.0
2023-06-27T00:00:00+00:00,ionq,qpu.forte-1,36,1,,,,100000000.0,1000000.0
2023-06-27T00:00:00+00:00,ionq,qpu.aria-1,25,1,,0.0116,0.0057,100000000.0,1000000.0
2023-06-28T00:00:00+00:00,ionq,qpu.harmony,11,1,,,0.0038,10000000000.0,200000.0
2023-06-28T00:00:00+00:00,ionq,qpu.aria-1,25,1,,0.0198,0.0057,100000000.0,1000000.0
2023-06-29T00:00:00+00:00,ionq,qpu.harmony,11,1,,,0.0039,10000000000.0,200000.0
2023-06-29T00:00:00+00:00,ionq,qpu.aria-1,25,1,,0.0141,0.0057,100000000.0,1000000.0
2023-06-30T00:00:00+00:00,ionq,qpu.harmony,11,1,,,0.0045,10000000000.0,200000.0
2023-06-30T00:00:00+00:00,ionq,qpu.aria-1,25,1,,0.0131,0.0057,100000000.0,1000000.0
2023-07-01T00:00:00+00:00,ionq,qpu.harmony,11,1,,,0.0061,10000000000.0,200000.0
2023-07-01T00:00:00+00:00,ionq,qpu.aria-1,25,1,,0.0149,0.0057,100000000.0,1000000.0
2023-07-02T00:00:00+00:00,ionq,qpu.harmony,11,1,,,0.006,10000000000.0,200000.0
2023-07-03T00:00:00+00:00,ionq,qpu.harmony,11,1,,,0.0051,10000000000.0,200000.0
2023-07-03T00:00:00+00:00,ionq,qpu.aria-2,25,1,,0.0176,,10000000.0,1500000.0
2023-07-04T00:00:00+00:00,ionq,qpu.aria-2,25,1,,0.0156,,10000000.0,1500000.0
2023-07-05T00:00:00+00:00,ionq,qpu.harmony,11,1,,,0.006,10000000000.0,200000.0
2023-07-05T00:00:00+00:00,ionq,qpu.aria-1,25,1,,0.0124,0.0057,100000000.0,1000000.0
2023-07-05T00:00:00+00:00,ionq,qpu.aria-2,25,1,,0.0154,,10000000.0,1500000.0
2023-07-06T00:00:00+00:00,ionq,qpu.harmony,11,1,,,0.0048,10000000000.0,200000.0
2023-07-06T00:00:00+00:00,ionq,qpu.aria-1,25,1,,0.0132,,100000000.0,1000000.0
2023-07-06T00:00:00+00:00,ionq,qpu.aria-2,25,1,,0.0179,,10000000.0,1500000.0
2023-07-07T00:00:00+00:00,ionq,qpu.harmony,11,1,,,0.0056,10000000000.0,200000.0
2023-07-07T00:00:00+00:00,ionq,qpu.aria-1,25,1,,0.0144,,100000000.0,1000000.0
2023-07-08T00:00:00+00:00,ionq,qpu.harmony,11,1,,,0.0041,10000000000.0,200000.0
2023-07-08T00:00:00+00:00,ionq,qpu.aria-1,25,1,,0.0093,,100000000.0,1000000.0
2023-07-09T00:00:00+00:00,ionq,qpu.harmony,11,1,,,0.004,10000000000.0,200000.0
2023-07-09T00:00:00+00:00,ionq,qpu.aria-2,25,1,,0.0138,,10000000.0,1500000.0
2023-07-10T00:00:00+00:00,ionq,qpu.harmony,11,1,,,0.004,10000000000.0,200000.0
2023-07-10T00:00:00+00:00,ionq,qpu.aria-1,25,1,,0.0109,0.0059,100000000.0,1000000.0
2023-07-10T00:00:00+00:00,ionq,qpu.aria-2,25,1,,0.0148,,10000000.0,1500000.0
2023-07-11T00:00:00+00:00,ionq,qpu.harmony,11,1,,,0.0038,10000000000.0,200000.0
2023-07-11T00:00:00+00:00,ionq,qpu.aria-1,25,1,,0.0157,0.0059,100000000.0,1000000.0
2023-07-11T00:00:00+00:00,ionq,qpu.aria-2,25,1,,0.016,,10000000.0,1500000.0
2023-07-12T00:00:00+00:00,ionq,qpu.harmony,11,1,,,0.0036,10000000000.0,200000.0
2023-07-12T00:00:00+00:00,ionq,qpu.aria-1,25,1,,0.0122,0.0059,100000000.0,1000000.0
2023-07-13T00:00:00+00:00,ionq,qpu.harmony,11,1,,,0.004,10000000000.0,200000.0
2023-07-13T00:00:00+00:00,ionq,qpu.aria-1,25,1,,0.0117,0.0059,100000000.0,1000000.0
2023-07-14T00:00:00+00:00,ionq,qpu.harmony,11,1,,,0.004,10000000000.0,200000.0
2023-07-14T00:00:00+00:00,ionq,qpu.forte-1,36,1,,,,100000000.0,1000000.0
2023-07-14T00:00:00+00:00,ionq,qpu.aria-1,25,1,,0.039,0.0066,100000000.0,1000000.0
2023-07-15T00:00:00+00:00,ionq,qpu.harmony,11,1,,,0.0042,10000000000.0,200000.0
2023-07-15T00:00:00+00:00,ionq,qpu.aria-1,25,1,,0.0142,0.0066,100000000.0,1000000.0
2023-07-16T00:00:00+00:00,ionq,qpu.harmony,11,1,,,0.0042,10000000000.0,200000.0
2023-07-17T00:00:00+00:00,ionq,qpu.harmony,11,1,,,0.005,10000000000.0,200000.0
2023-07-17T00:00:00+00:00,ionq,qpu.aria-1,25,1,,0.0119,0.0066,100000000.0,1000000.0
2023-07-18T00:00:00+00:00,ionq,qpu.harmony,11,1,,,0.0084,10000000000.0,200000.0
2023-07-18T00:00:00+00:00,ionq,qpu.aria-1,25,1,,0.0155,0.0066,100000000.0,1000000.0
2023-07-19T00:00:00+00:00,ionq,qpu.aria-1,25,1,,0.012,0.0066,100000000.0,1000000.0
2023-07-20T00:00:00+00:00,ionq,qpu.aria-1,25,1,,0.0151,0.0066,100000000.0,1000000.0
2023-07-21T00:00:00+00:00,ionq,qpu.aria-1,25,1,,0.0448,0.0063,100000000.0,1000000.0
2023-07-24T00:00:00+00:00,ionq,qpu.harmony,11,1,,,0.0068,10000000000.0,200000.0
2023-07-24T00:00:00+00:00,ionq,qpu.aria-1,25,1,,0.0107,0.0063,100000000.0,1000000.0
2023-07-25T00:00:00+00:00,ionq,qpu.harmony,11,1,,,0.0059,10000000000.0,200000.0
2023-07-25T00:00:00+00:00,ionq,qpu.aria-1,25,1,,0.0165,0.0061,100000000.0,1000000.0
2023-07-26T00:00:00+00:00,ionq,qpu.harmony,11,1,,,0.0051,10000000000.0,200000.0
2023-07-26T00:00:00+00:00,ionq,qpu.aria-1,25,1,,0.0129,0.0061,100000000.0,1000000.0
2023-07-27T00:00:00+00:00,ionq,qpu.harmony,11,1,,,0.0047,10000000000.0,200000.0
2023-07-27T00:00:00+00:00,ionq,qpu.aria-1,25,1,,0.0092,0.0127,100000000.0,1000000.0
2023-07-28T00:00:00+00:00,ionq,qpu.harmony,11,1,,,0.005,10000000000.0,200000.0
2023-07-28T00:00:00+00:00,ionq,qpu.aria-1,25,1,,0.0092,0.0127,100000000.0,1000000.0
2023-07-29T00:00:00+00:00,ionq,qpu.harmony,11,1,,,0.0048,10000000000.0,200000.0
2023-07-29T00:00:00+00:00,ionq,qpu.aria-1,25,1,,0.0143,0.0127,100000000.0,1000000.0
2023-07-30T00:00:00+00:00,ionq,qpu.harmony,11,1,,,0.0048,10000000000.0,200000.0
2023-07-31T00:00:00+00:00,ionq,qpu.harmony,11,1,,,0.0064,10000000000.0,200000.0
2023-07-31T00:00:00+00:00,ionq,qpu.forte-1,36,1,,,,100000000.0,1000000.0
2023-07-31T00:00:00+00:00,ionq,qpu.aria-1,25,1,,0.0143,0.0127,100000000.0,1000000.0
2023-08-01T00:00:00+00:00,ionq,qpu.harmony,11,1,,,0.0047,10000000000.0,200000.0
2023-08-02T00:00:00+00:00,ionq,qpu.harmony,11,1,,,0.0048,10000000000.0,200000.0
2023-08-03T00:00:00+00:00,ionq,qpu.harmony,11,1,,,0.0053,10000000000.0,200000.0
2023-08-03T00:00:00+00:00,ionq,qpu.aria-1,25,1,,0.0162,0.0127,100000000.0,1000000.0
2023-08-04T00:00:00+00:00,ionq,qpu.harmony,11,1,,,0.0049,10000000000.0,200000.0
2023-08-04T00:00:00+00:00,ionq,qpu.aria-1,25,1,,0.0137,0.0073,100000000.0,1000000.0
2023-08-05T00:00:00+00:00,ionq,qpu.harmony,11,1,,,0.0059,10000000000.0,200000.0
2023-08-05T00:00:00+00:00,ionq,qpu.aria-1,25,1,,0.0214,0.0057,100000000.0,1000000.0
2023-08-05T00:00:00+00:00,ionq,qpu.aria-2,25,1,,0.0226,,10000000.0,1500000.0
2023-08-06T00:00:00+00:00,ionq,qpu.harmony,11,1,,,0.0062,10000000000.0,200000.0
2023-08-06T00:00:00+00:00,ionq,qpu.aria-2,25,1,,0.0565,,10000000.0,1500000.0
2023-08-07T00:00:00+00:00,ionq,qpu.harmony,11,1,,,0.0062,10000000000.0,200000.0
2023-08-07T00:00:00+00:00,ionq,qpu.aria-1,25,1,,0.0187,0.0057,100000000.0,1000000.0
2023-08-07T00:00:00+00:00,ionq,qpu.aria-2,25,1,,0.0331,,10000000.0,1500000.0
2023-08-08T00:00:00+00:00,ionq,qpu.harmony,11,1,,,0.005,10000000000.0,200000.0
2023-08-08T00:00:00+00:00,ionq,qpu.aria-1,25,1,,0.0187,0.0057,100000000.0,1000000.0
2023-08-08T00:00:00+00:00,ionq,qpu.aria-2,25,1,,0.0339,,10000000.0,1500000.0
2023-08-09T00:00:00+00:00,ionq,qpu.harmony,11,1,,,0.0048,10000000000.0,200000.0
2023-08-09T00:00:00+00:00,ionq,qpu.aria-1,25,1,,0.0132,0.0061,100000000.0,1000000.0
2023-08-09T00:00:00+00:00,ionq,qpu.aria-2,25,1,,0.0494,,10000000.0,1500000.0
2023-08-10T00:00:00+00:00,ionq,qpu.harmony,11,1,,,0.0051,10000000000.0,200000.0
2023-08-10T00:00:00+00:00,ionq,qpu.forte-1,36,1,,,,100000000.0,1000000.0
2023-08-10T00:00:00+00:00,ionq,qpu.aria-1,25,1,,0.0161,0.0061,100000000.0,1000000.0
2023-08-10T00:00:00+00:00,ionq,qpu.aria-2,25,1,,0.0384,,10000000.0,1500000.0
2023-08-11T00:00:00+00:00,ionq,qpu.harmony,11,1,,,0.0048,10000000000.0,200000.0
2023-08-11T00:00:00+00:00,ionq,qpu.aria-1,25,1,,0.0163,0.0061,100000000.0,1000000.0
2023-08-11T00:00:00+00:00,ionq,qpu.aria-2,25,1,,0.0531,,10000000.0,1500000.0
2023-08-12T00:00:00+00:00,ionq,qpu.harmony,11,1,,,0.0057,10000000000.0,200000.0
2023-08-12T00:00:00+00:00,ionq,qpu.aria-1,25,1,,0.015,,100000000.0,1000000.0
2023-08-13T00:00:00+00:00,ionq,qpu.harmony,11,1,,,0.0044,10000000000.0,200000.0
2023-08-14T00:00:00+00:00,ionq,qpu.harmony,11,1,,,0.0054,10000000000.0,200000.0
2023-08-15T00:00:00+00:00,ionq,qpu.harmony,11,1,,,0.0055,10000000000.0,200000.0
2023-08-15T00:00:00+00:00,ionq,qpu.forte-1,36,1,,,,100000000.0,1000000.0
2023-08-15T00:00:00+00:00,ionq,qpu.aria-1,25,1,,0.0102,,100000000.0,1000000.0
2023-08-16T00:00:00+00:00,ionq,qpu.harmony,11,1,,,0.0051,10000000000.0,200000.0
2023-08-16T00:00:00+00:00,ionq,qpu.aria-1,25,1,,0.0102,,100000000.0,1000000.0
2023-08-17T00:00:00+00:00,ionq,qpu.harmony,11,1,,,0.0072,10000000000.0,200000.0
2023-08-17T00:00:00+00:00,ionq,qpu.forte-1,36,1,,,,100000000.0,1000000.0
2023-08-17T00:00:00+00:00,ionq,qpu.aria-1,25,1,,0.0145,,100000000.0,1000000.0
2023-08-18T00:00:00+00:00,ionq,qpu.harmony,11,1,,,0.0056,10000000000.0,200000.0
2023-08-18T00:00:00+00:00,ionq,qpu.aria-1,25,1,,0.0138,0.0096,100000000.0,1000000.0
2023-08-19T00:00:00+00:00,ionq,qpu.aria-1,25,1,,0.0152,0.0122,100000000.0,1000000.0
2023-08-19T00:00:00+00:00,ionq,qpu.aria-2,25,1,,0.0285,,10000000.0,1500000.0
2023-08-20T00:00:00+00:00,ionq,qpu.aria-1,25,1,,0.0174,0.0122,100000000.0,1000000.0
2023-08-20T00:00:00+00:00,ionq,qpu.aria-2,25,1,,0.0334,,10000000.0,1500000.0
2023-08-21T00:00:00+00:00,ionq,qpu.harmony,11,1,,,0.0053,10000000000.0,200000.0
2023-08-21T00:00:00+00:00,ionq,qpu.aria-1,25,1,,0.0261,0.0122,100000000.0,1000000.0
2023-08-21T00:00:00+00:00,ionq,qpu.aria-2,25,1,,0.0381,,10000000.0,1500000.0
2023-08-22T00:00:00+00:00,ionq,qpu.harmony,11,1,,,0.005,10000000000.0,200000.0
2023-08-22T00:00:00+00:00,ionq,qpu.aria-1,25,1,,0.0192,0.0092,100000000.0,1000000.0
2023-08-22T00:00:00+00:00,ionq,qpu.aria-2,25,1,,0.0254,,10000000.0,1500000.0
2023-08-23T00:00:00+00:00,ionq,qpu.harmony,11,1,,,0.0043,10000000000.0,200000.0
2023-08-23T00:00:00+00:00,ionq,qpu.aria-1,25,1,,0.0185,0.0092,100000000.0,1000000.0
2023-08-23T00:00:00+00:00,ionq,qpu.aria-2,25,1,,0.0296,,10000000.0,1500000.0
2023-08-24T00:00:00+00:00,ionq,qpu.harmony,11,1,,,0.0049,10000000000.0,200000.0
2023-08-25T00:00:00+00:00,ionq,qpu.harmony,11,1,,,0.0062,10000000000.0,200000.0
2023-08-25T00:00:00+00:00,ionq,qpu.forte-1,36,1,,,,100000000.0,1000000.0
2023-08-25T00:00:00+00:00,ionq,qpu.aria-1,25,1,,0.0186,0.0079,100000000.0,1000000.0
2023-08-25T00:00:00+00:00,ionq,qpu.aria-2,25,1,,0.0261,,10000000.0,1500000.0
2023-08-26T00:00:00+00:00,ionq,qpu.harmony,11,1,,,0.0049,10000000000.0,200000.0
2023-08-26T00:00:00+00:00,ionq,qpu.forte-1,36,1,,0.0106,0.3363,100000000.0,1000000.0
2023-08-26T00:00:00+00:00,ionq,qpu.aria-1,25,1,,0.0233,0.0079,100000000.0,1000000.0
2023-08-26T00:00:00+00:00,ionq,qpu.aria-2,25,1,,0.0576,,10000000.0,1500000.0
2023-08-27T00:00:00+00:00,ionq,qpu.forte-1,36,1,,0.0106,0.3363,100000000.0,1000000.0
2023-08-27T00:00:00+00:00,ionq,qpu.aria-1,25,1,,0.1521,0.0079,100000000.0,1000000.0
2023-08-28T00:00:00+00:00,ionq,qpu.harmony,11,1,,,0.0056,10000000000.0,200000.0
2023-08-28T00:00:00+00:00,ionq,qpu.forte-1,36,1,,0.0106,0.3363,100000000.0,1000000.0
2023-08-28T00:00:00+00:00,ionq,qpu.aria-1,25,1,,,0.0079,100000000.0,1000000.0
2023-08-29T00:00:00+00:00,ionq,qpu.harmony,11,1,,,0.0056,10000000000.0,200000.0
2023-08-29T00:00:00+00:00,ionq,qpu.aria-1,25,1,,0.0526,0.0075,100000000.0,1000000.0
2023-08-29T00:00:00+00:00,ionq,qpu.aria-2,25,1,,0.0323,,10000000.0,1500000.0
2023-08-30T00:00:00+00:00,ionq,qpu.harmony,11,1,,,0.0059,10000000000.0,200000.0
2023-08-30T00:00:00+00:00,ionq,qpu.aria-2,25,1,,0.0288,,10000000.0,1500000.0
2023-08-31T00:00:00+00:00,ionq,qpu.harmony,11,1,,,0.0041,10000000000.0,200000.0
2023-08-31T00:00:00+00:00,ionq,qpu.aria-2,25,1,,0.0307,0.0026,10000000.0,1500000.0
2023-09-01T00:00:00+00:00,ionq,qpu.harmony,11,1,,,0.0054,10000000000.0,200000.0
2023-09-01T00:00:00+00:00,ionq,qpu.aria-2,25,1,,0.0262,0.0026,10000000.0,1500000.0
2023-09-02T00:00:00+00:00,ionq,qpu.harmony,11,1,,,0.005,10000000000.0,200000.0
2023-09-03T00:00:00+00:00,ionq,qpu.harmony,11,1,,,0.006,10000000000.0,200000.0
2023-09-04T00:00:00+00:00,ionq,qpu.aria-2,25,1,,0.0303,0.0026,10000000.0,1500000.0
2023-09-05T00:00:00+00:00,ionq,qpu.harmony,11,1,,,0.0062,10000000000.0,200000.0
2023-09-05T00:00:00+00:00,ionq,qpu.aria-2,25,1,,0.0369,0.0026,10000000.0,1500000.0
2023-09-06T00:00:00+00:00,ionq,qpu.harmony,11,1,,,0.0055,10000000000.0,200000.0
2023-09-07T00:00:00+00:00,ionq,qpu.harmony,11,1,,,0.0042,10000000000.0,200000.0
2023-09-08T00:00:00+00:00,ionq,qpu.harmony,11,1,,,0.0057,10000000000.0,200000.0
2023-09-09T00:00:00+00:00,ionq,qpu.harmony,11,1,,,0.0043,10000000000.0,200000.0
2023-09-10T00:00:00+00:00,ionq,qpu.harmony,11,1,,,0.0052,10000000000.0,200000.0
2023-09-11T00:00:00+00:00,ionq,qpu.harmony,11,1,,,0.0065,10000000000.0,200000.0
2023-09-11T00:00:00+00:00,ionq,qpu.aria-2,25,1,,0.1292,0.0026,10000000.0,1500000.0
2023-09-12T00:00:00+00:00,ionq,qpu.harmony,11,1,,,0.0059,10000000000.0,200000.0
2023-09-12T00:00:00+00:00,ionq,qpu.aria-2,25,1,,0.1088,0.0026,10000000.0,1500000.0
2023-09-13T00:00:00+00:00,ionq,qpu.harmony,11,1,,,0.0037,10000000000.0,200000.0
2023-09-13T00:00:00+00:00,ionq,qpu.aria-2,25,1,,0.0301,0.0026,10000000.0,1500000.0
2023-09-14T00:00:00+00:00,ionq,qpu.harmony,11,1,,,0.0031,10000000000.0,200000.0
2023-09-14T00:00:00+00:00,ionq,qpu.aria-1,25,1,,0.0526,0.0075,100000000.0,1000000.0
2023-09-15T00:00:00+00:00,ionq,qpu.harmony,11,1,,,0.0036,10000000000.0,200000.0
2023-09-16T00:00:00+00:00,ionq,qpu.harmony,11,1,,,0.0032,10000000000.0,200000.0
2023-09-18T00:00:00+00:00,ionq,qpu.harmony,11,1,,,0.0031,10000000000.0,200000.0
2023-09-19T00:00:00+00:00,ionq,qpu.harmony,11,1,,,0.0033,10000000000.0,200000.0
2023-09-20T00:00:00+00:00,ionq,qpu.harmony,11,1,,,0.0032,10000000000.0,200000.0
2023-09-20T00:00:00+00:00,ionq,qpu.aria-1,25,1,,0.0526,0.0075,100000000.0,1000000.0
2023-09-20T00:00:00+00:00,ionq,qpu.aria-2,25,1,,0.0301,0.0026,10000000.0,1500000.0
2023-09-21T00:00:00+00:00,ionq,qpu.harmony,11,1,,,0.0038,10000000000.0,200000.0
2023-09-21T00:00:00+00:00,ionq,qpu.aria-1,25,1,,0.0492,0.0075,100000000.0,1000000.0
2023-09-21T00:00:00+00:00,ionq,qpu.aria-2,25,1,,0.0284,0.0026,10000000.0,1500000.0
2023-09-22T00:00:00+00:00,ionq,qpu.harmony,11,1,,,0.004,10000000000.0,200000.0
2023-09-22T00:00:00+00:00,ionq,qpu.aria-1,25,1,,0.0656,0.0075,100000000.0,1000000.0
2023-09-22T00:00:00+00:00,ionq,qpu.aria-2,25,1,,0.0427,0.0026,10000000.0,1500000.0
2023-09-23T00:00:00+00:00,ionq,qpu.harmony,11,1,,,0.005,10000000000.0,200000.0
2023-09-23T00:00:00+00:00,ionq,qpu.aria-1,25,1,,0.0643,0.0075,100000000.0,1000000.0
2023-09-23T00:00:00+00:00,ionq,qpu.aria-2,25,1,,0.0356,0.0029,10000000.0,1500000.0
2023-09-24T00:00:00+00:00,ionq,qpu.harmony,11,1,,,0.0039,10000000000.0,200000.0
2023-09-24T00:00:00+00:00,ionq,qpu.aria-1,25,1,,0.0498,,100000000.0,1000000.0
2023-09-24T00:00:00+00:00,ionq,qpu.aria-2,25,1,,0.0381,0.0029,10000000.0,1500000.0
2023-09-25T00:00:00+00:00,ionq,qpu.harmony,11,1,,,0.0035,10000000000.0,200000.0
2023-09-25T00:00:00+00:00,ionq,qpu.aria-1,25,1,,0.0221,,100000000.0,1000000.0
2023-09-25T00:00:00+00:00,ionq,qpu.aria-2,25,1,,0.0351,0.0029,10000000.0,1500000.0
2023-09-26T00:00:00+00:00,ionq,qpu.harmony,11,1,,,0.0043,10000000000.0,200000.0
2023-09-26T00:00:00+00:00,ionq,qpu.aria-1,25,1,,0.0221,,100000000.0,1000000.0
2023-09-26T00:00:00+00:00,ionq,qpu.aria-2,25,1,,0.0328,0.0029,10000000.0,1500000.0
2023-09-27T00:00:00+00:00,ionq,qpu.harmony,11,1,,,0.0043,10000000000.0,200000.0
2023-09-27T00:00:00+00:00,ionq,qpu.aria-1,25,1,,0.0356,,100000000.0,1000000.0
2023-09-28T00:00:00+00:00,ionq,qpu.harmony,11,1,,,0.0041,10000000000.0,200000.0
2023-09-28T00:00:00+00:00,ionq,qpu.aria-1,25,1,,0.0695,0.011,100000000.0,1000000.0
2023-09-28T00:00:00+00:00,ionq,qpu.aria-2,25,1,,0.0237,0.0029,10000000.0,1500000.0
2023-09-29T00:00:00+00:00,ionq,qpu.harmony,11,1,,,0.0037,10000000000.0,200000.0
2023-09-29T00:00:00+00:00,ionq,qpu.aria-2,25,1,,0.0386,0.0086,10000000.0,1500000.0
2023-09-30T00:00:00+00:00,ionq,qpu.harmony,11,1,,,0.0034,10000000000.0,200000.0
2023-09-30T00:00:00+00:00,ionq,qpu.aria-1,25,1,,0.0695,0.011,100000000.0,1000000.0
2023-10-01T00:00:00+00:00,ionq,qpu.harmony,11,1,,,0.0044,10000000000.0,200000.0
2023-10-02T00:00:00+00:00,ionq,qpu.harmony,11,1,,,0.0039,10000000000.0,200000.0
2023-10-02T00:00:00+00:00,ionq,qpu.aria-1,25,1,,0.0695,0.011,100000000.0,1000000.0
2023-10-03T00:00:00+00:00,ionq,qpu.harmony,11,1,,,0.0043,10000000000.0,200000.0
2023-10-03T00:00:00+00:00,ionq,qpu.aria-1,25,1,,0.0343,0.011,100000000.0,1000000.0
2023-10-04T00:00:00+00:00,ionq,qpu.harmony,11,1,,,0.0057,10000000000.0,200000.0
2023-10-04T00:00:00+00:00,ionq,qpu.aria-1,25,1,,0.0303,0.011,100000000.0,1000000.0
2023-10-04T00:00:00+00:00,ionq,qpu.aria-2,25,1,,0.0287,0.0086,10000000.0,1500000.0
2023-10-05T00:00:00+00:00,ionq,qpu.harmony,11,1,,,0.0055,10000000000.0,200000.0
2023-10-05T00:00:00+00:00,ionq,qpu.aria-1,25,1,,0.0449,0.011,100000000.0,1000000.0
2023-10-06T00:00:00+00:00,ionq,qpu.harmony,11,1,,,0.0045,10000000000.0,200000.0
2023-10-06T00:00:00+00:00,ionq,qpu.aria-1,25,1,,0.0487,0.011,100000000.0,1000000.0
2023-10-07T00:00:00+00:00,ionq,qpu.harmony,11,1,,,0.0042,10000000000.0,200000.0
2023-10-07T00:00:00+00:00,ionq,qpu.aria-1,25,1,,0.0166,0.011,100000000.0,1000000.0
2023-10-08T00:00:00+00:00,ionq,qpu.harmony,11,1,,,0.0035,10000000000.0,200000.0
2023-10-08T00:00:00+00:00,ionq,qpu.aria-1,25,1,,0.0187,0.011,100000000.0,1000000.0
2023-10-09T00:00:00+00:00,ionq,qpu.harmony,11,1,,,0.0096,10000000000.0,200000.0
2023-10-09T00:00:00+00:00,ionq,qpu.aria-1,25,1,,0.0364,0.011,100000000.0,1000000.0
2023-10-10T00:00:00+00:00,ionq,qpu.harmony,11,1,,,0.0061,10000000000.0,200000.0
2023-10-10T00:00:00+00:00,ionq,qpu.aria-1,25,1,,0.0275,0.3188,100000000.0,1000000.0
2023-10-11T00:00:00+00:00,ionq,qpu.harmony,11,1,,,0.0041,10000000000.0,200000.0
2023-10-11T00:00:00+00:00,ionq,qpu.aria-1,25,1,,0.0168,0.0095,100000000.0,1000000.0
2023-10-12T00:00:00+00:00,ionq,qpu.harmony,11,1,,,0.0048,10000000000.0,200000.0
2023-10-12T00:00:00+00:00,ionq,qpu.aria-1,25,1,,0.0353,0.0095,100000000.0,1000000.0
2023-10-13T00:00:00+00:00,ionq,qpu.harmony,11,1,,,0.0048,10000000000.0,200000.0
2023-10-13T00:00:00+00:00,ionq,qpu.aria-1,25,1,,0.033,0.0095,100000000.0,1000000.0
2023-10-14T00:00:00+00:00,ionq,qpu.harmony,11,1,,,0.0048,10000000000.0,200000.0
2023-10-14T00:00:00+00:00,ionq,qpu.aria-1,25,1,,0.02,0.0095,100000000.0,1000000.0
2023-10-15T00:00:00+00:00,ionq,qpu.harmony,11,1,,,0.0044,10000000000.0,200000.0
2023-10-15T00:00:00+00:00,ionq,qpu.aria-1,25,1,,0.02,0.0095,100000000.0,1000000.0
2023-10-16T00:00:00+00:00,ionq,qpu.harmony,11,1,,,0.0036,10000000000.0,200000.0
2023-10-16T00:00:00+00:00,ionq,qpu.aria-1,25,1,,0.0165,0.0095,100000000.0,1000000.0
2023-10-17T00:00:00+00:00,ionq,qpu.harmony,11,1,,,0.0039,10000000000.0,200000.0
2023-10-17T00:00:00+00:00,ionq,qpu.aria-1,25,1,,0.0307,0.0098,100000000.0,1000000.0
2023-10-18T00:00:00+00:00,ionq,qpu.harmony,11,1,,,0.0036,10000000000.0,200000.0
2023-10-19T00:00:00+00:00,ionq,qpu.harmony,11,1,,,0.0038,10000000000.0,200000.0
2023-10-19T00:00:00+00:00,ionq,qpu.aria-1,25,1,,,0.0077,100000000.0,1000000.0
2023-10-20T00:00:00+00:00,ionq,qpu.harmony,11,1,,,0.0048,10000000000.0,200000.0
2023-10-21T00:00:00+00:00,ionq,qpu.harmony,11,1,,,0.0042,10000000000.0,200000.0
2023-10-22T00:00:00+00:00,ionq,qpu.harmony,11,1,,,0.0037,10000000000.0,200000.0
2023-10-23T00:00:00+00:00,ionq,qpu.harmony,11,1,,,0.0032,10000000000.0,200000.0
2023-10-23T00:00:00+00:00,ionq,qpu.aria-1,25,1,,,,100000000.0,1000000.0
2023-10-24T00:00:00+00:00,ionq,qpu.harmony,11,1,,,0.004,10000000000.0,200000.0
2023-10-24T00:00:00+00:00,ionq,qpu.aria-1,25,1,,0.016,0.013,100000000.0,1000000.0
2023-10-25T00:00:00+00:00,ionq,qpu.harmony,11,1,,,0.0111,10000000000.0,200000.0
2023-10-25T00:00:00+00:00,ionq,qpu.aria-1,25,1,,0.013,0.0086,100000000.0,1000000.0
2023-10-26T00:00:00+00:00,ionq,qpu.harmony,11,1,,,0.0052,10000000000.0,200000.0
2023-10-26T00:00:00+00:00,ionq,qpu.aria-1,25,1,,0.0164,0.0086,100000000.0,1000000.0
2023-10-27T00:00:00+00:00,ionq,qpu.harmony,11,1,,,0.0043,10000000000.0,200000.0
2023-10-27T00:00:00+00:00,ionq,qpu.aria-1,25,1,,0.0163,0.0086,100000000.0,1000000.0
2023-10-28T00:00:00+00:00,ionq,qpu.harmony,11,1,,,0.0044,10000000000.0,200000.0
2023-10-28T00:00:00+00:00,ionq,qpu.aria-1,25,1,,0.0188,0.0086,100000000.0,1000000.0
2023-10-29T00:00:00+00:00,ionq,qpu.harmony,11,1,,,0.0035,10000000000.0,200000.0
2023-10-29T00:00:00+00:00,ionq,qpu.aria-1,25,1,,0.0151,0.0086,100000000.0,1000000.0
2023-10-30T00:00:00+00:00,ionq,qpu.harmony,11,1,,,0.0032,10000000000.0,200000.0
2023-10-30T00:00:00+00:00,ionq,qpu.aria-1,25,1,,0.0173,0.0086,100000000.0,1000000.0
2023-10-31T00:00:00+00:00,ionq,qpu.harmony,11,1,,,0.0031,10000000000.0,200000.0
2023-10-31T00:00:00+00:00,ionq,qpu.aria-1,25,1,,0.0202,0.0086,100000000.0,1000000.0
2023-11-01T00:00:00+00:00,ionq,qpu.harmony,11,1,,,0.0031,10000000000.0,200000.0
2023-11-01T00:00:00+00:00,ionq,qpu.aria-1,25,1,,0.0198,0.0099,100000000.0,1000000.0
2023-11-02T00:00:00+00:00,ionq,qpu.harmony,11,1,,,0.0029,10000000000.0,200000.0
2023-11-02T00:00:00+00:00,ionq,qpu.aria-1,25,1,,0.0162,0.0099,100000000.0,1000000.0
2023-11-03T00:00:00+00:00,ionq,qpu.harmony,11,1,,0.1298,0.0046,10000000000.0,200000.0
2023-11-03T00:00:00+00:00,ionq,qpu.aria-1,25,1,,0.0519,0.0094,100000000.0,1000000.0
2023-11-04T00:00:00+00:00,ionq,qpu.harmony,11,1,,0.1298,0.0061,10000000000.0,200000.0
2023-11-05T00:00:00+00:00,ionq,qpu.harmony,11,1,,0.1298,0.0062,10000000000.0,200000.0
2023-11-06T00:00:00+00:00,ionq,qpu.harmony,11,1,,0.1298,0.0039,10000000000.0,200000.0
2023-11-07T00:00:00+00:00,ionq,qpu.harmony,11,1,,0.1298,0.0057,10000000000.0,200000.0
2023-11-08T00:00:00+00:00,ionq,qpu.harmony,11,1,,0.1298,0.0043,10000000000.0,200000.0
2023-11-08T00:00:00+00:00,ionq,qpu.aria-1,25,1,,0.015,0.0094,100000000.0,1000000.0
2023-11-09T00:00:00+00:00,ionq,qpu.harmony,11,1,,0.1046,0.0035,10000000000.0,200000.0
2023-11-09T00:00:00+00:00,ionq,qpu.aria-1,25,1,,0.0172,0.0099,100000000.0,1000000.0
2023-11-10T00:00:00+00:00,ionq,qpu.harmony,11,1,,0.0591,0.0045,10000000000.0,200000.0
2023-11-10T00:00:00+00:00,ionq,qpu.aria-1,25,1,,0.0181,0.0099,100000000.0,1000000.0
2023-11-11T00:00:00+00:00,ionq,qpu.harmony,11,1,,0.146,0.0034,10000000000.0,200000.0
2023-11-11T00:00:00+00:00,ionq,qpu.aria-1,25,1,,0.0125,0.009,100000000.0,1000000.0
2023-11-12T00:00:00+00:00,ionq,qpu.harmony,11,1,,0.1165,0.0038,10000000000.0,200000.0
2023-11-12T00:00:00+00:00,ionq,qpu.aria-1,25,1,,0.0119,0.0123,100000000.0,1000000.0
2023-11-13T00:00:00+00:00,ionq,qpu.harmony,11,1,,0.1172,0.0029,10000000000.0,200000.0
2023-11-13T00:00:00+00:00,ionq,qpu.aria-1,25,1,,0.0381,0.0123,100000000.0,1000000.0
2023-11-14T00:00:00+00:00,ionq,qpu.harmony,11,1,,0.0861,0.0032,10000000000.0,200000.0
2023-11-14T00:00:00+00:00,ionq,qpu.aria-1,25,1,,0.0214,0.0113,100000000.0,1000000.0
2023-11-15T00:00:00+00:00,ionq,qpu.harmony,11,1,,0.1828,0.0036,10000000000.0,200000.0
2023-11-15T00:00:00+00:00,ionq,qpu.aria-1,25,1,,0.0296,,100000000.0,1000000.0
2023-11-16T00:00:00+00:00,ionq,qpu.harmony,11,1,,0.0704,0.0032,10000000000.0,200000.0
2023-11-16T00:00:00+00:00,ionq,qpu.aria-1,25,1,,0.0182,,100000000.0,1000000.0
2023-11-17T00:00:00+00:00,ionq,qpu.harmony,11,1,,0.0781,0.004,10000000000.0,200000.0
2023-11-17T00:00:00+00:00,ionq,qpu.aria-1,25,1,,0.0114,0.0117,100000000.0,1000000.0
2023-11-18T00:00:00+00:00,ionq,qpu.harmony,11,1,,0.0763,0.007,10000000000.0,200000.0
2023-11-18T00:00:00+00:00,ionq,qpu.aria-1,25,1,,0.0133,0.0095,100000000.0,1000000.0
2023-11-19T00:00:00+00:00,ionq,qpu.harmony,11,1,,0.0611,0.0036,10000000000.0,200000.0
2023-11-19T00:00:00+00:00,ionq,qpu.aria-1,25,1,,0.0157,0.0085,100000000.0,1000000.0
2023-11-20T00:00:00+00:00,ionq,qpu.harmony,11,1,,0.0548,0.003,10000000000.0,200000.0
2023-11-20T00:00:00+00:00,ionq,qpu.aria-1,25,1,,0.0377,0.0085,100000000.0,1000000.0
2023-11-21T00:00:00+00:00,ionq,qpu.harmony,11,1,,0.1055,0.0043,10000000000.0,200000.0
2023-11-21T00:00:00+00:00,ionq,qpu.aria-1,25,1,,0.1405,0.0092,100000000.0,1000000.0
2023-11-22T00:00:00+00:00,ionq,qpu.harmony,11,1,,0.0388,0.0084,10000000000.0,200000.0
2023-11-22T00:00:00+00:00,ionq,qpu.aria-1,25,1,,0.0146,0.0092,100000000.0,1000000.0
2023-11-23T00:00:00+00:00,ionq,qpu.harmony,11,1,,0.0457,0.004,10000000000.0,200000.0
2023-11-23T00:00:00+00:00,ionq,qpu.aria-1,25,1,,0.015,0.0118,100000000.0,1000000.0
2023-11-24T00:00:00+00:00,ionq,qpu.harmony,11,1,,0.0687,0.0037,10000000000.0,200000.0
2023-11-24T00:00:00+00:00,ionq,qpu.aria-1,25,1,,0.015,0.0118,100000000.0,1000000.0
2023-11-25T00:00:00+00:00,ionq,qpu.harmony,11,1,,0.0751,0.0036,10000000000.0,200000.0
2023-11-25T00:00:00+00:00,ionq,qpu.aria-1,25,1,,0.0156,,100000000.0,1000000.0
2023-11-26T00:00:00+00:00,ionq,qpu.harmony,11,1,,0.0519,0.0062,10000000000.0,200000.0
2023-11-26T00:00:00+00:00,ionq,qpu.aria-1,25,1,,0.0695,,100000000.0,1000000.0
2023-11-27T00:00:00+00:00,ionq,qpu.harmony,11,1,,0.0309,0.0073,10000000000.0,200000.0
2023-11-27T00:00:00+00:00,ionq,qpu.aria-1,25,1,,0.012,0.0055,100000000.0,1000000.0
2023-11-28T00:00:00+00:00,ionq,qpu.harmony,11,1,,0.0511,0.0037,10000000000.0,200000.0
2023-12-20T00:00:00+00:00,ionq,qpu.aria-1,25,1,,0.0148,0.0055,100000000.0,1000000.0
2023-12-21T00:00:00+00:00,ionq,qpu.aria-1,25,1,,0.0148,0.0336,100000000.0,1000000.0
2023-12-22T00:00:00+00:00,ionq,qpu.aria-1,25,1,,0.0447,0.0336,100000000.0,1000000.0
2024-01-12T00:00:00+00:00,ionq,qpu.harmony,11,1,,0.0663,0.0055,10000000000.0,200000.0
2024-01-13T00:00:00+00:00,ionq,qpu.harmony,11,1,,0.1065,0.0157,10000000000.0,200000.0
2024-01-13T00:00:00+00:00,ionq,qpu.aria-1,25,1,,0.0211,0.0336,100000000.0,1000000.0
2024-01-15T00:00:00+00:00,ionq,qpu.harmony,11,1,,0.1065,0.0067,10000000000.0,200000.0
2024-01-16T00:00:00+00:00,ionq,qpu.harmony,11,1,,0.0994,0.0041,10000000000.0,200000.0
2024-01-16T00:00:00+00:00,ionq,qpu.aria-1,25,1,,0.0211,0.0336,100000000.0,1000000.0
2024-01-17T00:00:00+00:00,ionq,qpu.harmony,11,1,,0.0896,0.0125,10000000000.0,200000.0
2024-01-17T00:00:00+00:00,ionq,qpu.aria-1,25,1,,0.0211,0.0336,100000000.0,1000000.0
2024-01-18T00:00:00+00:00,ionq,qpu.harmony,11,1,,0.0932,0.0063,10000000000.0,200000.0
2024-01-19T00:00:00+00:00,ionq,qpu.harmony,11,1,,0.0709,0.0071,10000000000.0,200000.0
2024-01-20T00:00:00+00:00,ionq,qpu.harmony,11,1,,0.0651,0.0051,10000000000.0,200000.0
2024-01-21T00:00:00+00:00,ionq,qpu.harmony,11,1,,0.1105,0.0073,10000000000.0,200000.0
2024-01-22T00:00:00+00:00,ionq,qpu.harmony,11,1,,0.1069,0.0079,10000000000.0,200000.0
2024-01-23T00:00:00+00:00,ionq,qpu.harmony,11,1,,0.1637,0.0082,10000000000.0,200000.0
2024-01-24T00:00:00+00:00,ionq,qpu.harmony,11,1,,0.0943,0.0065,10000000000.0,200000.0
2024-01-24T00:00:00+00:00,ionq,qpu.aria-1,25,1,,0.0211,0.0095,100000000.0,1000000.0
2024-01-25T00:00:00+00:00,ionq,qpu.harmony,11,1,,,0.0069,10000000000.0,200000.0
2024-01-26T00:00:00+00:00,ionq,qpu.harmony,11,1,,,0.0058,10000000000.0,200000.0
2024-01-27T00:00:00+00:00,ionq,qpu.harmony,11,1,,0.0757,0.0059,10000000000.0,200000.0
2024-01-28T00:00:00+00:00,ionq,qpu.harmony,11,1,,0.0757,0.0056,10000000000.0,200000.0
2024-01-29T00:00:00+00:00,ionq,qpu.harmony,11,1,,0.0757,0.0089,10000000000.0,200000.0
2024-01-30T00:00:00+00:00,ionq,qpu.harmony,11,1,,0.0757,0.0061,10000000000.0,200000.0
2024-01-30T00:00:00+00:00,ionq,qpu.aria-1,25,1,,0.0211,0.0095,100000000.0,1000000.0
2024-01-31T00:00:00+00:00,ionq,qpu.harmony,11,1,,0.1056,0.0041,10000000000.0,200000.0
2024-01-31T00:00:00+00:00,ionq,qpu.aria-1,25,1,,0.0422,0.0095,100000000.0,1000000.0
2024-02-01T00:00:00+00:00,ionq,qpu.harmony,11,1,,,0.0052,10000000000.0,200000.0
2024-02-01T00:00:00+00:00,ionq,qpu.aria-1,25,1,,0.0261,,100000000.0,1000000.0
2024-02-02T00:00:00+00:00,ionq,qpu.harmony,11,1,,,0.0052,10000000000.0,200000.0
2024-02-02T00:00:00+00:00,ionq,qpu.aria-1,25,1,,0.0371,,100000000.0,1000000.0
2024-02-03T00:00:00+00:00,ionq,qpu.harmony,11,1,,,0.0078,10000000000.0,200000.0
2024-02-03T00:00:00+00:00,ionq,qpu.aria-1,25,1,,0.0152,,100000000.0,1000000.0
2024-02-04T00:00:00+00:00,ionq,qpu.harmony,11,1,,,0.0066,10000000000.0,200000.0
2024-02-04T00:00:00+00:00,ionq,qpu.aria-1,25,1,,0.0355,,100000000.0,1000000.0
2024-02-05T00:00:00+00:00,ionq,qpu.harmony,11,1,,,0.0092,10000000000.0,200000.0
2024-02-05T00:00:00+00:00,ionq,qpu.aria-1,25,1,,0.014,,100000000.0,1000000.0
2024-02-06T00:00:00+00:00,ionq,qpu.harmony,11,1,,0.0657,0.0089,10000000000.0,200000.0
2024-02-06T00:00:00+00:00,ionq,qpu.aria-1,25,1,,0.0181,,100000000.0,1000000.0
2024-02-07T00:00:00+00:00,ionq,qpu.harmony,11,1,,0.0774,0.0059,10000000000.0,200000.0
2024-02-07T00:00:00+00:00,ionq,qpu.aria-1,25,1,,0.0398,,100000000.0,1000000.0
2024-02-08T00:00:00+00:00,ionq,qpu.harmony,11,1,,,0.0091,10000000000.0,200000.0
2024-02-08T00:00:00+00:00,ionq,qpu.aria-1,25,1,,0.0183,,100000000.0,1000000.0
2024-02-09T00:00:00+00:00,ionq,qpu.harmony,11,1,,,0.0091,10000000000.0,200000.0
2024-02-09T00:00:00+00:00,ionq,qpu.aria-1,25,1,,0.0241,,100000000.0,1000000.0
2024-02-10T00:00:00+00:00,ionq,qpu.harmony,11,1,,,0.0066,10000000000.0,200000.0
2024-02-10T00:00:00+00:00,ionq,qpu.aria-1,25,1,,0.0212,,100000000.0,1000000.0
2024-02-11T00:00:00+00:00,ionq,qpu.harmony,11,1,,,0.0101,10000000000.0,200000.0
2024-02-11T00:00:00+00:00,ionq,qpu.aria-1,25,1,,0.0117,0.0045,100000000.0,1000000.0
2024-02-12T00:00:00+00:00,ionq,qpu.harmony,11,1,,,0.0101,10000000000.0,200000.0
2024-02-12T00:00:00+00:00,ionq,qpu.aria-1,25,1,,0.0173,0.0045,100000000.0,1000000.0
2024-02-13T00:00:00+00:00,ionq,qpu.harmony,11,1,,,0.0331,10000000000.0,200000.0
2024-02-13T00:00:00+00:00,ionq,qpu.aria-1,25,1,,0.0166,0.005,100000000.0,1000000.0
2024-02-14T00:00:00+00:00,ionq,qpu.harmony,11,1,,,0.0054,10000000000.0,200000.0
2024-02-14T00:00:00+00:00,ionq,qpu.aria-1,25,1,,0.0257,0.005,100000000.0,1000000.0
2024-02-15T00:00:00+00:00,ionq,qpu.harmony,11,1,,,0.0046,10000000000.0,200000.0
2024-02-15T00:00:00+00:00,ionq,qpu.aria-1,25,1,,0.0158,0.005,100000000.0,1000000.0
2024-02-16T00:00:00+00:00,ionq,qpu.aria-1,25,1,,0.017,,100000000.0,1000000.0
2024-02-17T00:00:00+00:00,ionq,qpu.harmony,11,1,,0.0365,0.007,10000000000.0,200000.0
2024-02-17T00:00:00+00:00,ionq,qpu.aria-1,25,1,,0.0158,,100000000.0,1000000.0
2024-02-18T00:00:00+00:00,ionq,qpu.harmony,11,1,,0.0365,0.01,10000000000.0,200000.0
2024-02-18T00:00:00+00:00,ionq,qpu.aria-1,25,1,,0.015,,100000000.0,1000000.0
2024-02-19T00:00:00+00:00,ionq,qpu.harmony,11,1,,0.0365,0.0146,10000000000.0,200000.0
2024-02-19T00:00:00+00:00,ionq,qpu.aria-1,25,1,,0.0325,,100000000.0,1000000.0
2024-02-20T00:00:00+00:00,ionq,qpu.harmony,11,1,,0.0365,0.0239,10000000000.0,200000.0
2024-02-20T00:00:00+00:00,ionq,qpu.aria-1,25,1,,0.0321,,100000000.0,1000000.0
2024-02-21T00:00:00+00:00,ionq,qpu.harmony,11,1,,0.0365,0.0224,10000000000.0,200000.0
2024-02-21T00:00:00+00:00,ionq,qpu.forte-1,36,1,,0.0106,0.3363,100000000.0,1000000.0
2024-02-21T00:00:00+00:00,ionq,qpu.aria-1,25,1,,0.0254,0.0099,100000000.0,1000000.0
2024-02-22T00:00:00+00:00,ionq,qpu.forte-1,36,1,,0.0109,0.3363,100000000.0,1000000.0
2024-02-22T00:00:00+00:00,ionq,qpu.aria-1,25,1,,0.0306,0.0099,100000000.0,1000000.0
2024-02-23T00:00:00+00:00,ionq,qpu.forte-1,36,1,,0.0102,0.0099,100000000.0,1000000.0
2024-02-23T00:00:00+00:00,ionq,qpu.aria-1,25,1,,0.0237,0.0099,100000000.0,1000000.0
2024-02-24T00:00:00+00:00,ionq,qpu.forte-1,36,1,,0.0079,0.009,100000000.0,1000000.0
2024-02-24T00:00:00+00:00,ionq,qpu.aria-1,25,1,,0.0237,0.0099,100000000.0,1000000.0
2024-02-25T00:00:00+00:00,ionq,qpu.forte-1,36,1,,0.0085,0.0088,100000000.0,1000000.0
2024-02-25T00:00:00+00:00,ionq,qpu.aria-1,25,1,,0.019,0.0099,100000000.0,1000000.0
2024-02-26T00:00:00+00:00,ionq,qpu.forte-1,36,1,,0.0102,0.0085,100000000.0,1000000.0
2024-02-26T00:00:00+00:00,ionq,qpu.aria-1,25,1,,0.0133,0.0099,100000000.0,1000000.0
2024-02-27T00:00:00+00:00,ionq,qpu.forte-1,36,1,,0.0071,,100000000.0,1000000.0
2024-02-27T00:00:00+00:00,ionq,qpu.aria-1,25,1,,0.0204,0.0099,100000000.0,1000000.0
2024-02-28T00:00:00+00:00,ionq,qpu.forte-1,36,1,,0.0058,,100000000.0,1000000.0
2024-02-28T00:00:00+00:00,ionq,qpu.aria-1,25,1,,0.0201,0.0099,100000000.0,1000000.0
2024-02-29T00:00:00+00:00,ionq,qpu.aria-1,25,1,,0.0189,0.0099,100000000.0,1000000.0
2024-03-01T00:00:00+00:00,ionq,qpu.forte-1,36,1,,0.0063,,100000000.0,1000000.0
2024-03-01T00:00:00+00:00,ionq,qpu.aria-1,25,1,,0.0259,,100000000.0,1000000.0
2024-03-02T00:00:00+00:00,ionq,qpu.forte-1,36,1,,0.0234,,100000000.0,1000000.0
2024-03-02T00:00:00+00:00,ionq,qpu.aria-1,25,1,,0.041,,100000000.0,1000000.0
2024-03-03T00:00:00+00:00,ionq,qpu.forte-1,36,1,,0.0117,,100000000.0,1000000.0
2024-03-03T00:00:00+00:00,ionq,qpu.aria-1,25,1,,0.0264,,100000000.0,1000000.0
2024-03-04T00:00:00+00:00,ionq,qpu.aria-1,25,1,,0.025,,100000000.0,1000000.0
2024-03-05T00:00:00+00:00,ionq,qpu.aria-1,25,1,,0.0213,,100000000.0,1000000.0
2024-03-06T00:00:00+00:00,ionq,qpu.forte-1,36,1,,0.0071,,100000000.0,1000000.0
2024-03-06T00:00:00+00:00,ionq,qpu.aria-1,25,1,,0.1788,,100000000.0,1000000.0
2024-03-07T00:00:00+00:00,ionq,qpu.forte-1,36,1,,0.0058,,100000000.0,1000000.0
2024-03-07T00:00:00+00:00,ionq,qpu.aria-1,25,1,,0.0157,,100000000.0,1000000.0
2024-03-08T00:00:00+00:00,ionq,qpu.forte-1,36,1,,0.0069,,100000000.0,1000000.0
2024-03-08T00:00:00+00:00,ionq,qpu.aria-1,25,1,,0.0206,,100000000.0,1000000.0
2024-03-09T00:00:00+00:00,ionq,qpu.forte-1,36,1,,0.0067,,100000000.0,1000000.0
2024-03-09T00:00:00+00:00,ionq,qpu.aria-1,25,1,,0.0233,,100000000.0,1000000.0
2024-03-10T00:00:00+00:00,ionq,qpu.forte-1,36,1,,0.0072,,100000000.0,1000000.0
2024-03-10T00:00:00+00:00,ionq,qpu.aria-1,25,1,,0.0229,,100000000.0,1000000.0
2024-03-11T00:00:00+00:00,ionq,qpu.forte-1,36,1,,0.0075,,100000000.0,1000000.0
2024-03-11T00:00:00+00:00,ionq,qpu.aria-1,25,1,,0.0186,,100000000.0,1000000.0
2024-03-12T00:00:00+00:00,ionq,qpu.forte-1,36,1,,0.0085,,100000000.0,1000000.0
2024-03-12T00:00:00+00:00,ionq,qpu.aria-1,25,1,,0.0186,0.0137,100000000.0,1000000.0
2024-03-13T00:00:00+00:00,ionq,qpu.forte-1,36,1,,0.0057,,100000000.0,1000000.0
2024-03-13T00:00:00+00:00,ionq,qpu.aria-1,25,1,,0.0202,0.0057,100000000.0,1000000.0
2024-03-13T00:00:00+00:00,ionq,qpu.aria-2,25,1,,0.116,0.0086,10000000.0,1500000.0
2024-03-14T00:00:00+00:00,ionq,qpu.aria-1,25,1,,0.0183,,100000000.0,1000000.0
2024-03-14T00:00:00+00:00,ionq,qpu.aria-2,25,1,,0.116,,10000000.0,1500000.0
2024-03-15T00:00:00+00:00,ionq,qpu.harmony,11,1,,0.0365,0.007,10000000000.0,200000.0
2024-03-15T00:00:00+00:00,ionq,qpu.aria-1,25,1,,0.0188,,100000000.0,1000000.0
2024-03-16T00:00:00+00:00,ionq,qpu.harmony,11,1,,0.0365,0.0046,10000000000.0,200000.0
2024-03-16T00:00:00+00:00,ionq,qpu.aria-1,25,1,,0.0227,,100000000.0,1000000.0
2024-03-17T00:00:00+00:00,ionq,qpu.harmony,11,1,,0.0365,0.0048,10000000000.0,200000.0
2024-03-17T00:00:00+00:00,ionq,qpu.aria-1,25,1,,0.0145,,100000000.0,1000000.0
2024-03-18T00:00:00+00:00,ionq,qpu.harmony,11,1,,0.0667,0.0048,10000000000.0,200000.0
2024-03-18T00:00:00+00:00,ionq,qpu.aria-1,25,1,,0.0156,,100000000.0,1000000.0
2024-03-19T00:00:00+00:00,ionq,qpu.harmony,11,1,,0.0553,0.0063,10000000000.0,200000.0
2024-03-20T00:00:00+00:00,ionq,qpu.harmony,11,1,,0.0388,0.005,10000000000.0,200000.0
2024-03-20T00:00:00+00:00,ionq,qpu.aria-1,25,1,,0.0136,,100000000.0,1000000.0
2024-03-21T00:00:00+00:00,ionq,qpu.harmony,11,1,,0.0422,0.0045,10000000000.0,200000.0
2024-03-21T00:00:00+00:00,ionq,qpu.aria-1,25,1,,0.0147,,100000000.0,1000000.0
2024-03-22T00:00:00+00:00,ionq,qpu.harmony,11,1,,0.0362,0.0046,10000000000.0,200000.0
2024-03-22T00:00:00+00:00,ionq,qpu.aria-1,25,1,,0.0175,,100000000.0,1000000.0
2024-03-22T00:00:00+00:00,ionq,qpu.aria-2,25,1,,0.116,,10000000.0,1500000.0
2024-03-23T00:00:00+00:00,ionq,qpu.harmony,11,1,,0.0375,0.0063,10000000000.0,200000.0
2024-03-23T00:00:00+00:00,ionq,qpu.aria-1,25,1,,0.0198,0.0044,100000000.0,1000000.0
2024-03-23T00:00:00+00:00,ionq,qpu.aria-2,25,1,,0.2054,0.0074,10000000.0,1500000.0
2024-03-24T00:00:00+00:00,ionq,qpu.harmony,11,1,,0.0445,0.0072,10000000000.0,200000.0
2024-03-24T00:00:00+00:00,ionq,qpu.aria-1,25,1,,0.0219,0.0044,100000000.0,1000000.0
2024-03-24T00:00:00+00:00,ionq,qpu.aria-2,25,1,,0.0531,0.0074,10000000.0,1500000.0
2024-03-25T00:00:00+00:00,ionq,qpu.harmony,11,1,,0.0415,0.0083,10000000000.0,200000.0
2024-03-25T00:00:00+00:00,ionq,qpu.aria-1,25,1,,0.0209,0.0044,100000000.0,1000000.0
2024-03-25T00:00:00+00:00,ionq,qpu.aria-2,25,1,,0.0531,0.0074,10000000.0,1500000.0
2024-03-26T00:00:00+00:00,ionq,qpu.harmony,11,1,,0.0415,0.0076,10000000000.0,200000.0
2024-03-26T00:00:00+00:00,ionq,qpu.aria-1,25,1,,0.0157,0.0044,100000000.0,1000000.0
2024-03-26T00:00:00+00:00,ionq,qpu.aria-2,25,1,,0.0531,0.0074,10000000.0,1500000.0
2024-03-27T00:00:00+00:00,ionq,qpu.harmony,11,1,,0.0597,0.007,10000000000.0,200000.0
2024-03-27T00:00:00+00:00,ionq,qpu.forte-1,36,1,,0.007,,100000000.0,1000000.0
2024-03-27T00:00:00+00:00,ionq,qpu.aria-1,25,1,,0.0195,0.0044,100000000.0,1000000.0
2024-03-27T00:00:00+00:00,ionq,qpu.aria-2,25,1,,0.0658,0.0074,10000000.0,1500000.0
2024-03-28T00:00:00+00:00,ionq,qpu.harmony,11,1,,0.0563,0.0039,10000000000.0,200000.0
2024-03-28T00:00:00+00:00,ionq,qpu.forte-1,36,1,,0.0079,,100000000.0,1000000.0
2024-03-28T00:00:00+00:00,ionq,qpu.aria-1,25,1,,0.0298,0.0044,100000000.0,1000000.0
2024-03-28T00:00:00+00:00,ionq,qpu.aria-2,25,1,,0.0538,0.0074,10000000.0,1500000.0
2024-03-29T00:00:00+00:00,ionq,qpu.harmony,11,1,,0.06,0.0043,10000000000.0,200000.0
2024-03-29T00:00:00+00:00,ionq,qpu.forte-1,36,1,,0.0107,,100000000.0,1000000.0
2024-03-29T00:00:00+00:00,ionq,qpu.aria-1,25,1,,0.0531,,100000000.0,1000000.0
2024-03-30T00:00:00+00:00,ionq,qpu.harmony,11,1,,0.0953,0.0043,10000000000.0,200000.0
2024-03-30T00:00:00+00:00,ionq,qpu.aria-1,25,1,,0.0158,,100000000.0,1000000.0
2024-03-30T00:00:00+00:00,ionq,qpu.aria-2,25,1,,0.035,,10000000.0,1500000.0
2024-03-31T00:00:00+00:00,ionq,qpu.harmony,11,1,,0.0534,0.0053,10000000000.0,200000.0
2024-03-31T00:00:00+00:00,ionq,qpu.aria-1,25,1,,0.0157,,100000000.0,1000000.0
2024-03-31T00:00:00+00:00,ionq,qpu.aria-2,25,1,,0.0577,,10000000.0,1500000.0
2024-04-01T00:00:00+00:00,ionq,qpu.harmony,11,1,,0.0713,0.0037,10000000000.0,200000.0
2024-04-01T00:00:00+00:00,ionq,qpu.aria-1,25,1,,0.0193,,100000000.0,1000000.0
2024-04-01T00:00:00+00:00,ionq,qpu.aria-2,25,1,,0.1522,,10000000.0,1500000.0
2024-04-02T00:00:00+00:00,ionq,qpu.harmony,11,1,,0.0601,0.0034,10000000000.0,200000.0
2024-04-02T00:00:00+00:00,ionq,qpu.aria-1,25,1,,0.0162,,100000000.0,1000000.0
2024-04-02T00:00:00+00:00,ionq,qpu.aria-2,25,1,,,,10000000.0,1500000.0
2024-04-03T00:00:00+00:00,ionq,qpu.harmony,11,1,,0.0487,0.0034,10000000000.0,200000.0
2024-04-03T00:00:00+00:00,ionq,qpu.aria-1,25,1,,0.0179,,100000000.0,1000000.0
2024-04-03T00:00:00+00:00,ionq,qpu.aria-2,25,1,,0.0308,,10000000.0,1500000.0
2024-04-04T00:00:00+00:00,ionq,qpu.harmony,11,1,,0.0547,0.0033,10000000000.0,200000.0
2024-04-04T00:00:00+00:00,ionq,qpu.aria-1,25,1,,0.0202,,100000000.0,1000000.0
2024-04-04T00:00:00+00:00,ionq,qpu.aria-2,25,1,,0.0308,,10000000.0,1500000.0
2024-04-05T00:00:00+00:00,ionq,qpu.harmony,11,1,,0.0656,0.0047,10000000000.0,200000.0
2024-04-05T00:00:00+00:00,ionq,qpu.forte-1,36,1,,0.0107,,100000000.0,1000000.0
2024-04-05T00:00:00+00:00,ionq,qpu.aria-1,25,1,,0.0186,,100000000.0,1000000.0
2024-04-06T00:00:00+00:00,ionq,qpu.harmony,11,1,,0.0511,0.0045,10000000000.0,200000.0
2024-04-06T00:00:00+00:00,ionq,qpu.forte-1,36,1,,0.0107,,100000000.0,1000000.0
2024-04-06T00:00:00+00:00,ionq,qpu.aria-1,25,1,,0.0301,,100000000.0,1000000.0
2024-04-07T00:00:00+00:00,ionq,qpu.harmony,11,1,,0.0724,0.0068,10000000000.0,200000.0
2024-04-07T00:00:00+00:00,ionq,qpu.forte-1,36,1,,0.0094,,100000000.0,1000000.0
2024-04-07T00:00:00+00:00,ionq,qpu.aria-1,25,1,,0.0194,,100000000.0,1000000.0
2024-04-08T00:00:00+00:00,ionq,qpu.harmony,11,1,,0.0724,0.0074,10000000000.0,200000.0
2024-04-08T00:00:00+00:00,ionq,qpu.forte-1,36,1,,0.0083,,100000000.0,1000000.0
2024-04-08T00:00:00+00:00,ionq,qpu.aria-1,25,1,,0.0164,,100000000.0,1000000.0
2024-04-09T00:00:00+00:00,ionq,qpu.harmony,11,1,,0.068,0.0106,10000000000.0,200000.0
2024-04-09T00:00:00+00:00,ionq,qpu.forte-1,36,1,,0.0077,,100000000.0,1000000.0
2024-04-09T00:00:00+00:00,ionq,qpu.aria-1,25,1,,0.0158,,100000000.0,1000000.0
2024-04-10T00:00:00+00:00,ionq,qpu.harmony,11,1,,0.068,0.0039,10000000000.0,200000.0
2024-04-10T00:00:00+00:00,ionq,qpu.forte-1,36,1,,0.0078,,100000000.0,1000000.0
2024-04-10T00:00:00+00:00,ionq,qpu.aria-1,25,1,,0.0242,,100000000.0,1000000.0
2024-04-11T00:00:00+00:00,ionq,qpu.harmony,11,1,,0.068,0.0068,10000000000.0,200000.0
2024-04-11T00:00:00+00:00,ionq,qpu.forte-1,36,1,,0.0113,,100000000.0,1000000.0
2024-04-11T00:00:00+00:00,ionq,qpu.aria-1,25,1,,0.0432,,100000000.0,1000000.0
2024-04-12T00:00:00+00:00,ionq,qpu.harmony,11,1,,0.068,0.0056,10000000000.0,200000.0
2024-04-12T00:00:00+00:00,ionq,qpu.aria-1,25,1,,0.0191,0.0065,100000000.0,1000000.0
2024-04-13T00:00:00+00:00,ionq,qpu.harmony,11,1,,0.0893,0.0039,10000000000.0,200000.0
2024-04-13T00:00:00+00:00,ionq,qpu.aria-1,25,1,,0.0285,0.0062,100000000.0,1000000.0
2024-04-14T00:00:00+00:00,ionq,qpu.harmony,11,1,,0.0827,0.0044,10000000000.0,200000.0
2024-04-14T00:00:00+00:00,ionq,qpu.aria-1,25,1,,0.0257,0.0073,100000000.0,1000000.0
2024-04-15T00:00:00+00:00,ionq,qpu.harmony,11,1,,0.0763,0.0057,10000000000.0,200000.0
2024-04-15T00:00:00+00:00,ionq,qpu.aria-1,25,1,,0.031,0.0054,100000000.0,1000000.0
2024-04-15T00:00:00+00:00,ionq,qpu.aria-2,25,1,,0.0308,,10000000.0,1500000.0
2024-04-16T00:00:00+00:00,ionq,qpu.harmony,11,1,,0.0839,0.0213,10000000000.0,200000.0
2024-04-16T00:00:00+00:00,ionq,qpu.aria-1,25,1,,0.0276,0.005,100000000.0,1000000.0
2024-04-16T00:00:00+00:00,ionq,qpu.aria-2,25,1,,0.0308,,10000000.0,1500000.0
2024-04-17T00:00:00+00:00,ionq,qpu.harmony,11,1,,0.1346,0.0034,10000000000.0,200000.0
2024-04-17T00:00:00+00:00,ionq,qpu.aria-1,25,1,,0.0219,0.0309,100000000.0,1000000.0
2024-04-17T00:00:00+00:00,ionq,qpu.aria-2,25,1,,0.0646,,10000000.0,1500000.0
2024-04-18T00:00:00+00:00,ionq,qpu.forte-1,36,1,,0.0072,,100000000.0,1000000.0
2024-04-18T00:00:00+00:00,ionq,qpu.aria-1,25,1,,0.0232,0.0047,100000000.0,1000000.0
2024-04-19T00:00:00+00:00,ionq,qpu.forte-1,36,1,,0.0063,,100000000.0,1000000.0
2024-04-19T00:00:00+00:00,ionq,qpu.aria-1,25,1,,0.0184,0.006,100000000.0,1000000.0
2024-04-20T00:00:00+00:00,ionq,qpu.forte-1,36,1,,0.0063,,100000000.0,1000000.0
2024-04-20T00:00:00+00:00,ionq,qpu.aria-1,25,1,,0.0222,0.0052,100000000.0,1000000.0
2024-04-21T00:00:00+00:00,ionq,qpu.forte-1,36,1,,0.0125,,100000000.0,1000000.0
2024-04-21T00:00:00+00:00,ionq,qpu.aria-1,25,1,,0.0205,0.0051,100000000.0,1000000.0
2024-04-22T00:00:00+00:00,ionq,qpu.forte-1,36,1,,0.0064,,100000000.0,1000000.0
2024-04-22T00:00:00+00:00,ionq,qpu.aria-1,25,1,,0.0294,0.0052,100000000.0,1000000.0
2024-04-23T00:00:00+00:00,ionq,qpu.harmony,11,1,,,0.0081,10000000000.0,200000.0
2024-04-23T00:00:00+00:00,ionq,qpu.forte-1,36,1,,0.0063,,100000000.0,1000000.0
2024-04-23T00:00:00+00:00,ionq,qpu.aria-1,25,1,,0.0594,0.0342,100000000.0,1000000.0
2024-04-24T00:00:00+00:00,ionq,qpu.harmony,11,1,,0.0648,0.0044,10000000000.0,200000.0
2024-04-24T00:00:00+00:00,ionq,qpu.forte-1,36,1,,0.0104,,100000000.0,1000000.0
2024-04-24T00:00:00+00:00,ionq,qpu.aria-1,25,1,,0.0205,0.0053,100000000.0,1000000.0
2024-04-25T00:00:00+00:00,ionq,qpu.harmony,11,1,,0.0917,0.0043,10000000000.0,200000.0
2024-04-25T00:00:00+00:00,ionq,qpu.aria-1,25,1,,0.028,0.0051,100000000.0,1000000.0
2024-04-26T00:00:00+00:00,ionq,qpu.harmony,11,1,,0.0562,0.004,10000000000.0,200000.0
2024-04-26T00:00:00+00:00,ionq,qpu.forte-1,36,1,,0.0053,,100000000.0,1000000.0
2024-04-26T00:00:00+00:00,ionq,qpu.aria-1,25,1,,0.0425,0.0124,100000000.0,1000000.0
2024-04-27T00:00:00+00:00,ionq,qpu.harmony,11,1,,0.0702,0.0037,10000000000.0,200000.0
2024-04-27T00:00:00+00:00,ionq,qpu.forte-1,36,1,,0.0055,,100000000.0,1000000.0
2024-04-27T00:00:00+00:00,ionq,qpu.aria-1,25,1,,0.0283,0.0124,100000000.0,1000000.0
2024-04-28T00:00:00+00:00,ionq,qpu.forte-1,36,1,,0.0061,,100000000.0,1000000.0
2024-04-28T00:00:00+00:00,ionq,qpu.aria-1,25,1,,0.0302,0.0124,100000000.0,1000000.0
2024-04-29T00:00:00+00:00,ionq,qpu.forte-1,36,1,,0.0079,,100000000.0,1000000.0
2024-04-29T00:00:00+00:00,ionq,qpu.aria-1,25,1,,0.0309,0.0124,100000000.0,1000000.0
2024-04-30T00:00:00+00:00,ionq,qpu.harmony,11,1,,0.0396,0.0066,10000000000.0,200000.0
2024-04-30T00:00:00+00:00,ionq,qpu.forte-1,36,1,,0.0176,,100000000.0,1000000.0
2024-05-01T00:00:00+00:00,ionq,qpu.harmony,11,1,,0.0492,0.0056,10000000000.0,200000.0
2024-05-01T00:00:00+00:00,ionq,qpu.forte-1,36,1,,0.0055,,100000000.0,1000000.0
2024-05-01T00:00:00+00:00,ionq,qpu.aria-2,25,1,,0.0399,,10000000.0,1500000.0
2024-05-02T00:00:00+00:00,ionq,qpu.harmony,11,1,,0.0875,0.0059,10000000000.0,200000.0
2024-05-02T00:00:00+00:00,ionq,qpu.forte-1,36,1,,0.0057,,100000000.0,1000000.0
2024-05-02T00:00:00+00:00,ionq,qpu.aria-2,25,1,,0.1282,,10000000.0,1500000.0
2024-05-03T00:00:00+00:00,ionq,qpu.harmony,11,1,,0.072,0.0055,10000000000.0,200000.0
2024-05-03T00:00:00+00:00,ionq,qpu.forte-1,36,1,,0.0083,,100000000.0,1000000.0
2024-05-03T00:00:00+00:00,ionq,qpu.aria-2,25,1,,0.1282,,10000000.0,1500000.0
2024-05-04T00:00:00+00:00,ionq,qpu.harmony,11,1,,0.072,0.0066,10000000000.0,200000.0
2024-05-04T00:00:00+00:00,ionq,qpu.forte-1,36,1,,0.0057,,100000000.0,1000000.0
2024-05-04T00:00:00+00:00,ionq,qpu.aria-2,25,1,,0.2093,,10000000.0,1500000.0
2024-05-05T00:00:00+00:00,ionq,qpu.harmony,11,1,,0.0631,0.0053,10000000000.0,200000.0
2024-05-05T00:00:00+00:00,ionq,qpu.forte-1,36,1,,0.0048,,100000000.0,1000000.0
2024-05-05T00:00:00+00:00,ionq,qpu.aria-2,25,1,,,,10000000.0,1500000.0
2024-05-06T00:00:00+00:00,ionq,qpu.harmony,11,1,,0.046,0.0045,10000000000.0,200000.0
2024-05-06T00:00:00+00:00,ionq,qpu.forte-1,36,1,,0.0052,,100000000.0,1000000.0
2024-05-06T00:00:00+00:00,ionq,qpu.aria-2,25,1,,0.0343,0.0032,10000000.0,1500000.0
2024-05-07T00:00:00+00:00,ionq,qpu.harmony,11,1,,0.0377,0.0055,10000000000.0,200000.0
2024-05-07T00:00:00+00:00,ionq,qpu.forte-1,36,1,,0.0047,,100000000.0,1000000.0
2024-05-07T00:00:00+00:00,ionq,qpu.aria-2,25,1,,0.037,0.0028,10000000.0,1500000.0
2024-05-08T00:00:00+00:00,ionq,qpu.harmony,11,1,,0.1169,0.0069,10000000000.0,200000.0
2024-05-08T00:00:00+00:00,ionq,qpu.forte-1,36,1,,0.0071,,100000000.0,1000000.0
2024-05-08T00:00:00+00:00,ionq,qpu.aria-1,25,1,,0.138,0.0124,100000000.0,1000000.0
2024-05-08T00:00:00+00:00,ionq,qpu.aria-2,25,1,,0.0307,0.0029,10000000.0,1500000.0
2024-05-09T00:00:00+00:00,ionq,qpu.harmony,11,1,,0.1186,0.0077,10000000000.0,200000.0
2024-05-09T00:00:00+00:00,ionq,qpu.forte-1,36,1,,0.0157,,100000000.0,1000000.0
2024-05-09T00:00:00+00:00,ionq,qpu.aria-1,25,1,,0.0608,0.0061,100000000.0,1000000.0
2024-05-09T00:00:00+00:00,ionq,qpu.aria-2,25,1,,0.0237,0.0032,10000000.0,1500000.0
2024-05-10T00:00:00+00:00,ionq,qpu.harmony,11,1,,0.086,0.0051,10000000000.0,200000.0
2024-05-10T00:00:00+00:00,ionq,qpu.forte-1,36,1,,0.0053,,100000000.0,1000000.0
2024-05-10T00:00:00+00:00,ionq,qpu.aria-1,25,1,,0.0655,0.0063,100000000.0,1000000.0
2024-05-10T00:00:00+00:00,ionq,qpu.aria-2,25,1,,0.0261,0.0037,10000000.0,1500000.0
2024-05-11T00:00:00+00:00,ionq,qpu.harmony,11,1,,0.086,0.005,10000000000.0,200000.0
2024-05-11T00:00:00+00:00,ionq,qpu.aria-1,25,1,,0.1513,0.0081,100000000.0,1000000.0
2024-05-11T00:00:00+00:00,ionq,qpu.aria-2,25,1,,0.0208,0.0037,10000000.0,1500000.0
2024-05-12T00:00:00+00:00,ionq,qpu.harmony,11,1,,0.086,0.0031,10000000000.0,200000.0
2024-05-12T00:00:00+00:00,ionq,qpu.aria-1,25,1,,0.0422,0.0076,100000000.0,1000000.0
2024-05-12T00:00:00+00:00,ionq,qpu.aria-2,25,1,,0.0232,0.0037,10000000.0,1500000.0
2024-05-13T00:00:00+00:00,ionq,qpu.harmony,11,1,,,0.005,10000000000.0,200000.0
2024-05-13T00:00:00+00:00,ionq,qpu.forte-1,36,1,,0.0053,,100000000.0,1000000.0
2024-05-13T00:00:00+00:00,ionq,qpu.aria-1,25,1,,0.0216,0.0306,100000000.0,1000000.0
2024-05-13T00:00:00+00:00,ionq,qpu.aria-2,25,1,,0.0212,0.0036,10000000.0,1500000.0
2024-05-14T00:00:00+00:00,ionq,qpu.harmony,11,1,,,0.0053,10000000000.0,200000.0
2024-05-14T00:00:00+00:00,ionq,qpu.forte-1,36,1,,0.0063,,100000000.0,1000000.0
2024-05-14T00:00:00+00:00,ionq,qpu.aria-1,25,1,,0.0112,0.0057,100000000.0,1000000.0
2024-05-14T00:00:00+00:00,ionq,qpu.aria-2,25,1,,0.0177,0.0036,10000000.0,1500000.0
2024-05-15T00:00:00+00:00,ionq,qpu.harmony,11,1,,,0.0053,10000000000.0,200000.0
2024-05-15T00:00:00+00:00,ionq,qpu.forte-1,36,1,,0.0075,,100000000.0,1000000.0
2024-05-15T00:00:00+00:00,ionq,qpu.aria-1,25,1,,0.0171,0.0064,100000000.0,1000000.0
2024-05-15T00:00:00+00:00,ionq,qpu.aria-2,25,1,,0.0203,0.0034,10000000.0,1500000.0
2024-05-16T00:00:00+00:00,ionq,qpu.harmony,11,1,,0.0745,0.0079,10000000000.0,200000.0
2024-05-16T00:00:00+00:00,ionq,qpu.aria-1,25,1,,0.0174,0.0068,100000000.0,1000000.0
2024-05-16T00:00:00+00:00,ionq,qpu.aria-2,25,1,,0.0276,0.0035,10000000.0,1500000.0
2024-05-17T00:00:00+00:00,ionq,qpu.harmony,11,1,,0.0507,0.0044,10000000000.0,200000.0
2024-05-17T00:00:00+00:00,ionq,qpu.aria-1,25,1,,0.0193,0.0416,100000000.0,1000000.0
2024-05-17T00:00:00+00:00,ionq,qpu.aria-2,25,1,,0.0237,0.0037,10000000.0,1500000.0
2024-05-18T00:00:00+00:00,ionq,qpu.harmony,11,1,,0.0985,0.0053,10000000000.0,200000.0
2024-05-18T00:00:00+00:00,ionq,qpu.aria-1,25,1,,0.0461,0.0062,100000000.0,1000000.0
2024-05-18T00:00:00+00:00,ionq,qpu.aria-2,25,1,,0.0285,0.0314,10000000.0,1500000.0
2024-05-19T00:00:00+00:00,ionq,qpu.harmony,11,1,,0.0773,0.0048,10000000000.0,200000.0
2024-05-19T00:00:00+00:00,ionq,qpu.aria-1,25,1,,0.0173,0.0064,100000000.0,1000000.0
2024-05-19T00:00:00+00:00,ionq,qpu.aria-2,25,1,,0.0245,0.0036,10000000.0,1500000.0
2024-05-20T00:00:00+00:00,ionq,qpu.harmony,11,1,,0.1229,0.0057,10000000000.0,200000.0
2024-05-20T00:00:00+00:00,ionq,qpu.aria-2,25,1,,0.0229,0.0031,10000000.0,1500000.0
2024-05-21T00:00:00+00:00,ionq,qpu.harmony,11,1,,0.1229,0.0057,10000000000.0,200000.0
2024-05-21T00:00:00+00:00,ionq,qpu.forte-1,36,1,,0.0076,,100000000.0,1000000.0
2024-05-21T00:00:00+00:00,ionq,qpu.aria-1,25,1,,0.0213,0.0058,100000000.0,1000000.0
2024-05-21T00:00:00+00:00,ionq,qpu.aria-2,25,1,,0.0248,0.0049,10000000.0,1500000.0
2024-05-22T00:00:00+00:00,ionq,qpu.harmony,11,1,,0.0582,0.0037,10000000000.0,200000.0
2024-05-22T00:00:00+00:00,ionq,qpu.forte-1,36,1,,0.0067,,100000000.0,1000000.0
2024-05-22T00:00:00+00:00,ionq,qpu.aria-1,25,1,,0.0277,0.0059,100000000.0,1000000.0
2024-05-22T00:00:00+00:00,ionq,qpu.aria-2,25,1,,0.0286,0.0049,10000000.0,1500000.0
2024-05-23T00:00:00+00:00,ionq,qpu.harmony,11,1,,0.0798,0.0064,10000000000.0,200000.0
2024-05-23T00:00:00+00:00,ionq,qpu.forte-1,36,1,,0.0072,,100000000.0,1000000.0
2024-05-23T00:00:00+00:00,ionq,qpu.aria-1,25,1,,0.0251,0.0066,100000000.0,1000000.0
2024-05-23T00:00:00+00:00,ionq,qpu.aria-2,25,1,,0.0376,0.0023,10000000.0,1500000.0
2024-05-24T00:00:00+00:00,ionq,qpu.harmony,11,1,,0.0798,0.0043,10000000000.0,200000.0
2024-05-24T00:00:00+00:00,ionq,qpu.aria-1,25,1,,0.0206,0.0055,100000000.0,1000000.0
2024-05-24T00:00:00+00:00,ionq,qpu.aria-2,25,1,,0.0327,0.0023,10000000.0,1500000.0
2024-05-25T00:00:00+00:00,ionq,qpu.harmony,11,1,,,0.0053,10000000000.0,200000.0
2024-05-25T00:00:00+00:00,ionq,qpu.aria-1,25,1,,0.0351,0.0058,100000000.0,1000000.0
2024-05-25T00:00:00+00:00,ionq,qpu.aria-2,25,1,,0.0217,0.0021,10000000.0,1500000.0
2024-05-26T00:00:00+00:00,ionq,qpu.harmony,11,1,,0.0727,0.0073,10000000000.0,200000.0
2024-05-26T00:00:00+00:00,ionq,qpu.aria-1,25,1,,0.0202,0.0066,100000000.0,1000000.0
2024-05-26T00:00:00+00:00,ionq,qpu.aria-2,25,1,,0.0253,0.0023,10000000.0,1500000.0
2024-05-27T00:00:00+00:00,ionq,qpu.harmony,11,1,,0.0727,0.0064,10000000000.0,200000.0
2024-05-27T00:00:00+00:00,ionq,qpu.aria-1,25,1,,0.0169,0.0084,100000000.0,1000000.0
2024-05-27T00:00:00+00:00,ionq,qpu.aria-2,25,1,,0.0306,0.0023,10000000.0,1500000.0
2024-05-28T00:00:00+00:00,ionq,qpu.harmony,11,1,,0.0727,0.0034,10000000000.0,200000.0
2024-05-28T00:00:00+00:00,ionq,qpu.forte-1,36,1,,0.0094,,100000000.0,1000000.0
2024-05-28T00:00:00+00:00,ionq,qpu.aria-1,25,1,,0.0214,0.0058,100000000.0,1000000.0
2024-05-28T00:00:00+00:00,ionq,qpu.aria-2,25,1,,0.0281,0.0044,10000000.0,1500000.0
2024-05-29T00:00:00+00:00,ionq,qpu.harmony,11,1,,0.0727,0.0047,10000000000.0,200000.0
2024-05-29T00:00:00+00:00,ionq,qpu.forte-1,36,1,,0.0094,,100000000.0,1000000.0
2024-05-29T00:00:00+00:00,ionq,qpu.aria-1,25,1,,0.0233,0.005,100000000.0,1000000.0
2024-05-29T00:00:00+00:00,ionq,qpu.aria-2,25,1,,0.0799,0.0126,10000000.0,1500000.0
2024-05-30T00:00:00+00:00,ionq,qpu.harmony,11,1,,0.0727,0.0065,10000000000.0,200000.0
2024-05-30T00:00:00+00:00,ionq,qpu.forte-1,36,1,,0.009,,100000000.0,1000000.0
2024-05-30T00:00:00+00:00,ionq,qpu.aria-1,25,1,,0.0281,0.0049,100000000.0,1000000.0
2024-05-30T00:00:00+00:00,ionq,qpu.aria-2,25,1,,0.021,0.0042,10000000.0,1500000.0
2024-05-31T00:00:00+00:00,ionq,qpu.harmony,11,1,,0.0727,0.0065,10000000000.0,200000.0
2024-05-31T00:00:00+00:00,ionq,qpu.forte-1,36,1,,0.0044,,100000000.0,1000000.0
2024-05-31T00:00:00+00:00,ionq,qpu.aria-1,25,1,,0.0195,0.0048,100000000.0,1000000.0
2024-05-31T00:00:00+00:00,ionq,qpu.aria-2,25,1,,0.0283,0.0033,10000000.0,1500000.0
2024-06-01T00:00:00+00:00,ionq,qpu.harmony,11,1,,0.0727,0.0039,10000000000.0,200000.0
2024-06-01T00:00:00+00:00,ionq,qpu.forte-1,36,1,,0.0122,,100000000.0,1000000.0
2024-06-01T00:00:00+00:00,ionq,qpu.aria-1,25,1,,0.0193,0.0052,100000000.0,1000000.0
2024-06-01T00:00:00+00:00,ionq,qpu.aria-2,25,1,,0.0242,0.0026,10000000.0,1500000.0
2024-06-02T00:00:00+00:00,ionq,qpu.harmony,11,1,,0.0488,0.0051,10000000000.0,200000.0
2024-06-02T00:00:00+00:00,ionq,qpu.forte-1,36,1,,0.0049,,100000000.0,1000000.0
2024-06-02T00:00:00+00:00,ionq,qpu.aria-1,25,1,,0.0375,0.0053,100000000.0,1000000.0
2024-06-02T00:00:00+00:00,ionq,qpu.aria-2,25,1,,0.0271,0.0032,10000000.0,1500000.0
2024-06-03T00:00:00+00:00,ionq,qpu.harmony,11,1,,0.1331,0.005,10000000000.0,200000.0
2024-06-03T00:00:00+00:00,ionq,qpu.forte-1,36,1,,0.017,,100000000.0,1000000.0
2024-06-03T00:00:00+00:00,ionq,qpu.aria-1,25,1,,0.0556,0.0053,100000000.0,1000000.0
2024-06-03T00:00:00+00:00,ionq,qpu.aria-2,25,1,,0.0463,0.0046,10000000.0,1500000.0
2024-06-04T00:00:00+00:00,ionq,qpu.harmony,11,1,,0.0503,0.0042,10000000000.0,200000.0
2024-06-04T00:00:00+00:00,ionq,qpu.aria-1,25,1,,0.0857,0.0052,100000000.0,1000000.0
2024-06-04T00:00:00+00:00,ionq,qpu.aria-2,25,1,,0.0724,,10000000.0,1500000.0
2024-06-05T00:00:00+00:00,ionq,qpu.harmony,11,1,,0.0346,0.0054,10000000000.0,200000.0
2024-06-05T00:00:00+00:00,ionq,qpu.aria-2,25,1,,0.2077,0.0029,10000000.0,1500000.0
2024-06-06T00:00:00+00:00,ionq,qpu.harmony,11,1,,0.0797,0.0056,10000000000.0,200000.0
2024-06-06T00:00:00+00:00,ionq,qpu.aria-1,25,1,,0.1082,0.0062,100000000.0,1000000.0
2024-06-07T00:00:00+00:00,ionq,qpu.aria-1,25,1,,0.0932,0.0062,100000000.0,1000000.0
2024-06-08T00:00:00+00:00,ionq,qpu.harmony,11,1,,0.0797,0.0041,10000000000.0,200000.0
2024-06-09T00:00:00+00:00,ionq,qpu.harmony,11,1,,0.0904,0.0052,10000000000.0,200000.0
2024-06-10T00:00:00+00:00,ionq,qpu.harmony,11,1,,0.0788,0.0065,10000000000.0,200000.0
2024-06-11T00:00:00+00:00,ionq,qpu.harmony,11,1,,0.074,0.0042,10000000000.0,200000.0
2024-06-12T00:00:00+00:00,ionq,qpu.harmony,11,1,,0.0766,0.0063,10000000000.0,200000.0
2024-06-13T00:00:00+00:00,ionq,qpu.harmony,11,1,,0.095,0.0046,10000000000.0,200000.0
2024-06-14T00:00:00+00:00,ionq,qpu.harmony,11,1,,0.0459,0.0052,10000000000.0,200000.0
2024-06-15T00:00:00+00:00,ionq,qpu.harmony,11,1,,0.0774,,10000000000.0,200000.0
2024-06-16T00:00:00+00:00,ionq,qpu.harmony,11,1,,0.0926,0.0049,10000000000.0,200000.0
2024-06-17T00:00:00+00:00,ionq,qpu.harmony,11,1,,0.0842,0.0042,10000000000.0,200000.0
2024-06-18T00:00:00+00:00,ionq,qpu.harmony,11,1,,0.0608,0.0057,10000000000.0,200000.0
2024-06-19T00:00:00+00:00,ionq,qpu.harmony,11,1,,0.0613,0.0063,10000000000.0,200000.0
2024-06-26T00:00:00+00:00,ionq,qpu.forte-1,36,1,,0.0081,,100000000.0,1000000.0
2024-06-27T00:00:00+00:00,ionq,qpu.forte-1,36,1,,0.0089,,100000000.0,1000000.0
2024-06-28T00:00:00+00:00,ionq,qpu.forte-1,36,1,,0.0035,,100000000.0,1000000.0
2024-07-02T00:00:00+00:00,ionq,qpu.aria-2,25,1,,0.0349,0.0029,10000000.0,1500000.0
2024-07-03T00:00:00+00:00,ionq,qpu.aria-2,25,1,,0.0503,0.0029,10000000.0,1500000.0
2024-07-04T00:00:00+00:00,ionq,qpu.harmony,11,1,,0.0486,0.0051,10000000000.0,200000.0
2024-07-04T00:00:00+00:00,ionq,qpu.aria-2,25,1,,0.0951,0.0026,10000000.0,1500000.0
2024-07-05T00:00:00+00:00,ionq,qpu.harmony,11,1,,0.0406,0.0063,10000000000.0,200000.0
2024-07-08T00:00:00+00:00,ionq,qpu.forte-1,36,1,,0.0092,,100000000.0,1000000.0
2024-07-08T00:00:00+00:00,ionq,qpu.aria-2,25,1,,0.0242,0.0026,10000000.0,1500000.0
2024-07-09T00:00:00+00:00,ionq,qpu.harmony,11,1,,0.0406,0.0063,10000000000.0,200000.0
2024-07-09T00:00:00+00:00,ionq,qpu.forte-1,36,1,,0.0154,,100000000.0,1000000.0
2024-07-09T00:00:00+00:00,ionq,qpu.aria-2,25,1,,0.0353,0.0026,10000000.0,1500000.0
2024-07-10T00:00:00+00:00,ionq,qpu.harmony,11,1,,0.0284,0.0079,10000000000.0,200000.0
2024-07-10T00:00:00+00:00,ionq,qpu.forte-1,36,1,,0.0514,,100000000.0,1000000.0
2024-07-10T00:00:00+00:00,ionq,qpu.aria-2,25,1,,0.0323,0.0027,10000000.0,1500000.0
2024-07-11T00:00:00+00:00,ionq,qpu.harmony,11,1,,,0.0042,10000000000.0,200000.0
2024-07-11T00:00:00+00:00,ionq,qpu.forte-1,36,1,,0.0068,,100000000.0,1000000.0
2024-07-11T00:00:00+00:00,ionq,qpu.aria-2,25,1,,0.0299,0.0027,10000000.0,1500000.0
2024-07-12T00:00:00+00:00,ionq,qpu.harmony,11,1,,,0.0069,10000000000.0,200000.0
2024-07-12T00:00:00+00:00,ionq,qpu.forte-1,36,1,,0.0068,,100000000.0,1000000.0
2024-07-12T00:00:00+00:00,ionq,qpu.aria-2,25,1,,0.0301,0.0025,10000000.0,1500000.0
2024-07-13T00:00:00+00:00,ionq,qpu.harmony,11,1,,0.0907,0.0087,10000000000.0,200000.0
2024-07-13T00:00:00+00:00,ionq,qpu.aria-2,25,1,,0.0397,0.0025,10000000.0,1500000.0
2024-07-14T00:00:00+00:00,ionq,qpu.harmony,11,1,,0.0907,0.0061,10000000000.0,200000.0
2024-07-14T00:00:00+00:00,ionq,qpu.aria-2,25,1,,0.0418,0.0025,10000000.0,1500000.0
2024-07-15T00:00:00+00:00,ionq,qpu.harmony,11,1,,0.0907,0.0063,10000000000.0,200000.0
2024-07-15T00:00:00+00:00,ionq,qpu.aria-2,25,1,,0.0363,0.0025,10000000.0,1500000.0
2024-07-16T00:00:00+00:00,ionq,qpu.harmony,11,1,,0.0935,0.0073,10000000000.0,200000.0
2024-07-16T00:00:00+00:00,ionq,qpu.aria-2,25,1,,0.0435,0.0032,10000000.0,1500000.0
2024-07-17T00:00:00+00:00,ionq,qpu.harmony,11,1,,0.0869,0.0069,10000000000.0,200000.0
2024-07-17T00:00:00+00:00,ionq,qpu.forte-1,36,1,,0.0216,,100000000.0,1000000.0
2024-07-17T00:00:00+00:00,ionq,qpu.aria-2,25,1,,0.0442,0.0031,10000000.0,1500000.0
2024-07-18T00:00:00+00:00,ionq,qpu.harmony,11,1,,0.1052,0.0077,10000000000.0,200000.0
2024-07-18T00:00:00+00:00,ionq,qpu.aria-2,25,1,,0.0503,0.0032,10000000.0,1500000.0
2024-07-19T00:00:00+00:00,ionq,qpu.harmony,11,1,,0.1127,0.0105,10000000000.0,200000.0
2024-07-19T00:00:00+00:00,ionq,qpu.aria-2,25,1,,0.0391,0.0041,10000000.0,1500000.0
2024-07-20T00:00:00+00:00,ionq,qpu.harmony,11,1,,0.0729,0.0081,10000000000.0,200000.0
2024-07-20T00:00:00+00:00,ionq,qpu.forte-1,36,1,,0.0072,,100000000.0,1000000.0
2024-07-20T00:00:00+00:00,ionq,qpu.aria-2,25,1,,0.0601,0.0044,10000000.0,1500000.0
2024-07-21T00:00:00+00:00,ionq,qpu.harmony,11,1,,0.0859,0.0049,10000000000.0,200000.0
2024-07-21T00:00:00+00:00,ionq,qpu.forte-1,36,1,,0.0137,,100000000.0,1000000.0
2024-07-21T00:00:00+00:00,ionq,qpu.aria-2,25,1,,0.0398,0.0044,10000000.0,1500000.0
2024-07-22T00:00:00+00:00,ionq,qpu.harmony,11,1,,0.0957,0.0064,10000000000.0,200000.0
2024-07-22T00:00:00+00:00,ionq,qpu.forte-1,36,1,,0.0124,,100000000.0,1000000.0
2024-07-22T00:00:00+00:00,ionq,qpu.aria-2,25,1,,0.0486,0.0042,10000000.0,1500000.0
2024-07-23T00:00:00+00:00,ionq,qpu.harmony,11,1,,0.0766,0.0057,10000000000.0,200000.0
2024-07-23T00:00:00+00:00,ionq,qpu.forte-1,36,1,,0.015,,100000000.0,1000000.0
2024-07-23T00:00:00+00:00,ionq,qpu.aria-2,25,1,,0.0408,0.0045,10000000.0,1500000.0
2024-07-24T00:00:00+00:00,ionq,qpu.harmony,11,1,,0.0387,0.0063,10000000000.0,200000.0
2024-07-24T00:00:00+00:00,ionq,qpu.forte-1,36,1,,0.0075,0.0098,100000000.0,1000000.0
2024-07-24T00:00:00+00:00,ionq,qpu.aria-2,25,1,,0.1106,0.0041,10000000.0,1500000.0
2024-07-25T00:00:00+00:00,ionq,qpu.harmony,11,1,,0.0469,0.0057,10000000000.0,200000.0
2024-07-25T00:00:00+00:00,ionq,qpu.forte-1,36,1,,0.013,0.0098,100000000.0,1000000.0
2024-07-25T00:00:00+00:00,ionq,qpu.aria-2,25,1,,0.0301,0.0038,10000000.0,1500000.0
2024-07-26T00:00:00+00:00,ionq,qpu.harmony,11,1,,0.0367,0.0051,10000000000.0,200000.0
2024-07-26T00:00:00+00:00,ionq,qpu.forte-1,36,1,,0.0122,0.0098,100000000.0,1000000.0
2024-07-26T00:00:00+00:00,ionq,qpu.aria-2,25,1,,0.0296,0.0038,10000000.0,1500000.0
2024-07-27T00:00:00+00:00,ionq,qpu.harmony,11,1,,0.0367,0.0057,10000000000.0,200000.0
2024-07-27T00:00:00+00:00,ionq,qpu.forte-1,36,1,,0.008,0.0098,100000000.0,1000000.0
2024-07-27T00:00:00+00:00,ionq,qpu.aria-2,25,1,,0.0435,0.004,10000000.0,1500000.0
2024-07-28T00:00:00+00:00,ionq,qpu.harmony,11,1,,0.0759,0.0059,10000000000.0,200000.0
2024-07-28T00:00:00+00:00,ionq,qpu.forte-1,36,1,,0.0062,0.0098,100000000.0,1000000.0
2024-07-28T00:00:00+00:00,ionq,qpu.aria-2,25,1,,0.0354,0.0042,10000000.0,1500000.0
2024-07-29T00:00:00+00:00,ionq,qpu.harmony,11,1,,0.0568,0.0064,10000000000.0,200000.0
2024-07-29T00:00:00+00:00,ionq,qpu.forte-1,36,1,,0.0101,0.0098,100000000.0,1000000.0
2024-07-29T00:00:00+00:00,ionq,qpu.aria-2,25,1,,0.0317,0.0052,10000000.0,1500000.0
2024-07-30T00:00:00+00:00,ionq,qpu.harmony,11,1,,0.0452,0.0053,10000000000.0,200000.0
2024-07-30T00:00:00+00:00,ionq,qpu.forte-1,36,1,,0.0212,0.0095,100000000.0,1000000.0
2024-07-30T00:00:00+00:00,ionq,qpu.aria-2,25,1,,0.0385,0.005,10000000.0,1500000.0
2024-07-31T00:00:00+00:00,ionq,qpu.harmony,11,1,,0.0531,0.007,10000000000.0,200000.0
2024-07-31T00:00:00+00:00,ionq,qpu.forte-1,36,1,,0.0259,0.0074,100000000.0,1000000.0
2024-07-31T00:00:00+00:00,ionq,qpu.aria-2,25,1,,0.032,0.0046,10000000.0,1500000.0
2024-08-01T00:00:00+00:00,ionq,qpu.harmony,11,1,,0.0614,0.0072,10000000000.0,200000.0
2024-08-01T00:00:00+00:00,ionq,qpu.forte-1,36,1,,0.0443,0.0077,100000000.0,1000000.0
2024-08-01T00:00:00+00:00,ionq,qpu.aria-2,25,1,,0.0383,,10000000.0,1500000.0
2024-08-02T00:00:00+00:00,ionq,qpu.harmony,11,1,,0.0516,0.007,10000000000.0,200000.0
2024-08-02T00:00:00+00:00,ionq,qpu.forte-1,36,1,,0.0493,,100000000.0,1000000.0
2024-08-02T00:00:00+00:00,ionq,qpu.aria-2,25,1,,0.0481,,10000000.0,1500000.0
2024-08-03T00:00:00+00:00,ionq,qpu.harmony,11,1,,0.0487,0.0068,10000000000.0,200000.0
2024-08-03T00:00:00+00:00,ionq,qpu.forte-1,36,1,,0.008,0.0074,100000000.0,1000000.0
2024-08-03T00:00:00+00:00,ionq,qpu.aria-2,25,1,,0.0592,0.0027,10000000.0,1500000.0
2024-08-04T00:00:00+00:00,ionq,qpu.harmony,11,1,,0.0452,0.0045,10000000000.0,200000.0
2024-08-04T00:00:00+00:00,ionq,qpu.forte-1,36,1,,0.0163,0.0081,100000000.0,1000000.0
2024-08-04T00:00:00+00:00,ionq,qpu.aria-2,25,1,,0.0401,0.003,10000000.0,1500000.0
2024-08-05T00:00:00+00:00,ionq,qpu.harmony,11,1,,0.039,0.0063,10000000000.0,200000.0
2024-08-05T00:00:00+00:00,ionq,qpu.forte-1,36,1,,0.0123,0.0078,100000000.0,1000000.0
2024-08-05T00:00:00+00:00,ionq,qpu.aria-2,25,1,,0.0436,0.003,10000000.0,1500000.0
2024-08-06T00:00:00+00:00,ionq,qpu.harmony,11,1,,0.0418,0.0053,10000000000.0,200000.0
2024-08-06T00:00:00+00:00,ionq,qpu.forte-1,36,1,,0.0078,0.0073,100000000.0,1000000.0
2024-08-06T00:00:00+00:00,ionq,qpu.aria-2,25,1,,0.052,0.0035,10000000.0,1500000.0
2024-08-07T00:00:00+00:00,ionq,qpu.harmony,11,1,,0.0393,0.0068,10000000000.0,200000.0
2024-08-07T00:00:00+00:00,ionq,qpu.forte-1,36,1,,0.0219,0.0077,100000000.0,1000000.0
2024-08-07T00:00:00+00:00,ionq,qpu.aria-2,25,1,,0.0399,0.0035,10000000.0,1500000.0
2024-08-08T00:00:00+00:00,ionq,qpu.harmony,11,1,,0.1124,0.007,10000000000.0,200000.0
2024-08-08T00:00:00+00:00,ionq,qpu.forte-1,36,1,,0.0264,0.007,100000000.0,1000000.0
2024-08-08T00:00:00+00:00,ionq,qpu.aria-2,25,1,,0.0344,0.0035,10000000.0,1500000.0
2024-08-09T00:00:00+00:00,ionq,qpu.harmony,11,1,,0.0695,0.0071,10000000000.0,200000.0
2024-08-09T00:00:00+00:00,ionq,qpu.forte-1,36,1,,0.0217,0.0069,100000000.0,1000000.0
2024-08-09T00:00:00+00:00,ionq,qpu.aria-2,25,1,,0.0439,0.0034,10000000.0,1500000.0
2024-08-10T00:00:00+00:00,ionq,qpu.harmony,11,1,,0.0695,0.0065,10000000000.0,200000.0
2024-08-10T00:00:00+00:00,ionq,qpu.forte-1,36,1,,0.0302,0.0075,100000000.0,1000000.0
2024-08-10T00:00:00+00:00,ionq,qpu.aria-2,25,1,,0.0397,0.0034,10000000.0,1500000.0
2024-08-11T00:00:00+00:00,ionq,qpu.harmony,11,1,,0.0991,0.0049,10000000000.0,200000.0
2024-08-11T00:00:00+00:00,ionq,qpu.forte-1,36,1,,0.013,0.0076,100000000.0,1000000.0
2024-08-11T00:00:00+00:00,ionq,qpu.aria-2,25,1,,0.0467,0.0033,10000000.0,1500000.0
2024-08-12T00:00:00+00:00,ionq,qpu.harmony,11,1,,0.039,0.0049,10000000000.0,200000.0
2024-08-12T00:00:00+00:00,ionq,qpu.forte-1,36,1,,0.0209,0.0072,100000000.0,1000000.0
2024-08-12T00:00:00+00:00,ionq,qpu.aria-2,25,1,,0.0405,,10000000.0,1500000.0
2024-08-13T00:00:00+00:00,ionq,qpu.harmony,11,1,,0.0445,0.0064,10000000000.0,200000.0
2024-08-13T00:00:00+00:00,ionq,qpu.forte-1,36,1,,0.0088,0.0076,100000000.0,1000000.0
2024-08-14T00:00:00+00:00,ionq,qpu.harmony,11,1,,0.0777,0.0055,10000000000.0,200000.0
2024-08-14T00:00:00+00:00,ionq,qpu.forte-1,36,1,,0.0142,0.0077,100000000.0,1000000.0
2024-08-14T00:00:00+00:00,ionq,qpu.aria-2,25,1,,0.0371,0.0043,10000000.0,1500000.0
2024-08-15T00:00:00+00:00,ionq,qpu.harmony,11,1,,0.0807,0.0055,10000000000.0,200000.0
2024-08-15T00:00:00+00:00,ionq,qpu.forte-1,36,1,,0.011,0.0075,100000000.0,1000000.0
2024-08-15T00:00:00+00:00,ionq,qpu.aria-2,25,1,,0.0425,0.0042,10000000.0,1500000.0
2024-08-16T00:00:00+00:00,ionq,qpu.harmony,11,1,,0.0807,0.0068,10000000000.0,200000.0
2024-08-16T00:00:00+00:00,ionq,qpu.forte-1,36,1,,0.0174,0.0075,100000000.0,1000000.0
2024-08-16T00:00:00+00:00,ionq,qpu.aria-2,25,1,,0.0445,0.0042,10000000.0,1500000.0
2024-08-17T00:00:00+00:00,ionq,qpu.harmony,11,1,,0.0584,0.007,10000000000.0,200000.0
2024-08-17T00:00:00+00:00,ionq,qpu.aria-2,25,1,,0.0305,0.0037,10000000.0,1500000.0
2024-08-18T00:00:00+00:00,ionq,qpu.harmony,11,1,,0.0584,0.0059,10000000000.0,200000.0
2024-08-18T00:00:00+00:00,ionq,qpu.aria-2,25,1,,0.0282,0.0037,10000000.0,1500000.0
2024-08-19T00:00:00+00:00,ionq,qpu.harmony,11,1,,0.0584,0.0043,10000000000.0,200000.0
2024-08-19T00:00:00+00:00,ionq,qpu.aria-2,25,1,,0.031,0.0037,10000000.0,1500000.0
2024-08-20T00:00:00+00:00,ionq,qpu.harmony,11,1,,0.0395,0.0054,10000000000.0,200000.0
2024-08-20T00:00:00+00:00,ionq,qpu.aria-2,25,1,,0.0361,0.0037,10000000.0,1500000.0
2024-08-21T00:00:00+00:00,ionq,qpu.harmony,11,1,,0.0395,0.0054,10000000000.0,200000.0
2024-08-22T00:00:00+00:00,ionq,qpu.harmony,11,1,,0.0361,0.0043,10000000000.0,200000.0
2024-08-22T00:00:00+00:00,ionq,qpu.forte-1,36,1,,0.2253,,100000000.0,1000000.0
2024-08-22T00:00:00+00:00,ionq,qpu.aria-1,25,1,,0.0116,0.0071,100000000.0,1000000.0
2024-08-22T00:00:00+00:00,ionq,qpu.aria-2,25,1,,0.0317,0.0059,10000000.0,1500000.0
2024-08-23T00:00:00+00:00,ionq,qpu.harmony,11,1,,0.0646,0.0076,10000000000.0,200000.0
2024-08-23T00:00:00+00:00,ionq,qpu.forte-1,36,1,,0.0952,,100000000.0,1000000.0
2024-08-23T00:00:00+00:00,ionq,qpu.aria-1,25,1,,0.0111,0.0073,100000000.0,1000000.0
2024-08-23T00:00:00+00:00,ionq,qpu.aria-2,25,1,,0.0265,0.0067,10000000.0,1500000.0
2024-08-24T00:00:00+00:00,ionq,qpu.harmony,11,1,,0.0235,0.0067,10000000000.0,200000.0
2024-08-24T00:00:00+00:00,ionq,qpu.forte-1,36,1,,0.0311,,100000000.0,1000000.0
2024-08-24T00:00:00+00:00,ionq,qpu.aria-1,25,1,,0.0117,0.008,100000000.0,1000000.0
2024-08-25T00:00:00+00:00,ionq,qpu.harmony,11,1,,0.0235,0.0061,10000000000.0,200000.0
2024-08-25T00:00:00+00:00,ionq,qpu.forte-1,36,1,,0.0408,,100000000.0,1000000.0
2024-08-25T00:00:00+00:00,ionq,qpu.aria-1,25,1,,0.0337,0.0059,100000000.0,1000000.0
2024-08-26T00:00:00+00:00,ionq,qpu.harmony,11,1,,0.0579,0.0056,10000000000.0,200000.0
2024-08-26T00:00:00+00:00,ionq,qpu.forte-1,36,1,,0.0212,,100000000.0,1000000.0
2024-08-26T00:00:00+00:00,ionq,qpu.aria-1,25,1,,0.0195,0.0055,100000000.0,1000000.0
2024-08-27T00:00:00+00:00,ionq,qpu.harmony,11,1,,0.0382,0.0065,10000000000.0,200000.0
2024-08-27T00:00:00+00:00,ionq,qpu.forte-1,36,1,,0.0167,,100000000.0,1000000.0
2024-08-27T00:00:00+00:00,ionq,qpu.aria-1,25,1,,0.0115,0.0055,100000000.0,1000000.0
2024-08-28T00:00:00+00:00,ionq,qpu.harmony,11,1,,0.0513,0.0067,10000000000.0,200000.0
2024-08-28T00:00:00+00:00,ionq,qpu.forte-1,36,1,,0.0095,,100000000.0,1000000.0
2024-08-28T00:00:00+00:00,ionq,qpu.aria-1,25,1,,0.0077,0.0057,100000000.0,1000000.0
2024-08-28T00:00:00+00:00,ionq,qpu.aria-2,25,1,,,,10000000.0,1500000.0
2024-08-29T00:00:00+00:00,ionq,qpu.harmony,11,1,,0.0679,0.0051,10000000000.0,200000.0
2024-08-29T00:00:00+00:00,ionq,qpu.forte-1,36,1,,0.0084,,100000000.0,1000000.0
2024-08-29T00:00:00+00:00,ionq,qpu.aria-1,25,1,,0.0131,0.0062,100000000.0,1000000.0
2024-08-29T00:00:00+00:00,ionq,qpu.aria-2,25,1,,0.0879,0.0037,10000000.0,1500000.0
2024-08-30T00:00:00+00:00,ionq,qpu.harmony,11,1,,0.066,0.007,10000000000.0,200000.0
2024-08-30T00:00:00+00:00,ionq,qpu.forte-1,36,1,,0.0085,,100000000.0,1000000.0
2024-08-30T00:00:00+00:00,ionq,qpu.aria-1,25,1,,0.0247,0.0084,100000000.0,1000000.0
2024-08-31T00:00:00+00:00,ionq,qpu.harmony,11,1,,0.0446,0.0092,10000000000.0,200000.0
2024-08-31T00:00:00+00:00,ionq,qpu.forte-1,36,1,,0.0125,,100000000.0,1000000.0
2024-08-31T00:00:00+00:00,ionq,qpu.aria-1,25,1,,0.0346,0.0078,100000000.0,1000000.0
2024-09-01T00:00:00+00:00,ionq,qpu.forte-1,36,1,,0.0201,,100000000.0,1000000.0
2024-09-01T00:00:00+00:00,ionq,qpu.aria-1,25,1,,0.0148,0.0076,100000000.0,1000000.0
2024-09-02T00:00:00+00:00,ionq,qpu.forte-1,36,1,,0.0281,,100000000.0,1000000.0
2024-09-02T00:00:00+00:00,ionq,qpu.aria-1,25,1,,0.0153,0.0067,100000000.0,1000000.0
2024-09-03T00:00:00+00:00,ionq,qpu.aria-1,25,1,,,,100000000.0,1000000.0
2024-09-04T00:00:00+00:00,ionq,qpu.forte-1,36,1,,0.0111,,100000000.0,1000000.0
2024-09-04T00:00:00+00:00,ionq,qpu.aria-1,25,1,,0.012,0.0047,100000000.0,1000000.0
2024-09-05T00:00:00+00:00,ionq,qpu.forte-1,36,1,,0.0123,,100000000.0,1000000.0
2024-09-05T00:00:00+00:00,ionq,qpu.aria-1,25,1,,0.0163,0.005,100000000.0,1000000.0
2024-09-06T00:00:00+00:00,ionq,qpu.forte-1,36,1,,0.0157,,100000000.0,1000000.0
2024-09-06T00:00:00+00:00,ionq,qpu.aria-1,25,1,,0.0143,0.0068,100000000.0,1000000.0
2024-09-07T00:00:00+00:00,ionq,qpu.forte-1,36,1,,0.0271,,100000000.0,1000000.0
2024-09-07T00:00:00+00:00,ionq,qpu.aria-1,25,1,,0.0081,0.0062,100000000.0,1000000.0
2024-09-08T00:00:00+00:00,ionq,qpu.forte-1,36,1,,0.0241,0.0064,100000000.0,1000000.0
2024-09-08T00:00:00+00:00,ionq,qpu.aria-1,25,1,,0.0157,0.0049,100000000.0,1000000.0
2024-09-09T00:00:00+00:00,ionq,qpu.forte-1,36,1,,0.0524,0.0064,100000000.0,1000000.0
2024-09-09T00:00:00+00:00,ionq,qpu.aria-1,25,1,,0.0154,0.0052,100000000.0,1000000.0
2024-09-10T00:00:00+00:00,ionq,qpu.forte-1,36,1,,0.0432,0.0064,100000000.0,1000000.0
2024-09-10T00:00:00+00:00,ionq,qpu.aria-1,25,1,,0.01,0.0052,100000000.0,1000000.0
2024-09-11T00:00:00+00:00,ionq,qpu.forte-1,36,1,,0.0254,0.0064,100000000.0,1000000.0
2024-09-11T00:00:00+00:00,ionq,qpu.aria-1,25,1,,0.007,0.0051,100000000.0,1000000.0
2024-09-12T00:00:00+00:00,ionq,qpu.aria-1,25,1,,0.0097,0.0053,100000000.0,1000000.0
2024-09-13T00:00:00+00:00,ionq,qpu.aria-1,25,1,,0.0138,0.0065,100000000.0,1000000.0
2024-09-14T00:00:00+00:00,ionq,qpu.aria-1,25,1,,0.0143,0.0075,100000000.0,1000000.0
2024-09-15T00:00:00+00:00,ionq,qpu.aria-1,25,1,,0.0163,0.0062,100000000.0,1000000.0
2024-09-16T00:00:00+00:00,ionq,qpu.aria-1,25,1,,0.0235,0.0071,100000000.0,1000000.0
2024-09-17T00:00:00+00:00,ionq,qpu.aria-1,25,1,,0.0158,0.0047,100000000.0,1000000.0
2024-09-18T00:00:00+00:00,ionq,qpu.aria-1,25,1,,0.0197,0.0047,100000000.0,1000000.0
2024-09-19T00:00:00+00:00,ionq,qpu.aria-1,25,1,,0.0134,0.0048,100000000.0,1000000.0
2024-09-19T00:00:00+00:00,ionq,qpu.aria-2,25,1,,0.0419,0.0037,10000000.0,1500000.0
2024-09-20T00:00:00+00:00,ionq,qpu.aria-1,25,1,,0.016,0.0049,100000000.0,1000000.0
2024-09-20T00:00:00+00:00,ionq,qpu.aria-2,25,1,,0.0822,0.0037,10000000.0,1500000.0
2024-09-21T00:00:00+00:00,ionq,qpu.aria-1,25,1,,0.0176,0.0048,100000000.0,1000000.0
2024-09-22T00:00:00+00:00,ionq,qpu.aria-1,25,1,,0.0171,0.0049,100000000.0,1000000.0
2024-09-23T00:00:00+00:00,ionq,qpu.aria-1,25,1,,0.0151,0.0049,100000000.0,1000000.0
2024-09-24T00:00:00+00:00,ionq,qpu.aria-1,25,1,,0.0113,0.0052,100000000.0,1000000.0
2024-09-25T00:00:00+00:00,ionq,qpu.aria-1,25,1,,0.0218,0.0045,100000000.0,1000000.0
2024-09-26T00:00:00+00:00,ionq,qpu.aria-1,25,1,,0.0666,0.0045,100000000.0,1000000.0
2024-09-27T00:00:00+00:00,ionq,qpu.aria-1,25,1,,0.0605,0.0045,100000000.0,1000000.0
2024-09-28T00:00:00+00:00,ionq,qpu.aria-1,25,1,,0.0514,0.0088,100000000.0,1000000.0
2024-09-29T00:00:00+00:00,ionq,qpu.aria-1,25,1,,0.0545,0.0048,100000000.0,1000000.0
2024-09-30T00:00:00+00:00,ionq,qpu.aria-1,25,1,,0.0559,0.0047,100000000.0,1000000.0
2024-10-01T00:00:00+00:00,ionq,qpu.aria-1,25,1,,0.0113,0.0047,100000000.0,1000000.0
2024-10-01T12:00:00+00:00,ibm,ibm_fez,156,1,,0.02213,0.02812,113.7,97.1
2024-10-02T00:00:00+00:00,ionq,qpu.aria-1,25,1,,0.0211,0.0051,100000000.0,1000000.0
2024-10-02T12:00:00+00:00,ibm,ibm_fez,156,1,,0.01825,0.02712,123.4,91.6
2024-10-03T00:00:00+00:00,ionq,qpu.aria-1,25,1,,0.0109,0.0077,100000000.0,1000000.0
2024-10-03T12:00:00+00:00,ibm,ibm_fez,156,1,,0.01822,0.02748,124.3,82.7
2024-10-04T00:00:00+00:00,ionq,qpu.aria-1,25,1,,0.0157,0.0056,100000000.0,1000000.0
2024-10-04T00:00:00+00:00,ionq,qpu.aria-2,25,1,,0.0525,0.0037,10000000.0,1500000.0
2024-10-04T12:00:00+00:00,ibm,ibm_fez,156,1,,0.01806,0.02539,132.5,94.4
2024-10-05T00:00:00+00:00,ionq,qpu.aria-1,25,1,,0.0087,0.0068,100000000.0,1000000.0
2024-10-05T12:00:00+00:00,ibm,ibm_fez,156,1,,0.01733,0.02225,116.2,100.9
2024-10-06T00:00:00+00:00,ionq,qpu.aria-1,25,1,,0.011,0.006,100000000.0,1000000.0
2024-10-06T12:00:00+00:00,ibm,ibm_fez,156,1,,0.0166,0.02216,125.2,102.2
2024-10-07T00:00:00+00:00,ionq,qpu.aria-1,25,1,,0.0096,0.0048,100000000.0,1000000.0
2024-10-07T12:00:00+00:00,ibm,ibm_fez,156,1,,0.01706,0.0222,120.3,105.1
2024-10-08T00:00:00+00:00,ionq,qpu.aria-1,25,1,,0.0155,0.0048,100000000.0,1000000.0
2024-10-08T12:00:00+00:00,ibm,ibm_marrakesh,156,1,,0.19489,0.04673,154.2,130.1
2024-10-08T12:00:00+00:00,ibm,ibm_fez,156,1,,0.01743,0.02241,114.6,96.5
2024-10-09T00:00:00+00:00,ionq,qpu.aria-1,25,1,,0.0148,0.0057,100000000.0,1000000.0
2024-10-09T00:00:00+00:00,ionq,qpu.aria-2,25,1,,0.0464,0.0037,10000000.0,1500000.0
2024-10-09T12:00:00+00:00,ibm,ibm_marrakesh,156,1,,0.99443,0.03173,154.1,118.0
2024-10-09T12:00:00+00:00,ibm,ibm_fez,156,1,,0.01681,0.02203,122.0,93.8
2024-10-10T00:00:00+00:00,ionq,qpu.aria-1,25,1,,0.0176,0.0116,100000000.0,1000000.0
2024-10-10T00:00:00+00:00,ionq,qpu.aria-2,25,1,,0.0464,0.0032,10000000.0,1500000.0
2024-10-10T12:00:00+00:00,ibm,ibm_marrakesh,156,1,,0.07445,0.02856,160.6,132.7
2024-10-10T12:00:00+00:00,ibm,ibm_fez,156,1,,0.0175,0.02247,126.3,91.2
2024-10-11T00:00:00+00:00,ionq,qpu.aria-1,25,1,,0.0209,0.005,100000000.0,1000000.0
2024-10-11T00:00:00+00:00,ionq,qpu.aria-2,25,1,,0.0404,0.003,10000000.0,1500000.0
2024-10-11T12:00:00+00:00,ibm,ibm_marrakesh,156,1,,0.03791,0.02579,173.3,122.4
2024-10-11T12:00:00+00:00,ibm,ibm_fez,156,1,,0.01637,0.02229,112.4,94.4
2024-10-12T00:00:00+00:00,ionq,qpu.aria-1,25,1,,0.0193,0.0049,100000000.0,1000000.0
2024-10-12T00:00:00+00:00,ionq,qpu.aria-2,25,1,,0.0459,0.003,10000000.0,1500000.0
2024-10-12T12:00:00+00:00,ibm,ibm_marrakesh,156,1,,0.0332,0.02531,168.9,118.3
2024-10-12T12:00:00+00:00,ibm,ibm_fez,156,1,,0.02171,0.02229,112.4,94.4
2024-10-13T00:00:00+00:00,ionq,qpu.aria-1,25,1,,0.0102,0.0049,100000000.0,1000000.0
2024-10-13T00:00:00+00:00,ionq,qpu.aria-2,25,1,,0.0469,0.003,10000000.0,1500000.0
2024-10-13T12:00:00+00:00,ibm,ibm_marrakesh,156,1,,0.03591,0.03462,169.1,111.0
2024-10-13T12:00:00+00:00,ibm,ibm_fez,156,1,,0.022,0.02186,124.3,94.7
2024-10-14T00:00:00+00:00,ionq,qpu.aria-1,25,1,,0.0108,0.0054,100000000.0,1000000.0
2024-10-14T00:00:00+00:00,ionq,qpu.aria-2,25,1,,0.0616,,10000000.0,1500000.0
2024-10-14T12:00:00+00:00,ibm,ibm_marrakesh,156,1,,0.02587,0.03581,175.1,118.8
2024-10-14T12:00:00+00:00,ibm,ibm_fez,156,1,,0.02217,0.02231,118.4,92.5
2024-10-15T00:00:00+00:00,ionq,qpu.aria-1,25,1,,0.0126,0.0058,100000000.0,1000000.0
2024-10-15T00:00:00+00:00,ionq,qpu.aria-2,25,1,,0.0525,0.003,10000000.0,1500000.0
2024-10-15T12:00:00+00:00,ibm,ibm_marrakesh,156,1,,0.02677,0.02959,180.6,130.2
2024-10-15T12:00:00+00:00,ibm,ibm_fez,156,1,,0.02188,0.02236,126.2,92.5
2024-10-16T00:00:00+00:00,ionq,qpu.aria-1,25,1,,0.0102,0.0055,100000000.0,1000000.0
2024-10-16T00:00:00+00:00,ionq,qpu.aria-2,25,1,,0.066,0.003,10000000.0,1500000.0
2024-10-16T12:00:00+00:00,ibm,ibm_marrakesh,156,1,,0.02533,0.02749,173.2,124.9
2024-10-16T12:00:00+00:00,ibm,ibm_fez,156,1,,0.02207,0.02176,124.0,85.7
2024-10-17T00:00:00+00:00,ionq,qpu.forte-1,36,1,,0.0193,0.0064,100000000.0,1000000.0
2024-10-17T00:00:00+00:00,ionq,qpu.aria-1,25,1,,0.0108,0.0064,100000000.0,1000000.0
2024-10-17T00:00:00+00:00,ionq,qpu.aria-2,25,1,,0.0522,0.0027,10000000.0,1500000.0
2024-10-17T12:00:00+00:00,ibm,ibm_marrakesh,156,1,,0.03492,0.02268,172.6,113.2
2024-10-17T12:00:00+00:00,ibm,ibm_fez,156,1,,0.01792,0.02224,113.8,95.7
2024-10-18T00:00:00+00:00,ionq,qpu.aria-1,25,1,,0.0116,0.0058,100000000.0,1000000.0
2024-10-18T00:00:00+00:00,ionq,qpu.aria-2,25,1,,0.0727,0.0025,10000000.0,1500000.0
2024-10-18T12:00:00+00:00,ibm,ibm_marrakesh,156,1,,0.02849,0.03126,172.6,113.2
2024-10-18T12:00:00+00:00,ibm,ibm_fez,156,1,,0.01729,0.02429,137.7,104.7
2024-10-19T00:00:00+00:00,ionq,qpu.aria-1,25,1,,0.0165,0.0054,100000000.0,1000000.0
2024-10-19T12:00:00+00:00,ibm,ibm_marrakesh,156,1,,0.03817,0.02778,164.1,103.6
2024-10-19T12:00:00+00:00,ibm,ibm_fez,156,1,,0.01692,0.02443,128.4,87.2
2024-10-20T00:00:00+00:00,ionq,qpu.forte-1,36,1,,0.0086,0.0064,100000000.0,1000000.0
2024-10-20T00:00:00+00:00,ionq,qpu.aria-1,25,1,,0.0144,0.0063,100000000.0,1000000.0
2024-10-20T12:00:00+00:00,ibm,ibm_marrakesh,156,1,,0.0395,0.02745,169.9,122.3
2024-10-20T12:00:00+00:00,ibm,ibm_fez,156,1,,0.02241,0.02421,125.0,93.4
2024-10-21T00:00:00+00:00,ionq,qpu.forte-1,36,1,,0.0093,0.0064,100000000.0,1000000.0
2024-10-21T00:00:00+00:00,ionq,qpu.aria-1,25,1,,0.0133,0.0049,100000000.0,1000000.0
2024-10-21T12:00:00+00:00,ibm,ibm_marrakesh,156,1,,0.0285,0.03053,171.0,111.5
2024-10-21T12:00:00+00:00,ibm,ibm_fez,156,1,,0.02262,0.02436,116.9,95.6
2024-10-22T00:00:00+00:00,ionq,qpu.aria-1,25,1,,0.021,0.006,100000000.0,1000000.0
2024-10-22T12:00:00+00:00,ibm,ibm_marrakesh,156,1,,0.02793,0.02474,171.5,127.1
2024-10-22T12:00:00+00:00,ibm,ibm_fez,156,1,,0.02202,0.02372,127.5,93.0
2024-10-23T00:00:00+00:00,ionq,qpu.forte-1,36,1,,0.1721,0.0064,100000000.0,1000000.0
2024-10-23T00:00:00+00:00,ionq,qpu.aria-1,25,1,,0.0155,0.006,100000000.0,1000000.0
2024-10-23T12:00:00+00:00,ibm,ibm_marrakesh,156,1,,0.02769,0.02735,182.2,121.6
2024-10-23T12:00:00+00:00,ibm,ibm_fez,156,1,,0.02738,0.02399,119.9,86.6
2024-10-24T00:00:00+00:00,ionq,qpu.forte-1,36,1,,0.0458,0.0064,100000000.0,1000000.0
2024-10-24T00:00:00+00:00,ionq,qpu.aria-1,25,1,,0.0143,0.0057,100000000.0,1000000.0
2024-10-24T00:00:00+00:00,ionq,qpu.aria-2,25,1,,0.0312,0.0025,10000000.0,1500000.0
2024-10-24T12:00:00+00:00,ibm,ibm_marrakesh,156,1,,0.03933,0.03003,183.7,122.3
2024-10-24T12:00:00+00:00,ibm,ibm_fez,156,1,,0.02221,0.02375,122.6,87.8
2024-10-25T00:00:00+00:00,ionq,qpu.forte-1,36,1,,0.0078,0.0064,100000000.0,1000000.0
2024-10-25T00:00:00+00:00,ionq,qpu.aria-1,25,1,,0.0201,0.0063,100000000.0,1000000.0
2024-10-25T00:00:00+00:00,ionq,qpu.aria-2,25,1,,0.0526,0.0025,10000000.0,1500000.0
2024-10-25T12:00:00+00:00,ibm,ibm_marrakesh,156,1,,1.0,1.0,,
2024-10-25T12:00:00+00:00,ibm,ibm_fez,156,1,,0.02218,0.02344,113.6,90.5
2024-10-26T00:00:00+00:00,ionq,qpu.forte-1,36,1,,0.0134,0.011,100000000.0,1000000.0
2024-10-26T00:00:00+00:00,ionq,qpu.aria-1,25,1,,0.0145,0.0062,100000000.0,1000000.0
2024-10-26T00:00:00+00:00,ionq,qpu.aria-2,25,1,,0.0301,0.0026,10000000.0,1500000.0
2024-10-26T12:00:00+00:00,ibm,ibm_marrakesh,156,1,,0.04002,0.03256,176.1,120.3
2024-10-26T12:00:00+00:00,ibm,ibm_fez,156,1,,0.01192,0.02501,118.6,100.7
2024-10-27T00:00:00+00:00,ionq,qpu.aria-1,25,1,,0.0223,0.0069,100000000.0,1000000.0
2024-10-27T00:00:00+00:00,ionq,qpu.aria-2,25,1,,0.0306,,10000000.0,1500000.0
2024-10-27T12:00:00+00:00,ibm,ibm_marrakesh,156,1,,0.03868,0.03485,168.0,118.5
2024-10-27T12:00:00+00:00,ibm,ibm_fez,156,1,,0.01254,0.02326,128.6,90.9
2024-10-28T00:00:00+00:00,ionq,qpu.forte-1,36,1,,0.0107,0.011,100000000.0,1000000.0
2024-10-28T00:00:00+00:00,ionq,qpu.aria-1,25,1,,0.0456,0.0067,100000000.0,1000000.0
2024-10-28T12:00:00+00:00,ibm,ibm_marrakesh,156,1,,0.0393,0.0327,181.7,113.8
2024-10-28T12:00:00+00:00,ibm,ibm_fez,156,1,,0.01336,0.02492,104.3,96.7
2024-10-29T00:00:00+00:00,ionq,qpu.forte-1,36,1,,0.0124,0.011,100000000.0,1000000.0
2024-10-29T12:00:00+00:00,ibm,ibm_marrakesh,156,1,,0.04924,0.0252,165.2,116.4
2024-10-29T12:00:00+00:00,ibm,ibm_fez,156,1,,0.01288,0.02396,118.1,91.4
2024-10-30T00:00:00+00:00,ionq,qpu.forte-1,36,1,,0.0279,0.011,100000000.0,1000000.0
2024-10-30T00:00:00+00:00,ionq,qpu.aria-2,25,1,,0.0418,,10000000.0,1500000.0
2024-10-30T12:00:00+00:00,ibm,ibm_marrakesh,156,1,,0.04924,0.0252,165.2,116.4
2024-10-30T12:00:00+00:00,ibm,ibm_fez,156,1,,0.01288,0.02396,118.1,91.4
2024-10-31T00:00:00+00:00,ionq,qpu.forte-1,36,1,,0.0224,0.0093,100000000.0,1000000.0
2024-10-31T00:00:00+00:00,ionq,qpu.aria-1,25,1,,0.0106,0.005,100000000.0,1000000.0
2024-10-31T00:00:00+00:00,ionq,qpu.aria-2,25,1,,0.0617,,10000000.0,1500000.0
2024-10-31T12:00:00+00:00,ibm,ibm_marrakesh,156,1,,0.04924,0.0252,165.2,116.4
2024-10-31T12:00:00+00:00,ibm,ibm_fez,156,1,,0.01288,0.02396,118.1,91.4
2024-11-01T00:00:00+00:00,ionq,qpu.forte-1,36,1,,0.0112,0.0089,100000000.0,1000000.0
2024-11-01T00:00:00+00:00,ionq,qpu.aria-1,25,1,,0.0114,0.0053,100000000.0,1000000.0
2024-11-01T12:00:00+00:00,ibm,ibm_marrakesh,156,1,,0.04924,0.0252,165.2,116.4
2024-11-01T12:00:00+00:00,ibm,ibm_fez,156,1,,0.01288,0.02396,118.1,91.4
2024-11-02T00:00:00+00:00,ionq,qpu.forte-1,36,1,,0.0113,0.0101,100000000.0,1000000.0
2024-11-02T00:00:00+00:00,ionq,qpu.aria-1,25,1,,0.0129,0.0054,100000000.0,1000000.0
2024-11-02T12:00:00+00:00,ibm,ibm_marrakesh,156,1,,0.04924,0.0252,165.2,116.4
2024-11-02T12:00:00+00:00,ibm,ibm_fez,156,1,,0.01288,0.02396,118.1,91.4
2024-11-03T00:00:00+00:00,ionq,qpu.forte-1,36,1,,0.0131,0.0088,100000000.0,1000000.0
2024-11-03T00:00:00+00:00,ionq,qpu.aria-1,25,1,,0.2102,0.0065,100000000.0,1000000.0
2024-11-03T12:00:00+00:00,ibm,ibm_marrakesh,156,1,,0.04924,0.0252,165.2,116.4
2024-11-03T12:00:00+00:00,ibm,ibm_fez,156,1,,0.01288,0.02396,118.1,91.4
2024-11-04T00:00:00+00:00,ionq,qpu.forte-1,36,1,,0.0125,0.0077,100000000.0,1000000.0
2024-11-04T00:00:00+00:00,ionq,qpu.aria-1,25,1,,0.0212,0.0051,100000000.0,1000000.0
2024-11-04T12:00:00+00:00,ibm,ibm_marrakesh,156,1,,1.0,0.0252,165.2,116.4
2024-11-04T12:00:00+00:00,ibm,ibm_fez,156,1,,0.01288,0.02396,118.1,91.4
2024-11-05T00:00:00+00:00,ionq,qpu.forte-1,36,1,,0.0095,0.0094,100000000.0,1000000.0
2024-11-05T00:00:00+00:00,ionq,qpu.aria-1,25,1,,0.0147,0.005,100000000.0,1000000.0
2024-11-05T12:00:00+00:00,ibm,ibm_marrakesh,156,1,,1.0,0.0252,165.2,116.4
2024-11-05T12:00:00+00:00,ibm,ibm_fez,156,1,,1.0,0.02373,115.0,94.4
2024-11-06T00:00:00+00:00,ionq,qpu.forte-1,36,1,,0.0106,0.0086,100000000.0,1000000.0
2024-11-06T00:00:00+00:00,ionq,qpu.aria-1,25,1,,0.0188,0.0049,100000000.0,1000000.0
2024-11-06T12:00:00+00:00,ibm,ibm_marrakesh,156,1,,1.0,0.0252,165.2,116.4
2024-11-06T12:00:00+00:00,ibm,ibm_fez,156,1,,0.98302,0.02373,115.0,94.4
2024-11-07T00:00:00+00:00,ionq,qpu.forte-1,36,1,,0.0144,0.0053,100000000.0,1000000.0
2024-11-07T00:00:00+00:00,ionq,qpu.aria-1,25,1,,0.0171,0.005,100000000.0,1000000.0
2024-11-07T12:00:00+00:00,ibm,ibm_marrakesh,156,1,,1.0,0.0252,165.2,116.4
2024-11-07T12:00:00+00:00,ibm,ibm_fez,156,1,,0.97737,0.02373,115.0,94.4
2024-11-08T00:00:00+00:00,ionq,qpu.forte-1,36,1,,0.0178,0.0053,100000000.0,1000000.0
2024-11-08T00:00:00+00:00,ionq,qpu.aria-1,25,1,,0.0158,0.0051,100000000.0,1000000.0
2024-11-08T12:00:00+00:00,ibm,ibm_marrakesh,156,1,,1.0,0.0252,165.2,116.4
2024-11-08T12:00:00+00:00,ibm,ibm_fez,156,1,,0.01679,0.02373,115.0,94.4
2024-11-09T00:00:00+00:00,ionq,qpu.forte-1,36,1,,0.0123,0.0056,100000000.0,1000000.0
2024-11-09T00:00:00+00:00,ionq,qpu.aria-1,25,1,,0.013,0.0071,100000000.0,1000000.0
2024-11-09T12:00:00+00:00,ibm,ibm_marrakesh,156,1,,0.09155,0.02781,164.9,123.5
2024-11-09T12:00:00+00:00,ibm,ibm_fez,156,1,,0.0121,0.01911,120.0,99.4
2024-11-10T00:00:00+00:00,ionq,qpu.forte-1,36,1,,0.0118,0.0058,100000000.0,1000000.0
2024-11-10T00:00:00+00:00,ionq,qpu.aria-1,25,1,,0.0182,0.0056,100000000.0,1000000.0
2024-11-10T12:00:00+00:00,ibm,ibm_marrakesh,156,1,,0.09155,0.03024,169.8,119.1
2024-11-10T12:00:00+00:00,ibm,ibm_fez,156,1,,0.01199,0.02264,113.6,92.5
2024-11-11T00:00:00+00:00,ionq,qpu.forte-1,36,1,,0.0139,0.0053,100000000.0,1000000.0
2024-11-11T12:00:00+00:00,ibm,ibm_marrakesh,156,1,,0.09246,0.02632,161.6,114.6
2024-11-11T12:00:00+00:00,ibm,ibm_fez,156,1,,0.0172,0.02207,119.0,98.9
2024-11-12T00:00:00+00:00,ionq,qpu.forte-1,36,1,,0.0141,0.0055,100000000.0,1000000.0
2024-11-12T00:00:00+00:00,ionq,qpu.forte-enterprise-1,36,1,,0.0074,0.025,188000000.0,950000.0
2024-11-12T12:00:00+00:00,ibm,ibm_marrakesh,156,1,,0.05569,0.02986,173.4,106.8
2024-11-12T12:00:00+00:00,ibm,ibm_fez,156,1,,0.02228,0.02209,145.6,95.0
2024-11-13T00:00:00+00:00,ionq,qpu.forte-1,36,1,,0.0164,0.0052,100000000.0,1000000.0
2024-11-13T00:00:00+00:00,ionq,qpu.aria-1,25,1,,0.0154,0.0056,100000000.0,1000000.0
2024-11-13T00:00:00+00:00,ionq,qpu.forte-enterprise-1,36,1,,0.0137,0.0249,188000000.0,950000.0
2024-11-13T12:00:00+00:00,ibm,ibm_marrakesh,156,1,,0.04435,0.0279,167.9,108.0
2024-11-13T12:00:00+00:00,ibm,ibm_fez,156,1,,0.0167,0.0224,112.9,88.4
2024-11-14T00:00:00+00:00,ionq,qpu.forte-1,36,1,,0.0097,0.005,100000000.0,1000000.0
2024-11-14T00:00:00+00:00,ionq,qpu.aria-1,25,1,,0.0131,0.0061,100000000.0,1000000.0
2024-11-14T00:00:00+00:00,ionq,qpu.forte-enterprise-1,36,1,,0.0085,0.0258,188000000.0,950000.0
2024-11-14T12:00:00+00:00,ibm,ibm_marrakesh,156,1,,0.03806,0.03327,170.6,99.8
2024-11-14T12:00:00+00:00,ibm,ibm_fez,156,1,,0.01669,0.0224,112.9,88.4
2024-11-15T00:00:00+00:00,ionq,qpu.forte-1,36,1,,0.0137,0.005,100000000.0,1000000.0
2024-11-15T00:00:00+00:00,ionq,qpu.aria-1,25,1,,0.0125,0.0065,100000000.0,1000000.0
2024-11-15T00:00:00+00:00,ionq,qpu.forte-enterprise-1,36,1,,0.007,0.0304,188000000.0,950000.0
2024-11-15T12:00:00+00:00,ibm,ibm_marrakesh,156,1,,0.96599,0.03045,168.4,121.3
2024-11-15T12:00:00+00:00,ibm,ibm_fez,156,1,,0.02774,0.02235,112.9,88.4
2024-11-16T00:00:00+00:00,ionq,qpu.forte-1,36,1,,0.0153,0.0051,100000000.0,1000000.0
2024-11-16T00:00:00+00:00,ionq,qpu.aria-1,25,1,,0.0105,0.006,100000000.0,1000000.0
2024-11-16T00:00:00+00:00,ionq,qpu.forte-enterprise-1,36,1,,0.0108,0.0319,188000000.0,950000.0
2024-11-16T12:00:00+00:00,ibm,ibm_marrakesh,156,1,,0.04324,0.03142,167.0,126.1
2024-11-16T12:00:00+00:00,ibm,ibm_fez,156,1,,1.0,0.02272,117.2,89.7
2024-11-17T00:00:00+00:00,ionq,qpu.forte-1,36,1,,0.0135,0.0048,100000000.0,1000000.0
2024-11-17T00:00:00+00:00,ionq,qpu.aria-1,25,1,,0.0125,0.0068,100000000.0,1000000.0
2024-11-17T00:00:00+00:00,ionq,qpu.forte-enterprise-1,36,1,,0.0168,0.0286,188000000.0,950000.0
2024-11-17T12:00:00+00:00,ibm,ibm_marrakesh,156,1,,0.04307,0.03263,157.5,119.7
2024-11-17T12:00:00+00:00,ibm,ibm_fez,156,1,,0.02336,0.02265,124.7,98.7
2024-11-18T00:00:00+00:00,ionq,qpu.forte-1,36,1,,0.0169,0.0051,100000000.0,1000000.0
2024-11-18T00:00:00+00:00,ionq,qpu.aria-1,25,1,,0.0114,0.0073,100000000.0,1000000.0
2024-11-18T00:00:00+00:00,ionq,qpu.forte-enterprise-1,36,1,,0.0267,0.0381,188000000.0,950000.0
2024-11-18T12:00:00+00:00,ibm,ibm_marrakesh,156,1,,0.04311,0.03377,179.6,114.2
2024-11-18T12:00:00+00:00,ibm,ibm_fez,156,1,,0.02402,0.02258,115.3,101.1
2024-11-19T00:00:00+00:00,ionq,qpu.forte-1,36,1,,0.0226,0.0052,100000000.0,1000000.0
2024-11-19T00:00:00+00:00,ionq,qpu.aria-1,25,1,,0.0118,0.0063,100000000.0,1000000.0
2024-11-19T00:00:00+00:00,ionq,qpu.forte-enterprise-1,36,1,,0.0049,0.0257,188000000.0,950000.0
2024-11-19T12:00:00+00:00,ibm,ibm_marrakesh,156,1,,0.04338,0.03426,177.6,103.9
2024-11-19T12:00:00+00:00,ibm,ibm_fez,156,1,,0.02385,0.02267,128.9,97.5
2024-11-20T00:00:00+00:00,ionq,qpu.forte-1,36,1,,0.0184,0.0052,100000000.0,1000000.0
2024-11-20T00:00:00+00:00,ionq,qpu.aria-1,25,1,,0.0204,0.0056,100000000.0,1000000.0
2024-11-20T00:00:00+00:00,ionq,qpu.forte-enterprise-1,36,1,,0.0059,0.0315,188000000.0,950000.0
2024-11-20T12:00:00+00:00,ibm,ibm_marrakesh,156,1,,0.04297,0.03327,173.2,109.3
2024-11-20T12:00:00+00:00,ibm,ibm_fez,156,1,,0.02483,0.02162,120.2,97.8
2024-11-21T00:00:00+00:00,ionq,qpu.forte-1,36,1,,0.0141,0.0052,100000000.0,1000000.0
2024-11-21T00:00:00+00:00,ionq,qpu.aria-1,25,1,,0.0127,0.0052,100000000.0,1000000.0
2024-11-21T12:00:00+00:00,ibm,ibm_marrakesh,156,1,,0.52154,0.03462,184.1,122.5
2024-11-21T12:00:00+00:00,ibm,ibm_fez,156,1,,0.50917,0.02206,139.3,99.0
2024-11-22T00:00:00+00:00,ionq,qpu.forte-1,36,1,,0.0088,0.0059,100000000.0,1000000.0
2024-11-22T00:00:00+00:00,ionq,qpu.aria-1,25,1,,0.0178,0.0057,100000000.0,1000000.0
2024-11-22T12:00:00+00:00,ibm,ibm_marrakesh,156,1,,0.52432,0.02901,175.1,108.3
2024-11-22T12:00:00+00:00,ibm,ibm_fez,156,1,,0.50935,0.02273,130.4,94.9
2024-11-23T00:00:00+00:00,ionq,qpu.forte-1,36,1,,0.0188,0.0059,100000000.0,1000000.0
2024-11-23T00:00:00+00:00,ionq,qpu.aria-1,25,1,,0.0154,0.0062,100000000.0,1000000.0
2024-11-23T12:00:00+00:00,ibm,ibm_marrakesh,156,1,,0.52718,0.02945,181.7,107.9
2024-11-23T12:00:00+00:00,ibm,ibm_fez,156,1,,0.50647,0.02269,117.0,98.4
2024-11-24T00:00:00+00:00,ionq,qpu.forte-1,36,1,,0.0139,0.0052,100000000.0,1000000.0
2024-11-24T00:00:00+00:00,ionq,qpu.aria-1,25,1,,0.0166,0.0075,100000000.0,1000000.0
2024-11-24T12:00:00+00:00,ibm,ibm_marrakesh,156,1,,0.52717,0.02999,200.5,132.9
2024-11-24T12:00:00+00:00,ibm,ibm_fez,156,1,,0.50903,0.02215,133.7,98.3
2024-11-25T00:00:00+00:00,ionq,qpu.forte-1,36,1,,0.0141,0.0048,100000000.0,1000000.0
2024-11-25T00:00:00+00:00,ionq,qpu.aria-1,25,1,,0.0151,0.0065,100000000.0,1000000.0
2024-11-25T12:00:00+00:00,ibm,ibm_marrakesh,156,1,,0.52732,0.03277,186.7,129.9
2024-11-25T12:00:00+00:00,ibm,ibm_fez,156,1,,0.50901,0.02253,115.5,94.6
2024-11-26T00:00:00+00:00,ionq,qpu.forte-1,36,1,,0.0166,0.0051,100000000.0,1000000.0
2024-11-26T00:00:00+00:00,ionq,qpu.aria-1,25,1,,0.0117,0.006,100000000.0,1000000.0
2024-11-26T12:00:00+00:00,ibm,ibm_marrakesh,156,1,,0.52708,0.02991,165.6,113.6
2024-11-26T12:00:00+00:00,ibm,ibm_fez,156,1,,0.50918,0.02231,118.8,92.3
2024-11-27T00:00:00+00:00,ionq,qpu.forte-1,36,1,,0.0103,0.0051,100000000.0,1000000.0
2024-11-27T00:00:00+00:00,ionq,qpu.aria-1,25,1,,0.0157,0.0061,100000000.0,1000000.0
2024-11-27T12:00:00+00:00,ibm,ibm_marrakesh,156,1,,0.52717,0.03335,174.4,121.4
2024-11-27T12:00:00+00:00,ibm,ibm_fez,156,1,,0.50921,0.02425,112.2,88.5
2024-11-28T00:00:00+00:00,ionq,qpu.forte-1,36,1,,0.018,0.0052,100000000.0,1000000.0
2024-11-28T00:00:00+00:00,ionq,qpu.aria-1,25,1,,0.0134,0.0071,100000000.0,1000000.0
2024-11-28T00:00:00+00:00,ionq,qpu.forte-enterprise-1,36,1,,0.0075,0.0344,188000000.0,950000.0
2024-11-28T12:00:00+00:00,ibm,ibm_marrakesh,156,1,,0.52747,0.03104,169.6,121.6
2024-11-28T12:00:00+00:00,ibm,ibm_fez,156,1,,0.51203,0.02425,112.2,88.5
2024-11-29T00:00:00+00:00,ionq,qpu.forte-1,36,1,,0.0174,0.0046,100000000.0,1000000.0
2024-11-29T00:00:00+00:00,ionq,qpu.aria-1,25,1,,0.0087,0.0068,100000000.0,1000000.0
2024-11-29T12:00:00+00:00,ibm,ibm_marrakesh,156,1,,0.52763,0.03288,187.9,116.2
2024-11-29T12:00:00+00:00,ibm,ibm_fez,156,1,,0.50952,0.02355,132.8,94.8
2024-11-30T00:00:00+00:00,ionq,qpu.forte-1,36,1,,0.0157,0.0046,100000000.0,1000000.0
2024-11-30T00:00:00+00:00,ionq,qpu.aria-1,25,1,,0.0137,0.0092,100000000.0,1000000.0
2024-11-30T00:00:00+00:00,ionq,qpu.forte-enterprise-1,36,1,,0.0251,0.0407,188000000.0,950000.0
2024-11-30T12:00:00+00:00,ibm,ibm_marrakesh,156,1,,0.52781,0.03241,189.4,117.5
2024-11-30T12:00:00+00:00,ibm,ibm_fez,156,1,,0.50952,0.02355,132.8,94.8
2024-12-01T00:00:00+00:00,ionq,qpu.forte-1,36,1,,0.0151,0.0044,100000000.0,1000000.0
2024-12-01T00:00:00+00:00,ionq,qpu.aria-1,25,1,,0.0167,0.0106,100000000.0,1000000.0
2024-12-01T12:00:00+00:00,ibm,ibm_marrakesh,156,1,,0.52763,0.03048,194.5,119.1
2024-12-01T12:00:00+00:00,ibm,ibm_fez,156,1,,0.5093,0.02292,118.1,107.3
2024-12-02T00:00:00+00:00,ionq,qpu.forte-1,36,1,,0.0137,0.0046,100000000.0,1000000.0
2024-12-02T00:00:00+00:00,ionq,qpu.aria-1,25,1,,0.0165,0.0161,100000000.0,1000000.0
2024-12-02T12:00:00+00:00,ibm,ibm_marrakesh,156,1,,0.52741,0.0318,184.5,128.4
2024-12-02T12:00:00+00:00,ibm,ibm_fez,156,1,,0.50908,0.02299,128.5,96.0
2024-12-03T00:00:00+00:00,ionq,qpu.forte-1,36,1,,0.0139,0.0047,100000000.0,1000000.0
2024-12-03T00:00:00+00:00,ionq,qpu.aria-1,25,1,,0.0148,0.013,100000000.0,1000000.0
2024-12-03T12:00:00+00:00,ibm,ibm_marrakesh,156,1,,0.52752,0.03084,183.5,112.8
2024-12-03T12:00:00+00:00,ibm,ibm_fez,156,1,,0.50905,0.02326,128.4,84.2
2024-12-04T00:00:00+00:00,ionq,qpu.forte-1,36,1,,0.0092,0.0049,100000000.0,1000000.0
2024-12-04T00:00:00+00:00,ionq,qpu.aria-1,25,1,,0.0156,0.0061,100000000.0,1000000.0
2024-12-04T12:00:00+00:00,ibm,ibm_marrakesh,156,1,,0.52747,0.02898,177.9,110.2
2024-12-04T12:00:00+00:00,ibm,ibm_fez,156,1,,0.50909,0.0226,134.0,93.0
2024-12-05T00:00:00+00:00,ionq,qpu.aria-1,25,1,,0.0154,0.1306,100000000.0,1000000.0
2024-12-05T12:00:00+00:00,ibm,ibm_marrakesh,156,1,,0.52733,0.03097,162.3,117.8
2024-12-05T12:00:00+00:00,ibm,ibm_fez,156,1,,0.50904,0.02244,129.1,95.5
2024-12-06T00:00:00+00:00,ionq,qpu.forte-1,36,1,,0.0102,0.0049,100000000.0,1000000.0
2024-12-06T00:00:00+00:00,ionq,qpu.aria-1,25,1,,0.0223,0.0918,100000000.0,1000000.0
2024-12-06T00:00:00+00:00,ionq,qpu.forte-enterprise-1,36,1,,0.0134,0.0381,188000000.0,950000.0
2024-12-06T12:00:00+00:00,ibm,ibm_marrakesh,156,1,,0.52752,0.03322,177.4,132.5
2024-12-06T12:00:00+00:00,ibm,ibm_fez,156,1,,0.50904,0.02235,110.9,91.3
2024-12-07T00:00:00+00:00,ionq,qpu.forte-1,36,1,,0.0098,0.0048,100000000.0,1000000.0
2024-12-07T00:00:00+00:00,ionq,qpu.forte-enterprise-1,36,1,,0.0118,0.0388,188000000.0,950000.0
2024-12-07T12:00:00+00:00,ibm,ibm_marrakesh,156,1,,0.52752,0.03055,162.6,98.4
2024-12-07T12:00:00+00:00,ibm,ibm_fez,156,1,,0.50646,0.02249,110.9,91.3
2024-12-08T00:00:00+00:00,ionq,qpu.forte-1,36,1,,0.013,0.0049,100000000.0,1000000.0
2024-12-08T00:00:00+00:00,ionq,qpu.forte-enterprise-1,36,1,,0.0137,0.0352,188000000.0,950000.0
2024-12-08T12:00:00+00:00,ibm,ibm_marrakesh,156,1,,0.5276,0.03069,163.6,108.5
2024-12-08T12:00:00+00:00,ibm,ibm_fez,156,1,,0.50878,0.02249,110.9,91.3
2024-12-09T00:00:00+00:00,ionq,qpu.forte-1,36,1,,0.0096,0.0047,100000000.0,1000000.0
2024-12-09T00:00:00+00:00,ionq,qpu.forte-enterprise-1,36,1,,0.008,0.0314,188000000.0,950000.0
2024-12-09T12:00:00+00:00,ibm,ibm_marrakesh,156,1,,0.52717,0.03049,163.6,108.5
2024-12-09T12:00:00+00:00,ibm,ibm_fez,156,1,,0.50878,0.02249,110.9,91.3
2024-12-10T00:00:00+00:00,ionq,qpu.forte-1,36,1,,0.0222,0.0053,100000000.0,1000000.0
2024-12-10T00:00:00+00:00,ionq,qpu.forte-enterprise-1,36,1,,0.005,0.0276,188000000.0,950000.0
2024-12-10T12:00:00+00:00,ibm,ibm_marrakesh,156,1,,0.52717,0.03049,163.6,108.5
2024-12-10T12:00:00+00:00,ibm,ibm_fez,156,1,,1.0,0.02245,110.9,91.3
2024-12-11T00:00:00+00:00,ionq,qpu.forte-1,36,1,,0.0195,0.0049,100000000.0,1000000.0
2024-12-11T00:00:00+00:00,ionq,qpu.forte-enterprise-1,36,1,,0.0051,0.0291,188000000.0,950000.0
2024-12-11T12:00:00+00:00,ibm,ibm_marrakesh,156,1,,0.52717,0.03063,163.6,108.5
2024-12-11T12:00:00+00:00,ibm,ibm_fez,156,1,,1.0,0.02256,110.9,91.3
2024-12-12T00:00:00+00:00,ionq,qpu.forte-1,36,1,,0.0116,0.0046,100000000.0,1000000.0
2024-12-12T00:00:00+00:00,ionq,qpu.forte-enterprise-1,36,1,,0.0076,0.0271,188000000.0,950000.0
2024-12-12T12:00:00+00:00,ibm,ibm_marrakesh,156,1,,0.52713,0.03184,191.6,107.3
2024-12-12T12:00:00+00:00,ibm,ibm_fez,156,1,,0.51429,0.02176,116.6,94.5
2024-12-13T00:00:00+00:00,ionq,qpu.forte-1,36,1,,0.0126,0.0046,100000000.0,1000000.0
2024-12-13T12:00:00+00:00,ibm,ibm_marrakesh,156,1,,0.52713,0.03221,152.4,97.9
2024-12-13T12:00:00+00:00,ibm,ibm_fez,156,1,,0.51429,0.02187,127.3,95.2
2024-12-14T00:00:00+00:00,ionq,qpu.forte-1,36,1,,0.0117,0.0049,100000000.0,1000000.0
2024-12-14T00:00:00+00:00,ionq,qpu.forte-enterprise-1,36,1,,0.0076,0.028,188000000.0,950000.0
2024-12-14T12:00:00+00:00,ibm,ibm_marrakesh,156,1,,0.52713,0.03021,175.1,101.0
2024-12-14T12:00:00+00:00,ibm,ibm_fez,156,1,,0.5086,0.02201,121.4,101.1
2024-12-15T00:00:00+00:00,ionq,qpu.forte-1,36,1,,0.0111,0.0048,100000000.0,1000000.0
2024-12-15T00:00:00+00:00,ionq,qpu.forte-enterprise-1,36,1,,0.0206,0.0693,188000000.0,950000.0
2024-12-15T12:00:00+00:00,ibm,ibm_marrakesh,156,1,,0.52719,0.03065,177.2,123.8
2024-12-15T12:00:00+00:00,ibm,ibm_fez,156,1,,0.5064,0.02159,136.5,92.2
2024-12-16T00:00:00+00:00,ionq,qpu.forte-1,36,1,,0.0107,0.0047,100000000.0,1000000.0
2024-12-16T00:00:00+00:00,ionq,qpu.forte-enterprise-1,36,1,,0.0059,0.0313,188000000.0,950000.0
2024-12-16T12:00:00+00:00,ibm,ibm_marrakesh,156,1,,0.52717,0.03077,178.1,110.4
2024-12-16T12:00:00+00:00,ibm,ibm_fez,156,1,,0.50643,0.02159,142.1,91.7
2024-12-17T12:00:00+00:00,ibm,ibm_marrakesh,156,1,,0.52719,0.03059,179.6,111.8
2024-12-17T12:00:00+00:00,ibm,ibm_fez,156,1,,0.50899,0.02124,131.1,97.1
2024-12-18T00:00:00+00:00,ionq,qpu.forte-1,36,1,,0.0494,0.0037,100000000.0,1000000.0
2024-12-18T00:00:00+00:00,ionq,qpu.forte-enterprise-1,36,1,,0.0057,0.0203,188000000.0,950000.0
2024-12-18T12:00:00+00:00,ibm,ibm_marrakesh,156,1,,0.52729,0.03046,179.3,127.5
2024-12-18T12:00:00+00:00,ibm,ibm_fez,156,1,,0.51131,0.02163,144.0,100.4
2024-12-19T00:00:00+00:00,ionq,qpu.forte-enterprise-1,36,1,,0.004,0.021,188000000.0,950000.0
2024-12-19T12:00:00+00:00,ibm,ibm_marrakesh,156,1,,0.52721,0.03137,177.0,108.0
2024-12-19T12:00:00+00:00,ibm,ibm_fez,156,1,,0.51135,0.02198,133.7,95.9
2024-12-20T00:00:00+00:00,ionq,qpu.forte-enterprise-1,36,1,,0.0036,0.0217,188000000.0,950000.0
2024-12-20T12:00:00+00:00,ibm,ibm_marrakesh,156,1,,0.52706,0.03188,177.6,114.7
2024-12-20T12:00:00+00:00,ibm,ibm_fez,156,1,,0.51119,0.02177,120.5,88.9
2024-12-21T00:00:00+00:00,ionq,qpu.forte-enterprise-1,36,1,,0.011,0.0221,188000000.0,950000.0
2024-12-21T12:00:00+00:00,ibm,ibm_marrakesh,156,1,,0.52704,0.03182,180.0,113.8
2024-12-21T12:00:00+00:00,ibm,ibm_fez,156,1,,0.511,0.02211,134.4,97.9
2024-12-22T00:00:00+00:00,ionq,qpu.forte-1,36,1,,0.0246,0.0037,100000000.0,1000000.0
2024-12-22T00:00:00+00:00,ionq,qpu.forte-enterprise-1,36,1,,0.0055,0.0217,188000000.0,950000.0
2024-12-22T12:00:00+00:00,ibm,ibm_marrakesh,156,1,,0.52723,0.0311,181.4,121.7
2024-12-22T12:00:00+00:00,ibm,ibm_fez,156,1,,0.51115,0.02187,124.4,91.6
2024-12-23T00:00:00+00:00,ionq,qpu.forte-1,36,1,,0.0376,0.0039,100000000.0,1000000.0
2024-12-23T00:00:00+00:00,ionq,qpu.forte-enterprise-1,36,1,,0.0044,0.0199,188000000.0,950000.0
2024-12-23T12:00:00+00:00,ibm,ibm_marrakesh,156,1,,0.52703,0.03093,178.8,102.1
2024-12-23T12:00:00+00:00,ibm,ibm_fez,156,1,,0.51143,0.02204,136.6,102.2
2024-12-24T00:00:00+00:00,ionq,qpu.forte-1,36,1,,0.0351,0.0065,100000000.0,1000000.0
2024-12-24T00:00:00+00:00,ionq,qpu.forte-enterprise-1,36,1,,0.0057,0.028,188000000.0,950000.0
2024-12-24T12:00:00+00:00,ibm,ibm_marrakesh,156,1,,0.52735,0.02945,185.6,112.9
2024-12-24T12:00:00+00:00,ibm,ibm_fez,156,1,,0.51127,0.02132,124.9,97.7
2024-12-25T00:00:00+00:00,ionq,qpu.forte-1,36,1,,0.0352,0.0041,100000000.0,1000000.0
2024-12-25T00:00:00+00:00,ionq,qpu.forte-enterprise-1,36,1,,0.0044,0.0191,188000000.0,950000.0
2024-12-25T12:00:00+00:00,ibm,ibm_marrakesh,156,1,,0.52717,0.03093,186.4,109.7
2024-12-25T12:00:00+00:00,ibm,ibm_fez,156,1,,0.51127,0.02169,133.6,96.9
2024-12-26T00:00:00+00:00,ionq,qpu.forte-enterprise-1,36,1,,0.0049,0.0184,188000000.0,950000.0
2024-12-26T12:00:00+00:00,ibm,ibm_marrakesh,156,1,,0.52731,0.02835,180.4,105.9
2024-12-26T12:00:00+00:00,ibm,ibm_fez,156,1,,0.51126,0.02135,129.7,92.4
2024-12-27T12:00:00+00:00,ibm,ibm_marrakesh,156,1,,0.52718,0.03058,184.7,109.0
2024-12-27T12:00:00+00:00,ibm,ibm_fez,156,1,,0.51113,0.02171,140.1,92.6
2024-12-28T00:00:00+00:00,ionq,qpu.forte-1,36,1,,0.008,0.0041,100000000.0,1000000.0
2024-12-28T12:00:00+00:00,ibm,ibm_marrakesh,156,1,,0.52797,0.02987,170.7,118.4
2024-12-28T12:00:00+00:00,ibm,ibm_fez,156,1,,0.509,0.022,135.8,89.4
2024-12-29T00:00:00+00:00,ionq,qpu.forte-1,36,1,,0.0089,0.0045,100000000.0,1000000.0
2024-12-29T12:00:00+00:00,ibm,ibm_marrakesh,156,1,,0.52779,0.02786,178.2,115.8
2024-12-29T12:00:00+00:00,ibm,ibm_fez,156,1,,0.50892,0.0216,134.3,101.1
2024-12-30T00:00:00+00:00,ionq,qpu.forte-1,36,1,,0.0094,0.0038,100000000.0,1000000.0
2024-12-30T12:00:00+00:00,ibm,ibm_marrakesh,156,1,,0.52768,0.03033,179.2,107.4
2024-12-30T12:00:00+00:00,ibm,ibm_fez,156,1,,0.50921,0.02182,120.4,97.1
2024-12-31T00:00:00+00:00,ionq,qpu.forte-1,36,1,,0.0086,0.0036,100000000.0,1000000.0
2024-12-31T12:00:00+00:00,ibm,ibm_marrakesh,156,1,,0.52737,0.02864,186.3,117.3
2024-12-31T12:00:00+00:00,ibm,ibm_fez,156,1,,0.5112,0.02272,119.1,92.8
2025-01-01T00:00:00+00:00,ionq,qpu.forte-1,36,1,,0.0129,0.0034,100000000.0,1000000.0
2025-01-01T12:00:00+00:00,ibm,ibm_marrakesh,156,1,,0.52741,0.03154,181.5,109.8
2025-01-01T12:00:00+00:00,ibm,ibm_fez,156,1,,0.51117,0.02189,134.5,90.9
2025-01-02T00:00:00+00:00,ionq,qpu.forte-1,36,1,,0.007,0.0119,100000000.0,1000000.0
2025-01-02T12:00:00+00:00,ibm,ibm_marrakesh,156,1,,0.52828,0.03088,177.0,112.9
2025-01-02T12:00:00+00:00,ibm,ibm_fez,156,1,,0.51398,0.02189,134.5,90.9
2025-01-03T00:00:00+00:00,ionq,qpu.forte-1,36,1,,0.0118,0.0119,100000000.0,1000000.0
2025-01-03T12:00:00+00:00,ibm,ibm_marrakesh,156,1,,0.52746,0.03147,180.3,111.3
2025-01-03T12:00:00+00:00,ibm,ibm_fez,156,1,,0.51398,0.02189,134.5,90.9
2025-01-04T12:00:00+00:00,ibm,ibm_marrakesh,156,1,,0.5218,0.03079,187.5,124.8
2025-01-04T12:00:00+00:00,ibm,ibm_fez,156,1,,0.51407,0.02161,115.7,89.3
2025-01-05T12:00:00+00:00,ibm,ibm_marrakesh,156,1,,0.5218,0.03079,187.5,124.8
2025-01-05T12:00:00+00:00,ibm,ibm_fez,156,1,,0.50905,0.02218,136.4,100.6
2025-01-06T12:00:00+00:00,ibm,ibm_marrakesh,156,1,,0.52216,0.0291,189.8,118.4
2025-01-06T12:00:00+00:00,ibm,ibm_fez,156,1,,0.50899,0.02159,122.8,94.8
2025-01-07T12:00:00+00:00,ibm,ibm_marrakesh,156,1,,0.5221,0.03089,188.1,118.3
2025-01-07T12:00:00+00:00,ibm,ibm_fez,156,1,,0.50889,0.02191,120.9,90.1
2025-01-08T12:00:00+00:00,ibm,ibm_marrakesh,156,1,,0.52182,0.02921,194.2,124.7
2025-01-08T12:00:00+00:00,ibm,ibm_fez,156,1,,0.51132,0.02163,114.7,95.9
2025-01-09T12:00:00+00:00,ibm,ibm_marrakesh,156,1,,0.52165,0.04897,182.1,106.8
2025-01-09T12:00:00+00:00,ibm,ibm_fez,156,1,,0.50886,0.02185,133.3,94.3
2025-01-10T12:00:00+00:00,ibm,ibm_marrakesh,156,1,,0.52235,0.03346,180.0,113.9
2025-01-10T12:00:00+00:00,ibm,ibm_fez,156,1,,0.50892,0.02143,133.6,93.4
2025-01-11T00:00:00+00:00,ionq,qpu.forte-enterprise-1,36,1,,0.0099,0.0437,188000000.0,950000.0
2025-01-11T12:00:00+00:00,ibm,ibm_marrakesh,156,1,,0.52192,0.03112,180.8,119.4
2025-01-11T12:00:00+00:00,ibm,ibm_fez,156,1,,0.50878,0.02227,124.0,93.8
2025-01-12T12:00:00+00:00,ibm,ibm_marrakesh,156,1,,0.52192,0.03173,180.8,119.4
2025-01-12T12:00:00+00:00,ibm,ibm_fez,156,1,,0.50878,0.02227,124.0,93.8
2025-01-13T12:00:00+00:00,ibm,ibm_marrakesh,156,1,,0.52173,0.03153,187.8,118.6
2025-01-13T12:00:00+00:00,ibm,ibm_fez,156,1,,0.50878,0.02167,125.7,89.6
2025-01-14T12:00:00+00:00,ibm,ibm_marrakesh,156,1,,0.52149,0.03332,185.6,114.0
2025-01-14T12:00:00+00:00,ibm,ibm_fez,156,1,,0.59902,0.02276,112.7,87.0
2025-01-15T12:00:00+00:00,ibm,ibm_marrakesh,156,1,,0.5216,0.0346,195.8,124.7
2025-01-15T12:00:00+00:00,ibm,ibm_fez,156,1,,0.50899,0.01092,136.0,96.2
2025-01-16T12:00:00+00:00,ibm,ibm_marrakesh,156,1,,0.5217,0.03366,185.9,117.8
2025-01-16T12:00:00+00:00,ibm,ibm_fez,156,1,,0.50909,0.02148,115.2,112.3
2025-01-17T12:00:00+00:00,ibm,ibm_marrakesh,156,1,,0.52179,0.03182,180.7,121.2
2025-01-17T12:00:00+00:00,ibm,ibm_fez,156,1,,0.50908,0.02157,138.3,99.0
2025-01-18T12:00:00+00:00,ibm,ibm_marrakesh,156,1,,0.52168,0.03354,171.0,106.1
2025-01-18T12:00:00+00:00,ibm,ibm_fez,156,1,,0.51122,0.0127,134.0,92.6
2025-01-19T12:00:00+00:00,ibm,ibm_marrakesh,156,1,,0.52152,0.04012,188.7,110.4
2025-01-19T12:00:00+00:00,ibm,ibm_fez,156,1,,0.51112,0.01265,132.9,95.1
2025-01-20T12:00:00+00:00,ibm,ibm_marrakesh,156,1,,0.52433,0.02847,171.9,113.5
2025-01-20T12:00:00+00:00,ibm,ibm_fez,156,1,,0.51112,0.0126,123.8,91.2
2025-01-21T12:00:00+00:00,ibm,ibm_marrakesh,156,1,,0.52143,0.02845,190.0,133.9
2025-01-21T12:00:00+00:00,ibm,ibm_fez,156,1,,0.51121,0.01259,121.9,96.4
2025-01-22T00:00:00+00:00,ionq,qpu.forte-1,36,1,,0.0084,0.0119,100000000.0,1000000.0
2025-01-22T12:00:00+00:00,ibm,ibm_marrakesh,156,1,,0.52165,0.05102,183.9,120.0
2025-01-22T12:00:00+00:00,ibm,ibm_fez,156,1,,0.50654,0.85533,130.7,95.1
2025-01-23T00:00:00+00:00,ionq,qpu.forte-1,36,1,,0.0111,0.0119,100000000.0,1000000.0
2025-01-23T12:00:00+00:00,ibm,ibm_marrakesh,156,1,,0.52139,0.0515,180.6,99.3
2025-01-23T12:00:00+00:00,ibm,ibm_fez,156,1,,0.50666,0.84593,136.5,93.2
2025-01-24T00:00:00+00:00,ionq,qpu.forte-1,36,1,,0.0104,0.0176,100000000.0,1000000.0
2025-01-24T12:00:00+00:00,ibm,ibm_marrakesh,156,1,,0.5214,0.03939,189.1,117.4
2025-01-24T12:00:00+00:00,ibm,ibm_fez,156,1,,0.50655,0.01329,125.5,92.7
2025-01-25T00:00:00+00:00,ionq,qpu.forte-1,36,1,,0.0044,0.0026,100000000.0,1000000.0
2025-01-25T12:00:00+00:00,ibm,ibm_marrakesh,156,1,,0.51881,0.03979,189.3,121.8
2025-01-25T12:00:00+00:00,ibm,ibm_fez,156,1,,0.50893,0.01319,145.1,97.3
2025-01-26T00:00:00+00:00,ionq,qpu.forte-1,36,1,,0.0085,0.0026,100000000.0,1000000.0
2025-01-26T12:00:00+00:00,ibm,ibm_marrakesh,156,1,,0.51874,0.04048,186.2,134.9
2025-01-26T12:00:00+00:00,ibm,ibm_fez,156,1,,0.50875,0.01308,138.1,100.8
2025-01-27T00:00:00+00:00,ionq,qpu.forte-1,36,1,,0.0131,0.0025,100000000.0,1000000.0
2025-01-27T12:00:00+00:00,ibm,ibm_marrakesh,156,1,,0.51874,0.03855,180.0,137.5
2025-01-27T12:00:00+00:00,ibm,ibm_fez,156,1,,0.50918,0.01337,129.5,94.0
2025-01-28T00:00:00+00:00,ionq,qpu.forte-1,36,1,,0.0144,0.0029,100000000.0,1000000.0
2025-01-28T12:00:00+00:00,ibm,ibm_marrakesh,156,1,,0.51875,0.05029,185.6,141.6
2025-01-28T12:00:00+00:00,ibm,ibm_fez,156,1,,0.50897,0.01313,135.8,91.7
2025-01-29T00:00:00+00:00,ionq,qpu.forte-1,36,1,,0.0087,,100000000.0,1000000.0
2025-01-29T12:00:00+00:00,ibm,ibm_marrakesh,156,1,,0.51869,0.04079,182.8,140.9
2025-01-29T12:00:00+00:00,ibm,ibm_fez,156,1,,0.50912,0.01303,136.0,85.6
2025-01-30T00:00:00+00:00,ionq,qpu.forte-1,36,1,,0.0104,0.0031,100000000.0,1000000.0
2025-01-30T12:00:00+00:00,ibm,ibm_marrakesh,156,1,,0.51882,0.04079,178.5,141.7
2025-01-30T12:00:00+00:00,ibm,ibm_fez,156,1,,0.50909,0.01388,136.9,100.5
2025-01-31T00:00:00+00:00,ionq,qpu.forte-1,36,1,,0.0088,0.0031,100000000.0,1000000.0
2025-01-31T12:00:00+00:00,ibm,ibm_marrakesh,156,1,,0.51865,0.04725,174.2,128.3
2025-01-31T12:00:00+00:00,ibm,ibm_fez,156,1,,0.50926,0.01397,138.1,98.8
2025-02-01T00:00:00+00:00,ionq,qpu.forte-1,36,1,,0.0065,0.0045,100000000.0,1000000.0
2025-02-01T12:00:00+00:00,ibm,ibm_marrakesh,156,1,,0.51882,0.0373,186.3,136.5
2025-02-01T12:00:00+00:00,ibm,ibm_fez,156,1,,0.50902,0.01366,142.3,99.6
2025-02-02T00:00:00+00:00,ionq,qpu.forte-1,36,1,,0.0071,0.0032,100000000.0,1000000.0
2025-02-02T12:00:00+00:00,ibm,ibm_marrakesh,156,1,,0.51897,0.03154,182.1,142.8
2025-02-02T12:00:00+00:00,ibm,ibm_fez,156,1,,0.50915,0.01391,141.4,93.5
2025-02-03T00:00:00+00:00,ionq,qpu.forte-1,36,1,,0.0066,0.0038,100000000.0,1000000.0
2025-02-03T00:00:00+00:00,ionq,qpu.aria-1,25,1,,0.0234,0.0065,100000000.0,1000000.0
2025-02-03T12:00:00+00:00,ibm,ibm_marrakesh,156,1,,0.51898,0.0326,190.4,134.5
2025-02-03T12:00:00+00:00,ibm,ibm_fez,156,1,,0.50684,0.01355,150.2,100.1
2025-02-04T00:00:00+00:00,ionq,qpu.forte-1,36,1,,0.0079,0.004,100000000.0,1000000.0
2025-02-04T12:00:00+00:00,ibm,ibm_marrakesh,156,1,,0.07184,0.03424,190.6,138.3
2025-02-04T12:00:00+00:00,ibm,ibm_fez,156,1,,0.12549,0.01344,137.8,107.3
2025-02-05T00:00:00+00:00,ionq,qpu.forte-1,36,1,,0.0051,0.0084,100000000.0,1000000.0
2025-02-05T00:00:00+00:00,ionq,qpu.aria-1,25,1,,0.0259,0.0065,100000000.0,1000000.0
2025-02-05T12:00:00+00:00,ibm,ibm_marrakesh,156,1,,0.07205,0.03121,182.4,137.2
2025-02-05T12:00:00+00:00,ibm,ibm_fez,156,1,,0.12532,0.01344,147.5,95.5
2025-02-06T00:00:00+00:00,ionq,qpu.forte-1,36,1,,0.0083,0.2739,100000000.0,1000000.0
2025-02-06T12:00:00+00:00,ibm,ibm_marrakesh,156,1,,0.0775,0.03241,185.1,130.0
2025-02-06T12:00:00+00:00,ibm,ibm_fez,156,1,,0.20446,0.01344,147.5,88.3
2025-02-07T00:00:00+00:00,ionq,qpu.forte-1,36,1,,0.0107,0.0032,100000000.0,1000000.0
2025-02-07T00:00:00+00:00,ionq,qpu.aria-1,25,1,,0.0259,0.0055,100000000.0,1000000.0
2025-02-07T12:00:00+00:00,ibm,ibm_marrakesh,156,1,,0.07788,0.03241,188.2,120.2
2025-02-07T12:00:00+00:00,ibm,ibm_fez,156,1,,0.20497,0.01384,153.2,94.8
2025-02-08T00:00:00+00:00,ionq,qpu.forte-1,36,1,,0.0046,,100000000.0,1000000.0
2025-02-08T00:00:00+00:00,ionq,qpu.aria-1,25,1,,0.0259,0.0055,100000000.0,1000000.0
2025-02-08T00:00:00+00:00,ionq,qpu.forte-enterprise-1,36,1,,0.0361,0.0416,188000000.0,950000.0
2025-02-08T12:00:00+00:00,ibm,ibm_marrakesh,156,1,,0.06965,0.04566,188.2,120.2
2025-02-08T12:00:00+00:00,ibm,ibm_fez,156,1,,0.20509,0.01358,147.7,89.4
2025-02-09T00:00:00+00:00,ionq,qpu.forte-1,36,1,,0.0072,0.0052,100000000.0,1000000.0
2025-02-09T00:00:00+00:00,ionq,qpu.aria-1,25,1,,0.0403,0.0055,100000000.0,1000000.0
2025-02-09T00:00:00+00:00,ionq,qpu.forte-enterprise-1,36,1,,0.0354,0.0308,188000000.0,950000.0
2025-02-09T12:00:00+00:00,ibm,ibm_marrakesh,156,1,,0.06961,0.03491,186.6,108.0
2025-02-09T12:00:00+00:00,ibm,ibm_fez,156,1,,0.20509,0.01358,147.7,89.4
2025-02-10T00:00:00+00:00,ionq,qpu.forte-1,36,1,,0.0097,0.0039,100000000.0,1000000.0
2025-02-10T00:00:00+00:00,ionq,qpu.aria-1,25,1,,0.0203,0.0055,100000000.0,1000000.0
2025-02-10T12:00:00+00:00,ibm,ibm_marrakesh,156,1,,0.06964,0.03312,186.6,108.0
2025-02-10T12:00:00+00:00,ibm,ibm_fez,156,1,,0.20507,0.01398,140.0,93.0
2025-02-11T00:00:00+00:00,ionq,qpu.forte-1,36,1,,0.008,0.004,100000000.0,1000000.0
2025-02-11T00:00:00+00:00,ionq,qpu.aria-1,25,1,,0.0266,0.0055,100000000.0,1000000.0
2025-02-11T12:00:00+00:00,ibm,ibm_marrakesh,156,1,,0.06961,0.03254,195.0,118.1
2025-02-11T12:00:00+00:00,ibm,ibm_fez,156,1,,0.20474,0.01536,142.0,93.7
2025-02-12T00:00:00+00:00,ionq,qpu.forte-1,36,1,,0.0103,0.0094,100000000.0,1000000.0
2025-02-12T00:00:00+00:00,ionq,qpu.aria-1,25,1,,0.0192,0.0057,100000000.0,1000000.0
2025-02-12T12:00:00+00:00,ibm,ibm_marrakesh,156,1,,0.07035,0.03159,208.4,119.5
2025-02-12T12:00:00+00:00,ibm,ibm_fez,156,1,,0.20465,0.01325,142.0,93.7
2025-02-13T00:00:00+00:00,ionq,qpu.forte-1,36,1,,0.0139,0.0057,100000000.0,1000000.0
2025-02-13T00:00:00+00:00,ionq,qpu.aria-1,25,1,,0.0225,0.0057,100000000.0,1000000.0
2025-02-13T12:00:00+00:00,ibm,ibm_marrakesh,156,1,,0.07063,0.0281,208.2,120.7
2025-02-13T12:00:00+00:00,ibm,ibm_fez,156,1,,0.20468,0.01327,141.3,86.3
2025-02-14T00:00:00+00:00,ionq,qpu.forte-1,36,1,,0.0131,0.0084,100000000.0,1000000.0
2025-02-14T12:00:00+00:00,ibm,ibm_marrakesh,156,1,,0.09303,0.0293,208.2,120.7
2025-02-14T12:00:00+00:00,ibm,ibm_fez,156,1,,0.50679,0.01327,138.0,86.1
2025-02-15T00:00:00+00:00,ionq,qpu.forte-1,36,1,,0.0235,0.0063,100000000.0,1000000.0
2025-02-15T12:00:00+00:00,ibm,ibm_marrakesh,156,1,,0.09632,0.03294,209.6,120.2
2025-02-15T12:00:00+00:00,ibm,ibm_fez,156,1,,0.50894,0.01327,138.0,86.1
2025-02-16T00:00:00+00:00,ionq,qpu.forte-1,36,1,,0.0371,,100000000.0,1000000.0
2025-02-16T12:00:00+00:00,ibm,ibm_marrakesh,156,1,,0.09619,0.02607,209.6,120.2
2025-02-16T12:00:00+00:00,ibm,ibm_fez,156,1,,0.48051,0.01507,147.0,94.2
2025-02-17T00:00:00+00:00,ionq,qpu.forte-1,36,1,,0.0371,,100000000.0,1000000.0
2025-02-17T12:00:00+00:00,ibm,ibm_marrakesh,156,1,,0.09614,0.02964,209.6,120.2
2025-02-17T12:00:00+00:00,ibm,ibm_fez,156,1,,0.47472,0.01375,147.0,94.2
2025-02-18T00:00:00+00:00,ionq,qpu.forte-1,36,1,,0.0301,,100000000.0,1000000.0
2025-02-18T12:00:00+00:00,ibm,ibm_marrakesh,156,1,,0.09614,0.02964,201.3,105.5
2025-02-18T12:00:00+00:00,ibm,ibm_fez,156,1,,0.4774,0.01375,150.7,95.7
2025-02-19T00:00:00+00:00,ionq,qpu.forte-1,36,1,,0.0611,0.0077,100000000.0,1000000.0
2025-02-19T12:00:00+00:00,ibm,ibm_marrakesh,156,1,,0.09614,0.02964,184.4,104.0
2025-02-19T12:00:00+00:00,ibm,ibm_fez,156,1,,0.4774,0.01375,150.7,95.7
2025-02-20T00:00:00+00:00,ionq,qpu.forte-1,36,1,,0.0073,0.0065,100000000.0,1000000.0
2025-02-20T00:00:00+00:00,ionq,qpu.aria-1,25,1,,0.0201,0.0053,100000000.0,1000000.0
2025-02-20T12:00:00+00:00,ibm,ibm_marrakesh,156,1,,0.1134,0.02743,213.9,119.6
2025-02-20T12:00:00+00:00,ibm,ibm_fez,156,1,,0.48893,0.01368,145.9,80.3
2025-02-21T00:00:00+00:00,ionq,qpu.forte-1,36,1,,0.0088,0.0029,100000000.0,1000000.0
2025-02-21T00:00:00+00:00,ionq,qpu.aria-1,25,1,,0.0315,0.0056,100000000.0,1000000.0
2025-02-21T12:00:00+00:00,ibm,ibm_marrakesh,156,1,,0.39119,0.03244,213.9,119.6
2025-02-21T12:00:00+00:00,ibm,ibm_fez,156,1,,0.48872,0.01339,149.7,93.9
2025-02-22T00:00:00+00:00,ionq,qpu.forte-1,36,1,,0.0071,0.0028,100000000.0,1000000.0
2025-02-22T00:00:00+00:00,ionq,qpu.aria-1,25,1,,0.0487,0.0059,100000000.0,1000000.0
2025-02-22T00:00:00+00:00,ionq,qpu.forte-enterprise-1,36,1,,0.0162,0.0478,188000000.0,950000.0
2025-02-22T12:00:00+00:00,ibm,ibm_marrakesh,156,1,,0.23729,0.03118,195.8,117.7
2025-02-22T12:00:00+00:00,ibm,ibm_fez,156,1,,0.48902,0.01303,149.7,93.9
2025-02-23T00:00:00+00:00,ionq,qpu.forte-1,36,1,,0.0087,0.003,100000000.0,1000000.0
2025-02-23T00:00:00+00:00,ionq,qpu.aria-1,25,1,,0.037,0.0059,100000000.0,1000000.0
2025-02-23T00:00:00+00:00,ionq,qpu.forte-enterprise-1,36,1,,0.0076,0.0309,188000000.0,950000.0
2025-02-23T12:00:00+00:00,ibm,ibm_marrakesh,156,1,,0.23505,0.02815,207.7,118.4
2025-02-23T12:00:00+00:00,ibm,ibm_fez,156,1,,0.48902,0.01303,157.3,95.3
2025-02-24T00:00:00+00:00,ionq,qpu.forte-1,36,1,,0.0108,0.0053,100000000.0,1000000.0
2025-02-24T00:00:00+00:00,ionq,qpu.aria-1,25,1,,0.0314,0.0056,100000000.0,1000000.0
2025-02-24T00:00:00+00:00,ionq,qpu.forte-enterprise-1,36,1,,0.0075,0.0306,188000000.0,950000.0
2025-02-24T12:00:00+00:00,ibm,ibm_marrakesh,156,1,,0.23497,0.02879,208.3,131.0
2025-02-24T12:00:00+00:00,ibm,ibm_fez,156,1,,0.37882,0.01324,157.3,95.3
2025-02-25T00:00:00+00:00,ionq,qpu.forte-1,36,1,,0.0095,0.0028,100000000.0,1000000.0
2025-02-25T00:00:00+00:00,ionq,qpu.aria-1,25,1,,0.0279,0.0056,100000000.0,1000000.0
2025-02-25T00:00:00+00:00,ionq,qpu.forte-enterprise-1,36,1,,0.0034,0.0249,188000000.0,950000.0
2025-02-25T12:00:00+00:00,ibm,ibm_marrakesh,156,1,,0.23491,0.02703,206.7,118.5
2025-02-25T12:00:00+00:00,ibm,ibm_fez,156,1,,0.23717,0.01324,145.6,88.7
2025-02-26T00:00:00+00:00,ionq,qpu.forte-1,36,1,,0.0072,0.0029,100000000.0,1000000.0
2025-02-26T00:00:00+00:00,ionq,qpu.aria-1,25,1,,0.0151,0.0058,100000000.0,1000000.0
2025-02-26T00:00:00+00:00,ionq,qpu.forte-enterprise-1,36,1,,0.004,0.0272,188000000.0,950000.0
2025-02-26T12:00:00+00:00,ibm,ibm_marrakesh,156,1,,0.23491,0.02703,197.4,118.4
2025-02-26T12:00:00+00:00,ibm,ibm_fez,156,1,,0.16371,0.01324,145.6,88.7
2025-02-27T00:00:00+00:00,ionq,qpu.forte-1,36,1,,0.007,0.0029,100000000.0,1000000.0
2025-02-27T00:00:00+00:00,ionq,qpu.aria-1,25,1,,0.025,0.0057,100000000.0,1000000.0
2025-02-27T00:00:00+00:00,ionq,qpu.forte-enterprise-1,36,1,,0.0036,0.0239,188000000.0,950000.0
2025-02-27T12:00:00+00:00,ibm,ibm_marrakesh,156,1,,0.23491,0.02703,205.7,122.6
2025-02-27T12:00:00+00:00,ibm,ibm_fez,156,1,,0.16371,0.01324,144.9,88.0
2025-02-28T00:00:00+00:00,ionq,qpu.forte-1,36,1,,0.0078,0.0054,100000000.0,1000000.0
2025-02-28T00:00:00+00:00,ionq,qpu.aria-1,25,1,,0.0223,0.0056,100000000.0,1000000.0
2025-02-28T00:00:00+00:00,ionq,qpu.forte-enterprise-1,36,1,,0.004,0.0238,188000000.0,950000.0
2025-02-28T12:00:00+00:00,ibm,ibm_marrakesh,156,1,,0.23456,0.02989,205.7,122.6
2025-02-28T12:00:00+00:00,ibm,ibm_fez,156,1,,0.11553,0.01423,144.9,88.0
2025-03-01T00:00:00+00:00,ionq,qpu.forte-1,36,1,,0.0091,0.0116,100000000.0,1000000.0
2025-03-01T00:00:00+00:00,ionq,qpu.aria-1,25,1,,0.0184,0.0056,100000000.0,1000000.0
2025-03-01T00:00:00+00:00,ionq,qpu.forte-enterprise-1,36,1,,0.0241,0.0213,188000000.0,950000.0
2025-03-01T12:00:00+00:00,ibm,ibm_marrakesh,156,1,,0.09887,0.03181,194.9,113.0
2025-03-01T12:00:00+00:00,ibm,ibm_fez,156,1,,0.11553,0.01423,144.9,88.0
2025-03-02T00:00:00+00:00,ionq,qpu.forte-1,36,1,,0.008,0.0048,100000000.0,1000000.0
2025-03-02T00:00:00+00:00,ionq,qpu.aria-1,25,1,,0.0257,0.0057,100000000.0,1000000.0
2025-03-02T00:00:00+00:00,ionq,qpu.forte-enterprise-1,36,1,,0.0067,0.0288,188000000.0,950000.0
2025-03-02T12:00:00+00:00,ibm,ibm_marrakesh,156,1,,0.09894,0.03417,198.3,121.4
2025-03-02T12:00:00+00:00,ibm,ibm_fez,156,1,,0.11898,0.01372,147.3,91.2
2025-03-03T00:00:00+00:00,ionq,qpu.forte-1,36,1,,0.008,0.0046,100000000.0,1000000.0
2025-03-03T00:00:00+00:00,ionq,qpu.aria-1,25,1,,0.0232,0.0061,100000000.0,1000000.0
2025-03-03T00:00:00+00:00,ionq,qpu.forte-enterprise-1,36,1,,0.0069,0.0326,188000000.0,950000.0
2025-03-03T12:00:00+00:00,ibm,ibm_marrakesh,156,1,,0.09894,0.03417,200.5,115.3
2025-03-03T12:00:00+00:00,ibm,ibm_fez,156,1,,0.12168,0.01342,147.2,100.2
2025-03-04T00:00:00+00:00,ionq,qpu.forte-1,36,1,,0.0082,0.0048,100000000.0,1000000.0
2025-03-04T00:00:00+00:00,ionq,qpu.aria-1,25,1,,0.0187,0.0061,100000000.0,1000000.0
2025-03-04T00:00:00+00:00,ionq,qpu.forte-enterprise-1,36,1,,0.0078,0.0343,188000000.0,950000.0
2025-03-04T12:00:00+00:00,ibm,ibm_marrakesh,156,1,,0.09929,0.02764,196.9,109.1
2025-03-04T12:00:00+00:00,ibm,ibm_fez,156,1,,0.12168,0.01342,147.2,100.2
2025-03-05T00:00:00+00:00,ionq,qpu.forte-1,36,1,,0.0126,0.0048,100000000.0,1000000.0
2025-03-05T00:00:00+00:00,ionq,qpu.aria-1,25,1,,0.0138,0.0061,100000000.0,1000000.0
2025-03-05T00:00:00+00:00,ionq,qpu.forte-enterprise-1,36,1,,0.0206,0.0211,188000000.0,950000.0
2025-03-05T12:00:00+00:00,ibm,ibm_marrakesh,156,1,,0.09905,0.0316,202.9,107.1
2025-03-05T12:00:00+00:00,ibm,ibm_fez,156,1,,0.12168,0.01396,136.0,84.3
2025-03-06T00:00:00+00:00,ionq,qpu.aria-1,25,1,,0.0274,0.0069,100000000.0,1000000.0
2025-03-06T00:00:00+00:00,ionq,qpu.forte-enterprise-1,36,1,,0.0042,0.0272,188000000.0,950000.0
2025-03-06T12:00:00+00:00,ibm,ibm_marrakesh,156,1,,0.09905,0.0316,202.9,107.1
2025-03-06T12:00:00+00:00,ibm,ibm_fez,156,1,,0.12172,0.01443,139.7,87.8
2025-03-07T00:00:00+00:00,ionq,qpu.forte-1,36,1,,0.0077,0.0059,100000000.0,1000000.0
2025-03-07T00:00:00+00:00,ionq,qpu.aria-1,25,1,,0.0143,0.006,100000000.0,1000000.0
2025-03-07T00:00:00+00:00,ionq,qpu.forte-enterprise-1,36,1,,0.0064,0.0292,188000000.0,950000.0
2025-03-07T12:00:00+00:00,ibm,ibm_marrakesh,156,1,,0.10143,0.0316,202.9,107.1
2025-03-07T12:00:00+00:00,ibm,ibm_fez,156,1,,0.09909,0.01443,139.7,87.8
2025-03-08T00:00:00+00:00,ionq,qpu.forte-1,36,1,,0.0093,0.0056,100000000.0,1000000.0
2025-03-08T00:00:00+00:00,ionq,qpu.aria-1,25,1,,0.0132,0.0057,100000000.0,1000000.0
2025-03-08T00:00:00+00:00,ionq,qpu.forte-enterprise-1,36,1,,0.0073,0.0328,188000000.0,950000.0
2025-03-08T12:00:00+00:00,ibm,ibm_marrakesh,156,1,,0.11828,0.0316,202.9,107.1
2025-03-08T12:00:00+00:00,ibm,ibm_fez,156,1,,0.06579,0.0149,136.5,84.5
2025-03-09T00:00:00+00:00,ionq,qpu.forte-1,36,1,,0.0072,0.0057,100000000.0,1000000.0
2025-03-09T00:00:00+00:00,ionq,qpu.aria-1,25,1,,0.0147,0.0059,100000000.0,1000000.0
2025-03-09T00:00:00+00:00,ionq,qpu.forte-enterprise-1,36,1,,0.0033,0.0286,188000000.0,950000.0
2025-03-09T12:00:00+00:00,ibm,ibm_marrakesh,156,1,,0.11828,0.0316,202.9,107.1
2025-03-09T12:00:00+00:00,ibm,ibm_fez,156,1,,0.06579,0.01445,148.1,93.7
2025-03-10T00:00:00+00:00,ionq,qpu.forte-1,36,1,,0.0086,0.0053,100000000.0,1000000.0
2025-03-10T00:00:00+00:00,ionq,qpu.aria-1,25,1,,0.0148,0.0132,100000000.0,1000000.0
2025-03-10T12:00:00+00:00,ibm,ibm_marrakesh,156,1,,0.10645,0.0316,203.5,111.0
2025-03-10T12:00:00+00:00,ibm,ibm_marrakesh,156,1,,0.10645,0.0316,203.5,111.0
2025-03-10T12:00:00+00:00,ibm,ibm_fez,156,1,,0.08561,0.01518,143.0,84.4
2025-03-10T12:00:00+00:00,ibm,ibm_fez,156,1,,0.08561,0.01518,143.0,84.4
2025-03-11T00:00:00+00:00,ionq,qpu.forte-1,36,1,,0.0131,0.0057,100000000.0,1000000.0
2025-03-11T00:00:00+00:00,ionq,qpu.aria-1,25,1,,0.0132,0.0065,100000000.0,1000000.0
2025-03-11T12:00:00+00:00,ibm,ibm_marrakesh,156,1,,0.1042,0.02547,201.1,113.0
2025-03-11T12:00:00+00:00,ibm,ibm_fez,156,1,,0.16473,0.01352,142.3,85.0
2025-03-11T12:00:00+00:00,ibm,ibm_fez,156,1,,0.16473,0.01352,142.3,85.0
2025-03-12T00:00:00+00:00,ionq,qpu.forte-1,36,1,,0.0075,0.0062,100000000.0,1000000.0
2025-03-12T00:00:00+00:00,ionq,qpu.aria-1,25,1,,0.0129,0.0061,100000000.0,1000000.0
2025-03-12T00:00:00+00:00,ionq,qpu.forte-enterprise-1,36,1,,0.0049,0.0289,188000000.0,950000.0
2025-03-12T12:00:00+00:00,ibm,ibm_marrakesh,156,1,,0.10418,0.02648,207.4,119.3
2025-03-12T12:00:00+00:00,ibm,ibm_marrakesh,156,1,,0.10418,0.02648,207.4,119.3
2025-03-12T12:00:00+00:00,ibm,ibm_fez,156,1,,0.18774,0.01352,142.3,85.0
2025-03-12T12:00:00+00:00,ibm,ibm_fez,156,1,,0.18774,0.01352,142.3,85.0
2025-03-13T00:00:00+00:00,ionq,qpu.forte-1,36,1,,0.0064,0.0061,100000000.0,1000000.0
2025-03-13T00:00:00+00:00,ionq,qpu.aria-1,25,1,,0.0138,0.006,100000000.0,1000000.0
2025-03-13T00:00:00+00:00,ionq,qpu.forte-enterprise-1,36,1,,0.0046,0.0279,188000000.0,950000.0
2025-03-13T12:00:00+00:00,ibm,ibm_marrakesh,156,1,,0.10418,0.02648,193.8,82.3
2025-03-13T12:00:00+00:00,ibm,ibm_marrakesh,156,1,,0.10418,0.02648,193.8,82.3
2025-03-13T12:00:00+00:00,ibm,ibm_fez,156,1,,0.18778,0.01586,134.9,87.1
2025-03-13T12:00:00+00:00,ibm,ibm_fez,156,1,,0.18778,0.01586,134.9,87.1
2025-03-14T00:00:00+00:00,ionq,qpu.forte-1,36,1,,0.0064,0.0066,100000000.0,1000000.0
2025-03-14T00:00:00+00:00,ionq,qpu.aria-1,25,1,,0.0212,0.0064,100000000.0,1000000.0
2025-03-14T00:00:00+00:00,ionq,qpu.forte-enterprise-1,36,1,,0.0068,0.0306,188000000.0,950000.0
2025-03-14T12:00:00+00:00,ibm,ibm_marrakesh,156,1,,0.09889,0.02366,198.5,102.0
2025-03-14T12:00:00+00:00,ibm,ibm_marrakesh,156,1,,0.09889,0.02366,198.5,102.0
2025-03-14T12:00:00+00:00,ibm,ibm_fez,156,1,,0.20998,0.019,144.7,91.6
2025-03-14T12:00:00+00:00,ibm,ibm_fez,156,1,,0.20998,0.019,144.7,91.6
2025-03-15T00:00:00+00:00,ionq,qpu.forte-1,36,1,,0.0112,0.0036,100000000.0,1000000.0
2025-03-15T00:00:00+00:00,ionq,qpu.aria-1,25,1,,0.0153,0.0063,100000000.0,1000000.0
2025-03-15T00:00:00+00:00,ionq,qpu.forte-enterprise-1,36,1,,0.0046,0.0242,188000000.0,950000.0
2025-03-15T12:00:00+00:00,ibm,ibm_marrakesh,156,1,,0.10987,0.02684,208.8,130.4
2025-03-15T12:00:00+00:00,ibm,ibm_marrakesh,156,1,,0.10987,0.02684,208.8,130.4
2025-03-15T12:00:00+00:00,ibm,ibm_fez,156,1,,0.13383,0.01751,150.2,95.6
2025-03-15T12:00:00+00:00,ibm,ibm_fez,156,1,,0.13383,0.01751,150.2,95.6
2025-03-16T00:00:00+00:00,ionq,qpu.forte-1,36,1,,0.015,0.0036,100000000.0,1000000.0
2025-03-16T00:00:00+00:00,ionq,qpu.aria-1,25,1,,0.0153,0.0056,100000000.0,1000000.0
2025-03-16T00:00:00+00:00,ionq,qpu.forte-enterprise-1,36,1,,0.0145,0.0195,188000000.0,950000.0
2025-03-16T12:00:00+00:00,ibm,ibm_marrakesh,156,1,,0.10996,0.02701,199.9,108.9
2025-03-16T12:00:00+00:00,ibm,ibm_marrakesh,156,1,,0.10996,0.02701,199.9,108.9
2025-03-16T12:00:00+00:00,ibm,ibm_fez,156,1,,0.13369,0.01757,154.3,96.5
2025-03-16T12:00:00+00:00,ibm,ibm_fez,156,1,,0.13369,0.01757,154.3,96.5
2025-03-16T12:00:00+00:00,ibm,ibm_kingston,156,1,,0.00667,0.0,100.0,200.0
2025-03-16T12:00:00+00:00,ibm,ibm_kingston,156,1,,0.00667,0.0,100.0,200.0
2025-03-17T00:00:00+00:00,ionq,qpu.forte-1,36,1,,0.0149,0.0036,100000000.0,1000000.0
2025-03-17T00:00:00+00:00,ionq,qpu.aria-1,25,1,,0.0612,0.0063,100000000.0,1000000.0
2025-03-17T00:00:00+00:00,ionq,qpu.forte-enterprise-1,36,1,,0.0131,0.0256,188000000.0,950000.0
2025-03-17T12:00:00+00:00,ibm,ibm_marrakesh,156,1,,0.09356,0.02701,204.7,117.1
2025-03-17T12:00:00+00:00,ibm,ibm_marrakesh,156,1,,0.09356,0.02701,204.7,117.1
2025-03-17T12:00:00+00:00,ibm,ibm_fez,156,1,,0.13369,0.01757,154.3,96.5
2025-03-17T12:00:00+00:00,ibm,ibm_kingston,156,1,,0.00667,0.0,100.0,200.0
2025-03-18T00:00:00+00:00,ionq,qpu.forte-1,36,1,,0.0091,0.0036,100000000.0,1000000.0
2025-03-18T00:00:00+00:00,ionq,qpu.aria-1,25,1,,0.0227,0.0061,100000000.0,1000000.0
2025-03-18T00:00:00+00:00,ionq,qpu.forte-enterprise-1,36,1,,0.0042,0.0305,188000000.0,950000.0
2025-03-18T12:00:00+00:00,ibm,ibm_marrakesh,156,1,,0.096,0.02549,204.7,117.1
2025-03-18T12:00:00+00:00,ibm,ibm_marrakesh,156,1,,0.096,0.02549,204.7,117.1
2025-03-18T12:00:00+00:00,ibm,ibm_fez,156,1,,0.13369,0.01757,154.3,96.5
2025-03-18T12:00:00+00:00,ibm,ibm_fez,156,1,,0.13369,0.01757,154.3,96.5
2025-03-18T12:00:00+00:00,ibm,ibm_kingston,156,1,,0.00667,0.0,100.0,200.0
2025-03-18T12:00:00+00:00,ibm,ibm_kingston,156,1,,0.00667,0.0,100.0,200.0
2025-03-19T00:00:00+00:00,ionq,qpu.forte-1,36,1,,0.0068,0.0067,100000000.0,1000000.0
2025-03-19T00:00:00+00:00,ionq,qpu.aria-1,25,1,,0.0305,0.0062,100000000.0,1000000.0
2025-03-19T00:00:00+00:00,ionq,qpu.forte-enterprise-1,36,1,,0.0076,0.0368,188000000.0,950000.0
2025-03-19T12:00:00+00:00,ibm,ibm_marrakesh,156,1,,0.09605,0.02486,211.0,106.5
2025-03-19T12:00:00+00:00,ibm,ibm_marrakesh,156,1,,0.09605,0.02486,211.0,106.5
2025-03-19T12:00:00+00:00,ibm,ibm_fez,156,1,,0.13369,0.01757,154.3,96.5
2025-03-19T12:00:00+00:00,ibm,ibm_fez,156,1,,0.13369,0.01757,154.3,96.5
2025-03-19T12:00:00+00:00,ibm,ibm_kingston,156,1,,0.00667,0.0,100.0,200.0
2025-03-19T12:00:00+00:00,ibm,ibm_kingston,156,1,,0.00667,0.0,100.0,200.0
2025-03-20T00:00:00+00:00,ionq,qpu.forte-1,36,1,,0.0111,0.0067,100000000.0,1000000.0
2025-03-20T00:00:00+00:00,ionq,qpu.aria-1,25,1,,0.0272,0.0059,100000000.0,1000000.0
2025-03-20T00:00:00+00:00,ionq,qpu.forte-enterprise-1,36,1,,0.0101,0.0359,188000000.0,950000.0
2025-03-20T12:00:00+00:00,ibm,ibm_marrakesh,156,1,,0.09622,0.02814,219.9,118.3
2025-03-20T12:00:00+00:00,ibm,ibm_marrakesh,156,1,,0.09622,0.02814,219.9,118.3
2025-03-20T12:00:00+00:00,ibm,ibm_fez,156,1,,0.13369,0.01757,154.3,96.5
2025-03-20T12:00:00+00:00,ibm,ibm_fez,156,1,,0.13369,0.01757,154.3,96.5
2025-03-20T12:00:00+00:00,ibm,ibm_kingston,156,1,,0.00667,0.0,100.0,200.0
2025-03-20T12:00:00+00:00,ibm,ibm_kingston,156,1,,0.00667,0.0,100.0,200.0
2025-03-21T00:00:00+00:00,ionq,qpu.forte-1,36,1,,0.0123,0.0067,100000000.0,1000000.0
2025-03-21T00:00:00+00:00,ionq,qpu.aria-1,25,1,,0.0218,0.0062,100000000.0,1000000.0
2025-03-21T00:00:00+00:00,ionq,qpu.forte-enterprise-1,36,1,,0.0062,0.0326,188000000.0,950000.0
2025-03-21T12:00:00+00:00,ibm,ibm_marrakesh,156,1,,0.09622,0.02814,196.6,100.9
2025-03-21T12:00:00+00:00,ibm,ibm_marrakesh,156,1,,0.09622,0.02814,196.6,100.9
2025-03-21T12:00:00+00:00,ibm,ibm_fez,156,1,,0.13962,0.0185,154.3,96.5
2025-03-21T12:00:00+00:00,ibm,ibm_fez,156,1,,0.13962,0.0185,154.3,96.5
2025-03-21T12:00:00+00:00,ibm,ibm_kingston,156,1,,0.00667,0.0,100.0,200.0
2025-03-21T12:00:00+00:00,ibm,ibm_kingston,156,1,,0.00667,0.0,100.0,200.0
2025-03-22T00:00:00+00:00,ionq,qpu.forte-1,36,1,,0.0131,0.0071,100000000.0,1000000.0
2025-03-22T00:00:00+00:00,ionq,qpu.aria-1,25,1,,0.0148,,100000000.0,1000000.0
2025-03-22T00:00:00+00:00,ionq,qpu.forte-enterprise-1,36,1,,0.0074,0.0414,188000000.0,950000.0
2025-03-22T12:00:00+00:00,ibm,ibm_marrakesh,156,1,,0.09622,0.02728,196.6,100.9
2025-03-22T12:00:00+00:00,ibm,ibm_marrakesh,156,1,,0.09622,0.02728,196.6,100.9
2025-03-22T12:00:00+00:00,ibm,ibm_fez,156,1,,0.14263,0.0185,133.2,70.6
2025-03-22T12:00:00+00:00,ibm,ibm_fez,156,1,,0.14263,0.0185,133.2,70.6
2025-03-22T12:00:00+00:00,ibm,ibm_kingston,156,1,,0.00667,0.0,100.0,200.0
2025-03-22T12:00:00+00:00,ibm,ibm_kingston,156,1,,0.00667,0.0,100.0,200.0
2025-03-23T00:00:00+00:00,ionq,qpu.forte-1,36,1,,0.015,0.0056,100000000.0,1000000.0
2025-03-23T00:00:00+00:00,ionq,qpu.aria-1,25,1,,0.0167,0.0063,100000000.0,1000000.0
2025-03-23T00:00:00+00:00,ionq,qpu.forte-enterprise-1,36,1,,0.0139,0.0506,188000000.0,950000.0
2025-03-23T12:00:00+00:00,ibm,ibm_marrakesh,156,1,,0.09622,0.02762,201.6,114.5
2025-03-23T12:00:00+00:00,ibm,ibm_marrakesh,156,1,,0.09622,0.02762,201.6,114.5
2025-03-23T12:00:00+00:00,ibm,ibm_fez,156,1,,0.13417,0.01846,131.3,64.4
2025-03-23T12:00:00+00:00,ibm,ibm_fez,156,1,,0.13417,0.01846,131.3,64.4
2025-03-23T12:00:00+00:00,ibm,ibm_kingston,156,1,,0.00667,0.0,100.0,200.0
2025-03-23T12:00:00+00:00,ibm,ibm_kingston,156,1,,0.00667,0.0,100.0,200.0
2025-03-24T00:00:00+00:00,ionq,qpu.forte-1,36,1,,0.0156,0.0037,100000000.0,1000000.0
2025-03-24T00:00:00+00:00,ionq,qpu.aria-1,25,1,,0.0194,0.0064,100000000.0,1000000.0
2025-03-24T12:00:00+00:00,ibm,ibm_marrakesh,156,1,,0.10166,0.02848,206.5,108.7
2025-03-24T12:00:00+00:00,ibm,ibm_marrakesh,156,1,,0.10166,0.02848,206.5,108.7
2025-03-24T12:00:00+00:00,ibm,ibm_fez,156,1,,0.13409,0.01877,125.6,72.3
2025-03-24T12:00:00+00:00,ibm,ibm_fez,156,1,,0.13409,0.01877,125.6,72.3
2025-03-24T12:00:00+00:00,ibm,ibm_kingston,156,1,,0.00667,0.0,100.0,200.0
2025-03-24T12:00:00+00:00,ibm,ibm_kingston,156,1,,0.00667,0.0,100.0,200.0
2025-03-25T00:00:00+00:00,ionq,qpu.forte-1,36,1,,0.0108,0.0038,100000000.0,1000000.0
2025-03-25T00:00:00+00:00,ionq,qpu.aria-1,25,1,,0.0158,0.0061,100000000.0,1000000.0
2025-03-25T12:00:00+00:00,ibm,ibm_marrakesh,156,1,,0.10167,0.02368,206.2,119.4
2025-03-25T12:00:00+00:00,ibm,ibm_marrakesh,156,1,,0.10167,0.02368,206.2,119.4
2025-03-25T12:00:00+00:00,ibm,ibm_fez,156,1,,0.13466,0.01891,142.5,97.2
2025-03-25T12:00:00+00:00,ibm,ibm_fez,156,1,,0.13466,0.01891,142.5,97.2
2025-03-25T12:00:00+00:00,ibm,ibm_kingston,156,1,,0.00667,0.0,100.0,200.0
2025-03-25T12:00:00+00:00,ibm,ibm_kingston,156,1,,0.00667,0.0,100.0,200.0
2025-03-26T00:00:00+00:00,ionq,qpu.forte-1,36,1,,0.0106,0.0111,100000000.0,1000000.0
2025-03-26T00:00:00+00:00,ionq,qpu.aria-1,25,1,,0.0178,0.0067,100000000.0,1000000.0
2025-03-26T12:00:00+00:00,ibm,ibm_marrakesh,156,1,,0.1016,0.0288,212.5,118.5
2025-03-26T12:00:00+00:00,ibm,ibm_marrakesh,156,1,,0.1016,0.0288,212.5,118.5
2025-03-26T12:00:00+00:00,ibm,ibm_fez,156,1,,0.14217,0.01831,141.5,90.6
2025-03-26T12:00:00+00:00,ibm,ibm_kingston,156,1,,0.00667,0.0,100.0,200.0
2025-03-27T00:00:00+00:00,ionq,qpu.forte-1,36,1,,0.0079,0.0111,100000000.0,1000000.0
2025-03-27T00:00:00+00:00,ionq,qpu.aria-1,25,1,,0.0196,0.0063,100000000.0,1000000.0
2025-03-27T12:00:00+00:00,ibm,ibm_marrakesh,156,1,,0.10164,0.0317,203.2,107.5
2025-03-27T12:00:00+00:00,ibm,ibm_marrakesh,156,1,,0.10164,0.0317,203.2,107.5
2025-03-27T12:00:00+00:00,ibm,ibm_fez,156,1,,0.14217,0.01831,155.1,101.3
2025-03-27T12:00:00+00:00,ibm,ibm_fez,156,1,,0.14217,0.01831,155.1,101.3
2025-03-27T12:00:00+00:00,ibm,ibm_kingston,156,1,,0.02709,0.02741,203.3,154.6
2025-03-28T00:00:00+00:00,ionq,qpu.forte-1,36,1,,0.0171,0.0037,100000000.0,1000000.0
2025-03-28T00:00:00+00:00,ionq,qpu.aria-1,25,1,,0.0179,0.0063,100000000.0,1000000.0
2025-03-28T12:00:00+00:00,ibm,ibm_marrakesh,156,1,,0.10448,0.02969,199.2,107.5
2025-03-28T12:00:00+00:00,ibm,ibm_marrakesh,156,1,,0.10448,0.02969,199.2,107.5
2025-03-28T12:00:00+00:00,ibm,ibm_fez,156,1,,0.14219,0.01959,155.5,99.8
2025-03-28T12:00:00+00:00,ibm,ibm_fez,156,1,,0.14219,0.01959,155.5,99.8
2025-03-28T12:00:00+00:00,ibm,ibm_kingston,156,1,,0.02659,0.02688,211.9,159.4
2025-03-29T00:00:00+00:00,ionq,qpu.forte-1,36,1,,0.0342,0.0037,100000000.0,1000000.0
2025-03-29T00:00:00+00:00,ionq,qpu.aria-1,25,1,,0.0162,0.0059,100000000.0,1000000.0
2025-03-29T00:00:00+00:00,ionq,qpu.forte-enterprise-1,36,1,,0.0061,0.0274,188000000.0,950000.0
2025-03-29T12:00:00+00:00,ibm,ibm_marrakesh,156,1,,0.10448,0.02969,196.7,103.6
2025-03-29T12:00:00+00:00,ibm,ibm_marrakesh,156,1,,0.10448,0.02969,196.7,103.6
2025-03-29T12:00:00+00:00,ibm,ibm_fez,156,1,,0.15604,0.01918,155.5,99.8
2025-03-29T12:00:00+00:00,ibm,ibm_kingston,156,1,,0.02617,0.01376,223.3,147.6
2025-03-30T00:00:00+00:00,ionq,qpu.forte-1,36,1,,0.0108,0.0038,100000000.0,1000000.0
2025-03-30T00:00:00+00:00,ionq,qpu.aria-1,25,1,,0.0247,0.0057,100000000.0,1000000.0
2025-03-30T00:00:00+00:00,ionq,qpu.forte-enterprise-1,36,1,,0.0067,0.0271,188000000.0,950000.0
2025-03-30T12:00:00+00:00,ibm,ibm_marrakesh,156,1,,0.10472,0.02669,192.3,103.8
2025-03-30T12:00:00+00:00,ibm,ibm_marrakesh,156,1,,0.10472,0.02669,192.3,103.8
2025-03-30T12:00:00+00:00,ibm,ibm_fez,156,1,,0.14736,0.01869,156.3,103.8
2025-03-30T12:00:00+00:00,ibm,ibm_fez,156,1,,0.14736,0.01869,156.3,103.8
2025-03-30T12:00:00+00:00,ibm,ibm_kingston,156,1,,0.02652,0.01008,233.6,144.8
2025-03-31T00:00:00+00:00,ionq,qpu.forte-1,36,1,,0.0091,,100000000.0,1000000.0
2025-03-31T00:00:00+00:00,ionq,qpu.aria-1,25,1,,0.0183,0.0055,100000000.0,1000000.0
2025-03-31T00:00:00+00:00,ionq,qpu.forte-enterprise-1,36,1,,0.0069,0.0269,188000000.0,950000.0
2025-03-31T12:00:00+00:00,ibm,ibm_marrakesh,156,1,,0.1723,0.02751,208.9,103.8
2025-03-31T12:00:00+00:00,ibm,ibm_marrakesh,156,1,,0.1723,0.02751,208.9,103.8
2025-03-31T12:00:00+00:00,ibm,ibm_fez,156,1,,0.14253,0.01951,158.9,97.6
2025-03-31T12:00:00+00:00,ibm,ibm_fez,156,1,,0.14253,0.01951,158.9,97.6
2025-03-31T12:00:00+00:00,ibm,ibm_kingston,156,1,,0.02706,0.01077,210.7,148.1
2025-03-31T12:00:00+00:00,ibm,ibm_kingston,156,1,,0.02706,0.01077,210.7,148.1
2025-04-01T00:00:00+00:00,ionq,qpu.aria-1,25,1,,0.023,0.0057,100000000.0,1000000.0
2025-04-01T00:00:00+00:00,ionq,qpu.forte-enterprise-1,36,1,,0.0055,0.0262,188000000.0,950000.0
2025-04-01T12:00:00+00:00,ibm,ibm_marrakesh,156,1,,0.09883,0.0291,208.9,103.8
2025-04-01T12:00:00+00:00,ibm,ibm_marrakesh,156,1,,0.09883,0.0291,208.9,103.8
2025-04-01T12:00:00+00:00,ibm,ibm_fez,156,1,,0.14262,0.01974,160.5,97.1
2025-04-01T12:00:00+00:00,ibm,ibm_fez,156,1,,0.14262,0.01974,160.5,97.1
2025-04-01T12:00:00+00:00,ibm,ibm_kingston,156,1,,0.02705,0.01143,242.2,144.1
2025-04-01T12:00:00+00:00,ibm,ibm_kingston,156,1,,0.02705,0.01143,242.2,144.1
2025-04-02T00:00:00+00:00,ionq,qpu.aria-1,25,1,,0.0119,0.0065,100000000.0,1000000.0
2025-04-02T00:00:00+00:00,ionq,qpu.forte-enterprise-1,36,1,,0.0054,0.025,188000000.0,950000.0
2025-04-02T12:00:00+00:00,ibm,ibm_marrakesh,156,1,,0.08501,0.02497,201.4,97.5
2025-04-02T12:00:00+00:00,ibm,ibm_marrakesh,156,1,,0.08501,0.02497,201.4,97.5
2025-04-02T12:00:00+00:00,ibm,ibm_fez,156,1,,0.13997,0.01974,160.5,97.1
2025-04-02T12:00:00+00:00,ibm,ibm_fez,156,1,,0.13997,0.01974,160.5,97.1
2025-04-02T12:00:00+00:00,ibm,ibm_kingston,156,1,,0.02714,0.01154,261.6,148.0
2025-04-02T12:00:00+00:00,ibm,ibm_kingston,156,1,,0.02714,0.01154,261.6,148.0
2025-04-03T00:00:00+00:00,ionq,qpu.aria-1,25,1,,0.0224,0.0058,100000000.0,1000000.0
2025-04-03T00:00:00+00:00,ionq,qpu.forte-enterprise-1,36,1,,0.0047,0.0295,188000000.0,950000.0
2025-04-03T12:00:00+00:00,ibm,ibm_marrakesh,156,1,,0.08488,0.02555,210.0,98.8
2025-04-03T12:00:00+00:00,ibm,ibm_marrakesh,156,1,,0.08488,0.02555,210.0,98.8
2025-04-03T12:00:00+00:00,ibm,ibm_fez,156,1,,0.13403,0.0182,161.1,107.9
2025-04-03T12:00:00+00:00,ibm,ibm_fez,156,1,,0.13403,0.0182,161.1,107.9
2025-04-03T12:00:00+00:00,ibm,ibm_kingston,156,1,,0.02714,0.01154,239.9,148.6
2025-04-03T12:00:00+00:00,ibm,ibm_kingston,156,1,,0.02714,0.01154,239.9,148.6
2025-04-04T00:00:00+00:00,ionq,qpu.forte-1,36,1,,0.0087,0.0042,100000000.0,1000000.0
2025-04-04T00:00:00+00:00,ionq,qpu.aria-1,25,1,,0.0176,0.0069,100000000.0,1000000.0
2025-04-04T00:00:00+00:00,ionq,qpu.forte-enterprise-1,36,1,,0.0065,0.0316,188000000.0,950000.0
2025-04-04T12:00:00+00:00,ibm,ibm_marrakesh,156,1,,0.08479,0.02756,198.6,113.2
2025-04-04T12:00:00+00:00,ibm,ibm_marrakesh,156,1,,0.08479,0.02756,198.6,113.2
2025-04-04T12:00:00+00:00,ibm,ibm_fez,156,1,,0.13421,0.01934,143.7,84.3
2025-04-04T12:00:00+00:00,ibm,ibm_fez,156,1,,0.13421,0.01934,143.7,84.3
2025-04-04T12:00:00+00:00,ibm,ibm_kingston,156,1,,0.02714,0.01154,239.9,148.6
2025-04-04T12:00:00+00:00,ibm,ibm_kingston,156,1,,0.02714,0.01154,239.9,148.6
2025-04-05T00:00:00+00:00,ionq,qpu.forte-1,36,1,,0.007,0.0043,100000000.0,1000000.0
2025-04-05T00:00:00+00:00,ionq,qpu.aria-1,25,1,,0.0155,0.0084,100000000.0,1000000.0
2025-04-05T00:00:00+00:00,ionq,qpu.forte-enterprise-1,36,1,,0.0058,0.0271,188000000.0,950000.0
2025-04-05T12:00:00+00:00,ibm,ibm_marrakesh,156,1,,0.08228,0.02702,226.0,123.8
2025-04-05T12:00:00+00:00,ibm,ibm_marrakesh,156,1,,0.08228,0.02702,226.0,123.8
2025-04-05T12:00:00+00:00,ibm,ibm_fez,156,1,,0.14269,0.01934,142.8,88.4
2025-04-05T12:00:00+00:00,ibm,ibm_fez,156,1,,0.14269,0.01934,142.8,88.4
2025-04-05T12:00:00+00:00,ibm,ibm_kingston,156,1,,0.02801,0.01299,239.9,148.6
2025-04-05T12:00:00+00:00,ibm,ibm_kingston,156,1,,0.02801,0.01299,239.9,148.6
2025-04-06T00:00:00+00:00,ionq,qpu.forte-1,36,1,,0.0098,0.0043,100000000.0,1000000.0
2025-04-06T00:00:00+00:00,ionq,qpu.aria-1,25,1,,0.0177,0.0069,100000000.0,1000000.0
2025-04-06T00:00:00+00:00,ionq,qpu.forte-enterprise-1,36,1,,0.0046,0.028,188000000.0,950000.0
2025-04-06T12:00:00+00:00,ibm,ibm_marrakesh,156,1,,0.08227,0.02987,206.5,102.9
2025-04-06T12:00:00+00:00,ibm,ibm_marrakesh,156,1,,0.08227,0.02987,206.5,102.9
2025-04-06T12:00:00+00:00,ibm,ibm_fez,156,1,,0.14551,0.01809,146.2,92.6
2025-04-06T12:00:00+00:00,ibm,ibm_fez,156,1,,0.14551,0.01809,146.2,92.6
2025-04-06T12:00:00+00:00,ibm,ibm_kingston,156,1,,0.02757,0.01263,266.3,141.6
2025-04-06T12:00:00+00:00,ibm,ibm_kingston,156,1,,0.02757,0.01263,266.3,141.6
2025-04-07T00:00:00+00:00,ionq,qpu.forte-1,36,1,,0.0091,0.0041,100000000.0,1000000.0
2025-04-07T00:00:00+00:00,ionq,qpu.aria-1,25,1,,0.0182,0.0072,100000000.0,1000000.0
2025-04-07T00:00:00+00:00,ionq,qpu.forte-enterprise-1,36,1,,0.0051,0.0243,188000000.0,950000.0
2025-04-07T12:00:00+00:00,ibm,ibm_marrakesh,156,1,,0.08227,0.02987,197.1,105.9
2025-04-07T12:00:00+00:00,ibm,ibm_marrakesh,156,1,,0.08227,0.02987,197.1,105.9
2025-04-07T12:00:00+00:00,ibm,ibm_fez,156,1,,0.13112,0.0189,150.5,91.3
2025-04-07T12:00:00+00:00,ibm,ibm_fez,156,1,,0.13112,0.0189,150.5,91.3
2025-04-07T12:00:00+00:00,ibm,ibm_kingston,156,1,,0.02757,0.01263,266.3,141.6
2025-04-08T00:00:00+00:00,ionq,qpu.forte-1,36,1,,0.0095,0.0043,100000000.0,1000000.0
2025-04-08T00:00:00+00:00,ionq,qpu.aria-1,25,1,,0.0112,0.0069,100000000.0,1000000.0
2025-04-08T00:00:00+00:00,ionq,qpu.forte-enterprise-1,36,1,,0.0053,0.0264,188000000.0,950000.0
2025-04-08T12:00:00+00:00,ibm,ibm_marrakesh,156,1,,0.07903,0.02613,208.9,114.2
2025-04-08T12:00:00+00:00,ibm,ibm_marrakesh,156,1,,0.07903,0.02613,208.9,114.2
2025-04-08T12:00:00+00:00,ibm,ibm_fez,156,1,,0.13112,0.0189,150.5,91.3
2025-04-08T12:00:00+00:00,ibm,ibm_fez,156,1,,0.13112,0.0189,150.5,91.3
2025-04-08T12:00:00+00:00,ibm,ibm_kingston,156,1,,0.02757,0.01152,266.3,141.6
2025-04-08T12:00:00+00:00,ibm,ibm_kingston,156,1,,0.02757,0.01152,266.3,141.6
2025-04-09T00:00:00+00:00,ionq,qpu.forte-1,36,1,,0.0081,0.0077,100000000.0,1000000.0
2025-04-09T00:00:00+00:00,ionq,qpu.aria-1,25,1,,0.0106,0.0077,100000000.0,1000000.0
2025-04-09T00:00:00+00:00,ionq,qpu.forte-enterprise-1,36,1,,0.0047,0.0274,188000000.0,950000.0
2025-04-09T12:00:00+00:00,ibm,ibm_marrakesh,156,1,,0.07894,0.0297,208.9,114.2
2025-04-09T12:00:00+00:00,ibm,ibm_marrakesh,156,1,,0.07894,0.0297,208.9,114.2
2025-04-09T12:00:00+00:00,ibm,ibm_fez,156,1,,0.13403,0.01865,141.1,87.3
2025-04-09T12:00:00+00:00,ibm,ibm_fez,156,1,,0.13403,0.01865,141.1,87.3
2025-04-09T12:00:00+00:00,ibm,ibm_kingston,156,1,,0.02765,0.01199,259.6,152.3
2025-04-09T12:00:00+00:00,ibm,ibm_kingston,156,1,,0.02765,0.01199,259.6,152.3
2025-04-10T00:00:00+00:00,ionq,qpu.forte-1,36,1,,,0.0077,100000000.0,1000000.0
2025-04-10T00:00:00+00:00,ionq,qpu.aria-1,25,1,,0.0189,0.0065,100000000.0,1000000.0
2025-04-10T00:00:00+00:00,ionq,qpu.forte-enterprise-1,36,1,,0.0053,0.0263,188000000.0,950000.0
2025-04-10T12:00:00+00:00,ibm,ibm_marrakesh,156,1,,0.07936,0.02903,213.0,105.0
2025-04-10T12:00:00+00:00,ibm,ibm_marrakesh,156,1,,0.07936,0.02903,213.0,105.0
2025-04-10T12:00:00+00:00,ibm,ibm_fez,156,1,,0.13418,0.01916,145.2,86.0
2025-04-10T12:00:00+00:00,ibm,ibm_fez,156,1,,0.13418,0.01916,145.2,86.0
2025-04-10T12:00:00+00:00,ibm,ibm_kingston,156,1,,0.02751,0.01199,252.5,127.6
2025-04-10T12:00:00+00:00,ibm,ibm_kingston,156,1,,0.02751,0.01199,252.5,127.6
2025-04-11T00:00:00+00:00,ionq,qpu.forte-1,36,1,,,0.0045,100000000.0,1000000.0
2025-04-11T00:00:00+00:00,ionq,qpu.aria-1,25,1,,0.0167,0.0062,100000000.0,1000000.0
2025-04-11T00:00:00+00:00,ionq,qpu.forte-enterprise-1,36,1,,0.0104,0.027,188000000.0,950000.0
2025-04-11T12:00:00+00:00,ibm,ibm_marrakesh,156,1,,0.08204,0.02903,207.9,108.9
2025-04-11T12:00:00+00:00,ibm,ibm_marrakesh,156,1,,0.08204,0.02903,207.9,108.9
2025-04-11T12:00:00+00:00,ibm,ibm_fez,156,1,,0.13379,0.01817,156.3,96.9
2025-04-11T12:00:00+00:00,ibm,ibm_fez,156,1,,0.13379,0.01817,156.3,96.9
2025-04-11T12:00:00+00:00,ibm,ibm_kingston,156,1,,0.02751,0.01175,228.6,103.8
2025-04-12T00:00:00+00:00,ionq,qpu.forte-1,36,1,,,0.0042,100000000.0,1000000.0
2025-04-12T00:00:00+00:00,ionq,qpu.aria-1,25,1,,0.0136,0.0061,100000000.0,1000000.0
2025-04-12T00:00:00+00:00,ionq,qpu.forte-enterprise-1,36,1,,0.0235,0.0289,188000000.0,950000.0
2025-04-12T12:00:00+00:00,ibm,ibm_marrakesh,156,1,,0.07892,0.02728,205.3,111.7
2025-04-12T12:00:00+00:00,ibm,ibm_fez,156,1,,0.13379,0.01817,155.6,89.4
2025-04-12T12:00:00+00:00,ibm,ibm_fez,156,1,,0.13379,0.01817,155.6,89.4
2025-04-12T12:00:00+00:00,ibm,ibm_kingston,156,1,,0.02764,0.0121,218.1,117.4
2025-04-13T00:00:00+00:00,ionq,qpu.forte-1,36,1,,,0.0041,100000000.0,1000000.0
2025-04-13T00:00:00+00:00,ionq,qpu.aria-1,25,1,,0.0169,0.0075,100000000.0,1000000.0
2025-04-13T00:00:00+00:00,ionq,qpu.forte-enterprise-1,36,1,,0.0297,0.0258,188000000.0,950000.0
2025-04-13T12:00:00+00:00,ibm,ibm_marrakesh,156,1,,0.07891,0.02685,205.3,111.7
2025-04-13T12:00:00+00:00,ibm,ibm_marrakesh,156,1,,0.07891,0.02685,205.3,111.7
2025-04-13T12:00:00+00:00,ibm,ibm_fez,156,1,,0.14518,0.01905,160.9,97.9
2025-04-13T12:00:00+00:00,ibm,ibm_fez,156,1,,0.14518,0.01905,160.9,97.9
2025-04-13T12:00:00+00:00,ibm,ibm_kingston,156,1,,0.02764,0.01147,261.8,125.2
2025-04-13T12:00:00+00:00,ibm,ibm_kingston,156,1,,0.02764,0.01147,261.8,125.2
2025-04-14T00:00:00+00:00,ionq,qpu.forte-1,36,1,,0.0172,0.0042,100000000.0,1000000.0
2025-04-14T00:00:00+00:00,ionq,qpu.aria-1,25,1,,0.0133,0.006,100000000.0,1000000.0
2025-04-14T00:00:00+00:00,ionq,qpu.forte-enterprise-1,36,1,,0.0336,0.0245,188000000.0,950000.0
2025-04-14T12:00:00+00:00,ibm,ibm_marrakesh,156,1,,0.07891,0.02685,203.2,110.1
2025-04-14T12:00:00+00:00,ibm,ibm_marrakesh,156,1,,0.07891,0.02685,203.2,110.1
2025-04-14T12:00:00+00:00,ibm,ibm_fez,156,1,,0.14187,0.01816,155.6,97.7
2025-04-14T12:00:00+00:00,ibm,ibm_fez,156,1,,0.14187,0.01816,155.6,97.7
2025-04-14T12:00:00+00:00,ibm,ibm_kingston,156,1,,0.02764,0.01147,261.8,125.2
2025-04-14T12:00:00+00:00,ibm,ibm_kingston,156,1,,0.02764,0.01147,261.8,125.2
2025-04-15T00:00:00+00:00,ionq,qpu.forte-1,36,1,,0.0108,0.0041,100000000.0,1000000.0
2025-04-15T00:00:00+00:00,ionq,qpu.forte-enterprise-1,36,1,,0.018,0.0274,188000000.0,950000.0
2025-04-15T12:00:00+00:00,ibm,ibm_marrakesh,156,1,,0.08169,0.0254,205.0,108.9
2025-04-15T12:00:00+00:00,ibm,ibm_marrakesh,156,1,,0.08169,0.0254,205.0,108.9
2025-04-15T12:00:00+00:00,ibm,ibm_fez,156,1,,0.14187,0.01816,155.6,97.7
2025-04-15T12:00:00+00:00,ibm,ibm_fez,156,1,,0.14187,0.01816,155.6,97.7
2025-04-15T12:00:00+00:00,ibm,ibm_kingston,156,1,,0.02802,0.01393,252.7,127.5
2025-04-15T12:00:00+00:00,ibm,ibm_kingston,156,1,,0.02802,0.01393,252.7,127.5
2025-04-16T00:00:00+00:00,ionq,qpu.forte-1,36,1,,0.0119,0.0042,100000000.0,1000000.0
2025-04-16T00:00:00+00:00,ionq,qpu.aria-1,25,1,,0.011,0.0061,100000000.0,1000000.0
2025-04-16T00:00:00+00:00,ionq,qpu.forte-enterprise-1,36,1,,0.0232,0.0281,188000000.0,950000.0
2025-04-16T12:00:00+00:00,ibm,ibm_marrakesh,156,1,,0.08182,0.0254,205.0,108.9
2025-04-16T12:00:00+00:00,ibm,ibm_marrakesh,156,1,,0.08182,0.0254,205.0,108.9
2025-04-16T12:00:00+00:00,ibm,ibm_fez,156,1,,0.13402,0.01828,152.4,94.5
2025-04-16T12:00:00+00:00,ibm,ibm_fez,156,1,,0.13402,0.01828,152.4,94.5
2025-04-16T12:00:00+00:00,ibm,ibm_kingston,156,1,,0.02769,0.01404,262.5,121.2
2025-04-16T12:00:00+00:00,ibm,ibm_kingston,156,1,,0.02769,0.01404,262.5,121.2
2025-04-17T00:00:00+00:00,ionq,qpu.forte-1,36,1,,0.0092,0.0042,100000000.0,1000000.0
2025-04-17T00:00:00+00:00,ionq,qpu.aria-1,25,1,,0.0301,0.0063,100000000.0,1000000.0
2025-04-17T00:00:00+00:00,ionq,qpu.forte-enterprise-1,36,1,,0.0088,0.0339,188000000.0,950000.0
2025-04-17T12:00:00+00:00,ibm,ibm_marrakesh,156,1,,0.08172,0.02633,205.2,103.9
2025-04-17T12:00:00+00:00,ibm,ibm_marrakesh,156,1,,0.08172,0.02633,205.2,103.9
2025-04-17T12:00:00+00:00,ibm,ibm_fez,156,1,,0.13458,0.0188,152.9,89.9
2025-04-17T12:00:00+00:00,ibm,ibm_fez,156,1,,0.13458,0.0188,152.9,89.9
2025-04-17T12:00:00+00:00,ibm,ibm_kingston,156,1,,0.02824,0.01407,256.3,126.2
2025-04-17T12:00:00+00:00,ibm,ibm_kingston,156,1,,0.02824,0.01407,256.3,126.2
2025-04-18T00:00:00+00:00,ionq,qpu.forte-1,36,1,,0.0077,0.0041,100000000.0,1000000.0
2025-04-18T00:00:00+00:00,ionq,qpu.aria-1,25,1,,0.0149,0.0064,100000000.0,1000000.0
2025-04-18T00:00:00+00:00,ionq,qpu.forte-enterprise-1,36,1,,0.0082,0.0402,188000000.0,950000.0
2025-04-18T12:00:00+00:00,ibm,ibm_marrakesh,156,1,,0.08142,0.02688,203.7,104.7
2025-04-18T12:00:00+00:00,ibm,ibm_marrakesh,156,1,,0.08142,0.02688,203.7,104.7
2025-04-18T12:00:00+00:00,ibm,ibm_fez,156,1,,0.13418,0.01885,140.6,81.4
2025-04-18T12:00:00+00:00,ibm,ibm_fez,156,1,,0.13418,0.01885,140.6,81.4
2025-04-18T12:00:00+00:00,ibm,ibm_kingston,156,1,,0.51412,0.01264,260.1,114.1
2025-04-18T12:00:00+00:00,ibm,ibm_kingston,156,1,,0.51412,0.01264,260.1,114.1
2025-04-19T00:00:00+00:00,ionq,qpu.forte-1,36,1,,0.0081,0.0042,100000000.0,1000000.0
2025-04-19T00:00:00+00:00,ionq,qpu.aria-1,25,1,,0.0256,0.0058,100000000.0,1000000.0
2025-04-19T00:00:00+00:00,ionq,qpu.forte-enterprise-1,36,1,,0.008,0.0386,188000000.0,950000.0
2025-04-19T12:00:00+00:00,ibm,ibm_marrakesh,156,1,,0.08383,0.02688,208.3,111.9
2025-04-19T12:00:00+00:00,ibm,ibm_marrakesh,156,1,,0.08383,0.02688,208.3,111.9
2025-04-19T12:00:00+00:00,ibm,ibm_fez,156,1,,0.13418,0.01885,153.0,101.9
2025-04-19T12:00:00+00:00,ibm,ibm_fez,156,1,,0.13418,0.01885,153.0,101.9
2025-04-19T12:00:00+00:00,ibm,ibm_kingston,156,1,,0.51412,0.0156,238.0,106.0
2025-04-19T12:00:00+00:00,ibm,ibm_kingston,156,1,,0.51412,0.0156,238.0,106.0
2025-04-20T00:00:00+00:00,ionq,qpu.forte-1,36,1,,0.0075,0.0041,100000000.0,1000000.0
2025-04-20T00:00:00+00:00,ionq,qpu.aria-1,25,1,,0.0128,,100000000.0,1000000.0
2025-04-20T00:00:00+00:00,ionq,qpu.forte-enterprise-1,36,1,,0.0102,0.0351,188000000.0,950000.0
2025-04-20T12:00:00+00:00,ibm,ibm_marrakesh,156,1,,0.08386,0.0271,208.3,111.9
2025-04-20T12:00:00+00:00,ibm,ibm_marrakesh,156,1,,0.08386,0.0271,208.3,111.9
2025-04-20T12:00:00+00:00,ibm,ibm_fez,156,1,,0.13418,0.01885,154.3,97.1
2025-04-20T12:00:00+00:00,ibm,ibm_fez,156,1,,0.13418,0.01885,154.3,97.1
2025-04-20T12:00:00+00:00,ibm,ibm_kingston,156,1,,0.51433,0.0154,239.5,122.6
2025-04-20T12:00:00+00:00,ibm,ibm_kingston,156,1,,0.51433,0.0154,239.5,122.6
2025-04-21T00:00:00+00:00,ionq,qpu.forte-1,36,1,,0.0143,0.0045,100000000.0,1000000.0
2025-04-21T00:00:00+00:00,ionq,qpu.forte-enterprise-1,36,1,,0.0177,0.0395,188000000.0,950000.0
2025-04-21T12:00:00+00:00,ibm,ibm_marrakesh,156,1,,0.0839,0.02261,207.3,105.5
2025-04-21T12:00:00+00:00,ibm,ibm_marrakesh,156,1,,0.0839,0.02261,207.3,105.5
2025-04-21T12:00:00+00:00,ibm,ibm_fez,156,1,,0.13958,0.01928,157.3,97.4
2025-04-21T12:00:00+00:00,ibm,ibm_fez,156,1,,0.13958,0.01928,157.3,97.4
2025-04-21T12:00:00+00:00,ibm,ibm_kingston,156,1,,0.5143,0.01665,247.0,125.7
2025-04-21T12:00:00+00:00,ibm,ibm_kingston,156,1,,0.5143,0.01665,247.0,125.7
2025-04-22T00:00:00+00:00,ionq,qpu.forte-1,36,1,,0.0102,0.0045,100000000.0,1000000.0
2025-04-22T00:00:00+00:00,ionq,qpu.aria-1,25,1,,0.0103,,100000000.0,1000000.0
2025-04-22T00:00:00+00:00,ionq,qpu.forte-enterprise-1,36,1,,0.0079,0.0408,188000000.0,950000.0
2025-04-22T12:00:00+00:00,ibm,ibm_marrakesh,156,1,,0.09252,0.02514,189.7,97.7
2025-04-22T12:00:00+00:00,ibm,ibm_marrakesh,156,1,,0.09252,0.02514,189.7,97.7
2025-04-22T12:00:00+00:00,ibm,ibm_fez,156,1,,0.13979,0.01883,157.3,97.4
2025-04-22T12:00:00+00:00,ibm,ibm_fez,156,1,,0.13979,0.01883,157.3,97.4
2025-04-22T12:00:00+00:00,ibm,ibm_kingston,156,1,,0.51414,0.01664,260.0,129.3
2025-04-22T12:00:00+00:00,ibm,ibm_kingston,156,1,,0.51414,0.01664,260.0,129.3
2025-04-23T00:00:00+00:00,ionq,qpu.aria-1,25,1,,,,100000000.0,1000000.0
2025-04-23T00:00:00+00:00,ionq,qpu.forte-enterprise-1,36,1,,0.0082,0.047,188000000.0,950000.0
2025-04-23T12:00:00+00:00,ibm,ibm_marrakesh,156,1,,0.09252,0.02514,201.1,111.6
2025-04-23T12:00:00+00:00,ibm,ibm_marrakesh,156,1,,0.09252,0.02514,201.1,111.6
2025-04-23T12:00:00+00:00,ibm,ibm_fez,156,1,,0.13342,0.0181,149.4,92.6
2025-04-23T12:00:00+00:00,ibm,ibm_fez,156,1,,0.13342,0.0181,149.4,92.6
2025-04-23T12:00:00+00:00,ibm,ibm_kingston,156,1,,0.514,0.01388,254.7,116.7
2025-04-23T12:00:00+00:00,ibm,ibm_kingston,156,1,,0.514,0.01388,254.7,116.7
2025-04-24T00:00:00+00:00,ionq,qpu.aria-1,25,1,,0.0225,0.0116,100000000.0,1000000.0
2025-04-24T00:00:00+00:00,ionq,qpu.forte-enterprise-1,36,1,,0.007,0.045,188000000.0,950000.0
2025-04-24T12:00:00+00:00,ibm,ibm_marrakesh,156,1,,0.09252,0.02514,210.4,121.4
2025-04-24T12:00:00+00:00,ibm,ibm_marrakesh,156,1,,0.09252,0.02514,210.4,121.4
2025-04-24T12:00:00+00:00,ibm,ibm_fez,156,1,,0.13098,0.01931,160.9,96.9
2025-04-24T12:00:00+00:00,ibm,ibm_fez,156,1,,0.13098,0.01931,160.9,96.9
2025-04-24T12:00:00+00:00,ibm,ibm_kingston,156,1,,0.51417,0.01689,255.1,124.1
2025-04-24T12:00:00+00:00,ibm,ibm_kingston,156,1,,0.51417,0.01689,255.1,124.1
2025-04-25T00:00:00+00:00,ionq,qpu.aria-1,25,1,,0.0128,0.0063,100000000.0,1000000.0
2025-04-25T00:00:00+00:00,ionq,qpu.forte-enterprise-1,36,1,,0.0089,0.0532,188000000.0,950000.0
2025-04-25T12:00:00+00:00,ibm,ibm_marrakesh,156,1,,0.08434,0.02658,210.4,121.4
2025-04-25T12:00:00+00:00,ibm,ibm_marrakesh,156,1,,0.08434,0.02658,210.4,121.4
2025-04-25T12:00:00+00:00,ibm,ibm_fez,156,1,,0.12845,0.01809,143.0,85.5
2025-04-25T12:00:00+00:00,ibm,ibm_fez,156,1,,0.12845,0.01809,143.0,85.5
2025-04-25T12:00:00+00:00,ibm,ibm_kingston,156,1,,0.51452,0.01948,239.6,102.3
2025-04-25T12:00:00+00:00,ibm,ibm_kingston,156,1,,0.51452,0.01948,239.6,102.3
2025-04-26T00:00:00+00:00,ionq,qpu.forte-1,36,1,,0.0078,0.0045,100000000.0,1000000.0
2025-04-26T00:00:00+00:00,ionq,qpu.forte-enterprise-1,36,1,,0.0083,0.0468,188000000.0,950000.0
2025-04-26T12:00:00+00:00,ibm,ibm_marrakesh,156,1,,0.06795,0.032,190.8,95.5
2025-04-26T12:00:00+00:00,ibm,ibm_marrakesh,156,1,,0.06795,0.032,190.8,95.5
2025-04-26T12:00:00+00:00,ibm,ibm_fez,156,1,,0.12863,0.01947,138.1,87.8
2025-04-26T12:00:00+00:00,ibm,ibm_fez,156,1,,0.12863,0.01947,138.1,87.8
2025-04-26T12:00:00+00:00,ibm,ibm_kingston,156,1,,0.51427,0.01269,257.8,124.2
2025-04-27T00:00:00+00:00,ionq,qpu.forte-1,36,1,,0.0096,0.0093,100000000.0,1000000.0
2025-04-27T00:00:00+00:00,ionq,qpu.forte-enterprise-1,36,1,,0.0104,0.035,188000000.0,950000.0
2025-04-27T12:00:00+00:00,ibm,ibm_marrakesh,156,1,,0.065,0.02892,199.7,116.3
2025-04-27T12:00:00+00:00,ibm,ibm_fez,156,1,,0.12835,0.0194,136.7,85.8
2025-04-27T12:00:00+00:00,ibm,ibm_fez,156,1,,0.12835,0.0194,136.7,85.8
2025-04-27T12:00:00+00:00,ibm,ibm_kingston,156,1,,0.5145,0.01707,254.7,113.6
2025-04-27T12:00:00+00:00,ibm,ibm_kingston,156,1,,0.5145,0.01707,254.7,113.6
2025-04-28T00:00:00+00:00,ionq,qpu.forte-1,36,1,,0.007,0.0042,100000000.0,1000000.0
2025-04-28T00:00:00+00:00,ionq,qpu.forte-enterprise-1,36,1,,0.0637,0.0363,188000000.0,950000.0
2025-04-28T12:00:00+00:00,ibm,ibm_marrakesh,156,1,,0.06592,0.03399,194.9,89.7
2025-04-28T12:00:00+00:00,ibm,ibm_marrakesh,156,1,,0.06592,0.03399,194.9,89.7
2025-04-28T12:00:00+00:00,ibm,ibm_fez,156,1,,0.13423,0.01782,147.8,95.6
2025-04-28T12:00:00+00:00,ibm,ibm_fez,156,1,,0.13423,0.01782,147.8,95.6
2025-04-28T12:00:00+00:00,ibm,ibm_kingston,156,1,,0.51444,0.01488,255.1,118.9
2025-04-28T12:00:00+00:00,ibm,ibm_kingston,156,1,,0.51444,0.01488,255.1,118.9
2025-04-29T00:00:00+00:00,ionq,qpu.forte-1,36,1,,0.0088,0.0042,100000000.0,1000000.0
2025-04-29T12:00:00+00:00,ibm,ibm_marrakesh,156,1,,0.07418,0.03187,194.9,89.7
2025-04-29T12:00:00+00:00,ibm,ibm_marrakesh,156,1,,0.07418,0.03187,194.9,89.7
2025-04-29T12:00:00+00:00,ibm,ibm_fez,156,1,,0.13423,0.01782,144.6,92.2
2025-04-29T12:00:00+00:00,ibm,ibm_fez,156,1,,0.13423,0.01782,144.6,92.2
2025-04-29T12:00:00+00:00,ibm,ibm_kingston,156,1,,0.51463,0.01518,247.6,111.9
2025-04-29T12:00:00+00:00,ibm,ibm_kingston,156,1,,0.51463,0.01518,247.6,111.9
2025-04-30T00:00:00+00:00,ionq,qpu.forte-1,36,1,,0.0103,0.0044,100000000.0,1000000.0
2025-04-30T12:00:00+00:00,ibm,ibm_marrakesh,156,1,,0.07984,0.03187,194.9,89.7
2025-04-30T12:00:00+00:00,ibm,ibm_marrakesh,156,1,,0.07984,0.03187,194.9,89.7
2025-04-30T12:00:00+00:00,ibm,ibm_fez,156,1,,0.15392,0.01927,144.6,92.2
2025-04-30T12:00:00+00:00,ibm,ibm_fez,156,1,,0.15392,0.01927,144.6,92.2
2025-04-30T12:00:00+00:00,ibm,ibm_kingston,156,1,,0.51412,0.01544,281.0,123.4
2025-04-30T12:00:00+00:00,ibm,ibm_kingston,156,1,,0.51412,0.01544,281.0,123.4
2025-05-01T00:00:00+00:00,ionq,qpu.forte-1,36,1,,0.0078,0.0044,100000000.0,1000000.0
2025-05-01T12:00:00+00:00,ibm,ibm_marrakesh,156,1,,0.21499,0.03643,184.3,88.4
2025-05-01T12:00:00+00:00,ibm,ibm_marrakesh,156,1,,0.21499,0.03643,184.3,88.4
2025-05-01T12:00:00+00:00,ibm,ibm_fez,156,1,,0.14276,0.0193,141.3,82.6
2025-05-01T12:00:00+00:00,ibm,ibm_fez,156,1,,0.14276,0.0193,141.3,82.6
2025-05-01T12:00:00+00:00,ibm,ibm_kingston,156,1,,0.51412,0.01544,281.0,123.4
2025-05-01T12:00:00+00:00,ibm,ibm_kingston,156,1,,0.51412,0.01544,281.0,123.4
2025-05-02T00:00:00+00:00,ionq,qpu.forte-1,36,1,,0.0094,0.004,100000000.0,1000000.0
2025-05-02T00:00:00+00:00,ionq,qpu.forte-enterprise-1,36,1,,0.0122,0.0932,188000000.0,950000.0
2025-05-02T12:00:00+00:00,ibm,ibm_marrakesh,156,1,,0.20635,0.02526,201.4,90.7
2025-05-02T12:00:00+00:00,ibm,ibm_marrakesh,156,1,,0.20635,0.02526,201.4,90.7
2025-05-02T12:00:00+00:00,ibm,ibm_fez,156,1,,0.14305,0.01971,149.3,98.1
2025-05-02T12:00:00+00:00,ibm,ibm_fez,156,1,,0.14305,0.01971,149.3,98.1
2025-05-02T12:00:00+00:00,ibm,ibm_kingston,156,1,,0.51444,0.01612,253.7,110.8
2025-05-02T12:00:00+00:00,ibm,ibm_kingston,156,1,,0.51444,0.01612,253.7,110.8
2025-05-03T00:00:00+00:00,ionq,qpu.forte-1,36,1,,0.0074,0.004,100000000.0,1000000.0
2025-05-03T00:00:00+00:00,ionq,qpu.forte-enterprise-1,36,1,,0.0099,0.0883,188000000.0,950000.0
2025-05-03T12:00:00+00:00,ibm,ibm_marrakesh,156,1,,0.20622,0.03099,199.6,97.5
2025-05-03T12:00:00+00:00,ibm,ibm_marrakesh,156,1,,0.20622,0.03099,199.6,97.5
2025-05-03T12:00:00+00:00,ibm,ibm_fez,156,1,,0.14266,0.01878,149.3,98.1
2025-05-03T12:00:00+00:00,ibm,ibm_fez,156,1,,0.14266,0.01878,149.3,98.1
2025-05-03T12:00:00+00:00,ibm,ibm_kingston,156,1,,0.51481,0.01554,245.9,107.7
2025-05-03T12:00:00+00:00,ibm,ibm_kingston,156,1,,0.51481,0.01554,245.9,107.7
2025-05-04T00:00:00+00:00,ionq,qpu.forte-1,36,1,,0.0086,0.004,100000000.0,1000000.0
2025-05-04T12:00:00+00:00,ibm,ibm_marrakesh,156,1,,0.20622,0.03099,199.6,97.5
2025-05-04T12:00:00+00:00,ibm,ibm_marrakesh,156,1,,0.20622,0.03099,199.6,97.5
2025-05-04T12:00:00+00:00,ibm,ibm_fez,156,1,,0.1426,0.01941,154.0,93.5
2025-05-04T12:00:00+00:00,ibm,ibm_fez,156,1,,0.1426,0.01941,154.0,93.5
2025-05-04T12:00:00+00:00,ibm,ibm_kingston,156,1,,0.51489,0.01443,253.6,104.7
2025-05-04T12:00:00+00:00,ibm,ibm_kingston,156,1,,0.51489,0.01443,253.6,104.7
2025-05-05T00:00:00+00:00,ionq,qpu.forte-1,36,1,,0.0095,0.0041,100000000.0,1000000.0
2025-05-05T12:00:00+00:00,ibm,ibm_marrakesh,156,1,,0.2035,0.03744,195.4,96.2
2025-05-05T12:00:00+00:00,ibm,ibm_marrakesh,156,1,,0.2035,0.03744,195.4,96.2
2025-05-05T12:00:00+00:00,ibm,ibm_fez,156,1,,0.14249,0.01928,159.0,101.6
2025-05-05T12:00:00+00:00,ibm,ibm_kingston,156,1,,0.51432,0.01425,255.2,109.4
2025-05-06T00:00:00+00:00,ionq,qpu.forte-1,36,1,,0.0074,0.004,100000000.0,1000000.0
2025-05-06T00:00:00+00:00,ionq,qpu.forte-enterprise-1,36,1,,0.0086,0.0556,188000000.0,950000.0
2025-05-06T12:00:00+00:00,ibm,ibm_marrakesh,156,1,,0.20381,0.02662,198.9,112.8
2025-05-06T12:00:00+00:00,ibm,ibm_fez,156,1,,0.14321,0.01967,147.7,79.8
2025-05-06T12:00:00+00:00,ibm,ibm_fez,156,1,,0.14321,0.01967,147.7,79.8
2025-05-06T12:00:00+00:00,ibm,ibm_kingston,156,1,,0.51486,0.01395,245.1,103.0
2025-05-07T00:00:00+00:00,ionq,qpu.forte-1,36,1,,0.0105,0.0042,100000000.0,1000000.0
2025-05-07T00:00:00+00:00,ionq,qpu.forte-enterprise-1,36,1,,0.0086,0.0552,188000000.0,950000.0
2025-05-07T12:00:00+00:00,ibm,ibm_marrakesh,156,1,,0.20315,0.02848,189.5,97.8
2025-05-07T12:00:00+00:00,ibm,ibm_marrakesh,156,1,,0.20315,0.02848,189.5,97.8
2025-05-07T12:00:00+00:00,ibm,ibm_fez,156,1,,0.50463,0.01967,151.2,98.8
2025-05-07T12:00:00+00:00,ibm,ibm_kingston,156,1,,0.51441,0.01537,253.1,106.4
2025-05-08T00:00:00+00:00,ionq,qpu.forte-enterprise-1,36,1,,0.0069,0.0362,188000000.0,950000.0
2025-05-08T12:00:00+00:00,ibm,ibm_marrakesh,156,1,,0.06184,0.03462,195.2,89.0
2025-05-08T12:00:00+00:00,ibm,ibm_fez,156,1,,0.43928,0.01907,155.1,95.2
2025-05-08T12:00:00+00:00,ibm,ibm_fez,156,1,,0.43928,0.01907,155.1,95.2
2025-05-08T12:00:00+00:00,ibm,ibm_kingston,156,1,,0.51441,0.01537,253.1,106.4
2025-05-09T00:00:00+00:00,ionq,qpu.forte-enterprise-1,36,1,,0.0072,0.0388,188000000.0,950000.0
2025-05-09T12:00:00+00:00,ibm,ibm_marrakesh,156,1,,0.08993,0.03182,207.5,104.3
2025-05-09T12:00:00+00:00,ibm,ibm_fez,156,1,,0.05021,0.02058,152.3,94.3
2025-05-09T12:00:00+00:00,ibm,ibm_fez,156,1,,0.05021,0.02058,152.3,94.3
2025-05-09T12:00:00+00:00,ibm,ibm_kingston,156,1,,0.51441,0.01537,253.1,106.4
2025-05-09T12:00:00+00:00,ibm,ibm_kingston,156,1,,0.51441,0.01537,253.1,106.4
2025-05-10T00:00:00+00:00,ionq,qpu.forte-1,36,1,,0.008,0.0042,100000000.0,1000000.0
2025-05-10T00:00:00+00:00,ionq,qpu.forte-enterprise-1,36,1,,0.0066,0.0382,188000000.0,950000.0
2025-05-10T12:00:00+00:00,ibm,ibm_marrakesh,156,1,,0.08993,0.03483,195.2,93.0
2025-05-10T12:00:00+00:00,ibm,ibm_marrakesh,156,1,,0.08993,0.03483,195.2,93.0
2025-05-10T12:00:00+00:00,ibm,ibm_fez,156,1,,0.05029,0.01939,143.1,84.7
2025-05-10T12:00:00+00:00,ibm,ibm_fez,156,1,,0.05029,0.01939,143.1,84.7
2025-05-10T12:00:00+00:00,ibm,ibm_kingston,156,1,,0.02707,0.019,260.1,131.1
2025-05-11T00:00:00+00:00,ionq,qpu.forte-1,36,1,,0.0072,0.0042,100000000.0,1000000.0
2025-05-11T00:00:00+00:00,ionq,qpu.forte-enterprise-1,36,1,,0.0087,0.0372,188000000.0,950000.0
2025-05-11T12:00:00+00:00,ibm,ibm_marrakesh,156,1,,0.0911,0.02957,209.4,110.9
2025-05-11T12:00:00+00:00,ibm,ibm_marrakesh,156,1,,0.0911,0.02957,209.4,110.9
2025-05-11T12:00:00+00:00,ibm,ibm_fez,156,1,,0.05039,0.0204,146.1,89.1
2025-05-11T12:00:00+00:00,ibm,ibm_fez,156,1,,0.05039,0.0204,146.1,89.1
2025-05-11T12:00:00+00:00,ibm,ibm_kingston,156,1,,0.02779,0.01598,275.2,142.8
2025-05-11T12:00:00+00:00,ibm,ibm_kingston,156,1,,0.02779,0.01598,275.2,142.8
2025-05-12T00:00:00+00:00,ionq,qpu.forte-1,36,1,,0.0069,0.004,100000000.0,1000000.0
2025-05-12T00:00:00+00:00,ionq,qpu.forte-enterprise-1,36,1,,0.008,0.0359,188000000.0,950000.0
2025-05-12T12:00:00+00:00,ibm,ibm_marrakesh,156,1,,0.09129,0.02728,209.1,109.4
2025-05-12T12:00:00+00:00,ibm,ibm_marrakesh,156,1,,0.09129,0.02728,209.1,109.4
2025-05-12T12:00:00+00:00,ibm,ibm_fez,156,1,,0.04991,0.01951,152.0,93.9
2025-05-12T12:00:00+00:00,ibm,ibm_fez,156,1,,0.04991,0.01951,152.0,93.9
2025-05-12T12:00:00+00:00,ibm,ibm_kingston,156,1,,0.02799,0.01876,269.5,151.5
2025-05-12T12:00:00+00:00,ibm,ibm_kingston,156,1,,0.02799,0.01876,269.5,151.5
2025-05-13T00:00:00+00:00,ionq,qpu.forte-1,36,1,,0.007,0.0042,100000000.0,1000000.0
2025-05-13T00:00:00+00:00,ionq,qpu.forte-enterprise-1,36,1,,0.0071,0.0405,188000000.0,950000.0
2025-05-13T12:00:00+00:00,ibm,ibm_marrakesh,156,1,,0.09071,0.03208,199.9,104.4
2025-05-13T12:00:00+00:00,ibm,ibm_marrakesh,156,1,,0.09071,0.03208,199.9,104.4
2025-05-13T12:00:00+00:00,ibm,ibm_fez,156,1,,0.04986,0.0197,140.7,89.3
2025-05-13T12:00:00+00:00,ibm,ibm_fez,156,1,,0.04986,0.0197,140.7,89.3
2025-05-13T12:00:00+00:00,ibm,ibm_kingston,156,1,,0.02814,0.0177,276.7,155.8
2025-05-13T12:00:00+00:00,ibm,ibm_kingston,156,1,,0.02814,0.0177,276.7,155.8
2025-05-14T00:00:00+00:00,ionq,qpu.forte-1,36,1,,0.0086,0.0041,100000000.0,1000000.0
2025-05-14T00:00:00+00:00,ionq,qpu.forte-enterprise-1,36,1,,0.0069,0.045,188000000.0,950000.0
2025-05-14T12:00:00+00:00,ibm,ibm_marrakesh,156,1,,0.06528,0.03208,199.9,104.4
2025-05-14T12:00:00+00:00,ibm,ibm_marrakesh,156,1,,0.06528,0.03208,199.9,104.4
2025-05-14T12:00:00+00:00,ibm,ibm_fez,156,1,,0.05011,0.01899,152.6,98.1
2025-05-14T12:00:00+00:00,ibm,ibm_fez,156,1,,0.05011,0.01899,152.6,98.1
2025-05-14T12:00:00+00:00,ibm,ibm_kingston,156,1,,0.03128,0.02015,262.8,132.2
2025-05-15T00:00:00+00:00,ionq,qpu.forte-1,36,1,,0.0068,0.0041,100000000.0,1000000.0
2025-05-15T00:00:00+00:00,ionq,qpu.forte-enterprise-1,36,1,,0.0073,0.04,188000000.0,950000.0
2025-05-15T12:00:00+00:00,ibm,ibm_marrakesh,156,1,,0.03449,0.03208,193.1,96.8
2025-05-15T12:00:00+00:00,ibm,ibm_fez,156,1,,0.0501,0.01927,148.4,97.5
2025-05-15T12:00:00+00:00,ibm,ibm_fez,156,1,,0.0501,0.01927,148.4,97.5
2025-05-15T12:00:00+00:00,ibm,ibm_kingston,156,1,,0.02946,0.01939,286.0,147.3
2025-05-16T00:00:00+00:00,ionq,qpu.forte-1,36,1,,0.0062,,100000000.0,1000000.0
2025-05-16T00:00:00+00:00,ionq,qpu.forte-enterprise-1,36,1,,0.0114,0.0395,188000000.0,950000.0
2025-05-16T12:00:00+00:00,ibm,ibm_marrakesh,156,1,,0.03449,0.04195,214.3,104.0
2025-05-16T12:00:00+00:00,ibm,ibm_marrakesh,156,1,,0.03449,0.04195,214.3,104.0
2025-05-16T12:00:00+00:00,ibm,ibm_fez,156,1,,0.0465,0.01895,150.6,90.0
2025-05-16T12:00:00+00:00,ibm,ibm_fez,156,1,,0.0465,0.01895,150.6,90.0
2025-05-16T12:00:00+00:00,ibm,ibm_kingston,156,1,,0.03252,0.02043,277.6,150.6
2025-05-17T00:00:00+00:00,ionq,qpu.forte-enterprise-1,36,1,,0.0067,0.0346,188000000.0,950000.0
2025-05-17T12:00:00+00:00,ibm,ibm_marrakesh,156,1,,0.03492,0.03028,199.3,93.4
2025-05-17T12:00:00+00:00,ibm,ibm_marrakesh,156,1,,0.03492,0.03028,199.3,93.4
2025-05-17T12:00:00+00:00,ibm,ibm_fez,156,1,,0.04659,0.01879,154.6,102.0
2025-05-17T12:00:00+00:00,ibm,ibm_fez,156,1,,0.04659,0.01879,154.6,102.0
2025-05-17T12:00:00+00:00,ibm,ibm_kingston,156,1,,0.03252,0.02043,284.4,147.2
2025-05-17T12:00:00+00:00,ibm,ibm_kingston,156,1,,0.03252,0.02043,284.4,147.2
2025-05-18T00:00:00+00:00,ionq,qpu.forte-enterprise-1,36,1,,0.0074,0.0324,188000000.0,950000.0
2025-05-18T12:00:00+00:00,ibm,ibm_marrakesh,156,1,,0.03691,0.03028,199.3,93.4
2025-05-18T12:00:00+00:00,ibm,ibm_fez,156,1,,0.04668,0.01976,156.8,98.3
2025-05-18T12:00:00+00:00,ibm,ibm_fez,156,1,,0.04668,0.01976,156.8,98.3
2025-05-18T12:00:00+00:00,ibm,ibm_kingston,156,1,,0.02915,0.01918,283.1,156.7
2025-05-18T12:00:00+00:00,ibm,ibm_kingston,156,1,,0.02915,0.01918,283.1,156.7
2025-05-19T00:00:00+00:00,ionq,qpu.forte-1,36,1,,0.0092,,100000000.0,1000000.0
2025-05-19T00:00:00+00:00,ionq,qpu.forte-enterprise-1,36,1,,0.0081,0.0318,188000000.0,950000.0
2025-05-19T12:00:00+00:00,ibm,ibm_marrakesh,156,1,,0.03563,0.02765,199.5,94.9
2025-05-19T12:00:00+00:00,ibm,ibm_marrakesh,156,1,,0.03563,0.02765,199.5,94.9
2025-05-19T12:00:00+00:00,ibm,ibm_fez,156,1,,0.04668,0.01976,156.8,98.3
2025-05-19T12:00:00+00:00,ibm,ibm_fez,156,1,,0.04668,0.01976,156.8,98.3
2025-05-19T12:00:00+00:00,ibm,ibm_kingston,156,1,,0.02932,0.01681,280.1,151.3
2025-05-19T12:00:00+00:00,ibm,ibm_kingston,156,1,,0.02932,0.01681,280.1,151.3
2025-05-20T00:00:00+00:00,ionq,qpu.forte-1,36,1,,0.012,,100000000.0,1000000.0
2025-05-20T00:00:00+00:00,ionq,qpu.forte-enterprise-1,36,1,,0.0067,0.0342,188000000.0,950000.0
2025-05-20T12:00:00+00:00,ibm,ibm_marrakesh,156,1,,0.03507,0.02925,191.1,83.5
2025-05-20T12:00:00+00:00,ibm,ibm_marrakesh,156,1,,0.03507,0.02925,191.1,83.5
2025-05-20T12:00:00+00:00,ibm,ibm_fez,156,1,,0.04373,0.01831,156.8,98.3
2025-05-20T12:00:00+00:00,ibm,ibm_fez,156,1,,0.04373,0.01831,156.8,98.3
2025-05-20T12:00:00+00:00,ibm,ibm_kingston,156,1,,0.51432,0.01657,263.0,139.4
2025-05-20T12:00:00+00:00,ibm,ibm_kingston,156,1,,0.51432,0.01657,263.0,139.4
2025-05-21T00:00:00+00:00,ionq,qpu.forte-enterprise-1,36,1,,0.0245,0.0354,188000000.0,950000.0
2025-05-21T12:00:00+00:00,ibm,ibm_marrakesh,156,1,,0.03786,0.02925,203.5,99.7
2025-05-21T12:00:00+00:00,ibm,ibm_marrakesh,156,1,,0.03786,0.02925,203.5,99.7
2025-05-21T12:00:00+00:00,ibm,ibm_fez,156,1,,0.04426,0.01898,151.1,98.2
2025-05-21T12:00:00+00:00,ibm,ibm_fez,156,1,,0.04426,0.01898,151.1,98.2
2025-05-21T12:00:00+00:00,ibm,ibm_kingston,156,1,,0.51442,0.0177,208.8,109.5
2025-05-21T12:00:00+00:00,ibm,ibm_kingston,156,1,,0.51442,0.0177,208.8,109.5
2025-05-22T00:00:00+00:00,ionq,qpu.forte-enterprise-1,36,1,,0.0083,0.0655,188000000.0,950000.0
2025-05-22T12:00:00+00:00,ibm,ibm_marrakesh,156,1,,0.03803,0.03235,205.2,106.4
2025-05-22T12:00:00+00:00,ibm,ibm_marrakesh,156,1,,0.03803,0.03235,205.2,106.4
2025-05-22T12:00:00+00:00,ibm,ibm_fez,156,1,,0.05272,0.01898,135.7,87.6
2025-05-22T12:00:00+00:00,ibm,ibm_fez,156,1,,0.05272,0.01898,135.7,87.6
2025-05-22T12:00:00+00:00,ibm,ibm_kingston,156,1,,0.51441,0.0177,208.8,118.8
2025-05-22T12:00:00+00:00,ibm,ibm_kingston,156,1,,0.51441,0.0177,208.8,118.8
2025-05-23T00:00:00+00:00,ionq,qpu.forte-1,36,1,,0.0065,0.0093,100000000.0,1000000.0
2025-05-23T00:00:00+00:00,ionq,qpu.forte-enterprise-1,36,1,,0.0055,0.0665,188000000.0,950000.0
2025-05-23T12:00:00+00:00,ibm,ibm_marrakesh,156,1,,0.03457,0.02741,173.2,96.4
2025-05-23T12:00:00+00:00,ibm,ibm_marrakesh,156,1,,0.03457,0.02741,173.2,96.4
2025-05-23T12:00:00+00:00,ibm,ibm_fez,156,1,,0.04967,0.0187,124.3,82.9
2025-05-23T12:00:00+00:00,ibm,ibm_fez,156,1,,0.04967,0.0187,124.3,82.9
2025-05-23T12:00:00+00:00,ibm,ibm_kingston,156,1,,0.51441,0.01851,208.8,118.8
2025-05-23T12:00:00+00:00,ibm,ibm_kingston,156,1,,0.51441,0.01851,208.8,118.8
2025-05-24T00:00:00+00:00,ionq,qpu.forte-1,36,1,,0.0068,0.0038,100000000.0,1000000.0
2025-05-24T12:00:00+00:00,ibm,ibm_marrakesh,156,1,,0.03467,0.03669,197.4,104.4
2025-05-24T12:00:00+00:00,ibm,ibm_marrakesh,156,1,,0.03467,0.03669,197.4,104.4
2025-05-24T12:00:00+00:00,ibm,ibm_fez,156,1,,0.04958,0.01881,124.3,82.9
2025-05-24T12:00:00+00:00,ibm,ibm_fez,156,1,,0.04958,0.01881,124.3,82.9
2025-05-24T12:00:00+00:00,ibm,ibm_kingston,156,1,,0.51471,0.01712,275.7,155.1
2025-05-24T12:00:00+00:00,ibm,ibm_kingston,156,1,,0.51471,0.01712,275.7,155.1
2025-05-25T00:00:00+00:00,ionq,qpu.forte-1,36,1,,0.0076,0.0038,100000000.0,1000000.0
2025-05-25T12:00:00+00:00,ibm,ibm_marrakesh,156,1,,0.03476,0.04157,188.9,93.6
2025-05-25T12:00:00+00:00,ibm,ibm_marrakesh,156,1,,0.03476,0.04157,188.9,93.6
2025-05-25T12:00:00+00:00,ibm,ibm_fez,156,1,,0.04953,0.01918,115.6,83.5
2025-05-25T12:00:00+00:00,ibm,ibm_fez,156,1,,0.04953,0.01918,115.6,83.5
2025-05-25T12:00:00+00:00,ibm,ibm_kingston,156,1,,0.08725,0.01754,275.3,153.9
2025-05-25T12:00:00+00:00,ibm,ibm_kingston,156,1,,0.08725,0.01754,275.3,153.9
2025-05-26T00:00:00+00:00,ionq,qpu.forte-1,36,1,,0.0079,0.0038,100000000.0,1000000.0
2025-05-26T12:00:00+00:00,ibm,ibm_marrakesh,156,1,,0.03501,0.02749,205.4,121.3
2025-05-26T12:00:00+00:00,ibm,ibm_marrakesh,156,1,,0.03501,0.02749,205.4,121.3
2025-05-26T12:00:00+00:00,ibm,ibm_fez,156,1,,0.04926,0.0193,136.4,92.0
2025-05-26T12:00:00+00:00,ibm,ibm_kingston,156,1,,0.08463,0.01831,275.3,153.9
2025-05-27T00:00:00+00:00,ionq,qpu.forte-1,36,1,,0.0103,0.0039,100000000.0,1000000.0
2025-05-27T12:00:00+00:00,ibm,ibm_marrakesh,156,1,,0.0317,0.02741,179.8,102.9
2025-05-27T12:00:00+00:00,ibm,ibm_fez,156,1,,0.04926,0.0193,136.4,92.0
2025-05-27T12:00:00+00:00,ibm,ibm_kingston,156,1,,0.08457,0.01723,218.0,117.3
2025-05-28T12:00:00+00:00,ibm,ibm_marrakesh,156,1,,0.03449,0.02545,168.3,86.4
2025-05-28T12:00:00+00:00,ibm,ibm_marrakesh,156,1,,0.03449,0.02545,168.3,86.4
2025-05-28T12:00:00+00:00,ibm,ibm_fez,156,1,,0.04914,0.01956,128.0,89.6
2025-05-28T12:00:00+00:00,ibm,ibm_fez,156,1,,0.04914,0.01956,128.0,89.6
2025-05-28T12:00:00+00:00,ibm,ibm_kingston,156,1,,0.07873,0.01802,259.5,160.8
2025-05-28T12:00:00+00:00,ibm,ibm_kingston,156,1,,0.07873,0.01802,259.5,160.8
2025-05-29T12:00:00+00:00,ibm,ibm_marrakesh,156,1,,0.03449,0.02545,168.6,88.5
2025-05-29T12:00:00+00:00,ibm,ibm_marrakesh,156,1,,0.03449,0.02545,168.6,88.5
2025-05-29T12:00:00+00:00,ibm,ibm_fez,156,1,,0.04911,0.02033,120.8,75.6
2025-05-29T12:00:00+00:00,ibm,ibm_fez,156,1,,0.04911,0.02033,120.8,75.6
2025-05-29T12:00:00+00:00,ibm,ibm_kingston,156,1,,0.07888,0.01802,254.7,147.4
2025-05-29T12:00:00+00:00,ibm,ibm_kingston,156,1,,0.07888,0.01802,254.7,147.4
2025-05-30T00:00:00+00:00,ionq,qpu.forte-1,36,1,,0.0095,0.0036,100000000.0,1000000.0
2025-05-30T12:00:00+00:00,ibm,ibm_marrakesh,156,1,,0.03459,0.03047,168.6,88.5
2025-05-30T12:00:00+00:00,ibm,ibm_marrakesh,156,1,,0.03459,0.03047,168.6,88.5
2025-05-30T12:00:00+00:00,ibm,ibm_fez,156,1,,0.06972,0.02057,125.9,82.9
2025-05-30T12:00:00+00:00,ibm,ibm_fez,156,1,,0.06972,0.02057,125.9,82.9
2025-05-30T12:00:00+00:00,ibm,ibm_kingston,156,1,,0.07888,0.01802,221.6,136.9
2025-05-30T12:00:00+00:00,ibm,ibm_kingston,156,1,,0.07888,0.01802,221.6,136.9
2025-05-31T00:00:00+00:00,ionq,qpu.forte-1,36,1,,0.0081,0.0036,100000000.0,1000000.0
2025-05-31T00:00:00+00:00,ionq,qpu.forte-enterprise-1,36,1,,0.0045,0.0867,188000000.0,950000.0
2025-05-31T12:00:00+00:00,ibm,ibm_marrakesh,156,1,,0.03481,0.0333,200.2,113.0
2025-05-31T12:00:00+00:00,ibm,ibm_marrakesh,156,1,,0.03481,0.0333,200.2,113.0
2025-05-31T12:00:00+00:00,ibm,ibm_fez,156,1,,0.06972,0.02057,145.0,100.6
2025-05-31T12:00:00+00:00,ibm,ibm_fez,156,1,,0.06972,0.02057,145.0,100.6
2025-05-31T12:00:00+00:00,ibm,ibm_kingston,156,1,,0.07863,0.01773,240.7,136.7
2025-05-31T12:00:00+00:00,ibm,ibm_kingston,156,1,,0.07863,0.01773,240.7,136.7
2025-06-01T00:00:00+00:00,ionq,qpu.forte-1,36,1,,0.0086,0.0037,100000000.0,1000000.0
2025-06-01T00:00:00+00:00,ionq,qpu.forte-enterprise-1,36,1,,0.0059,0.0848,188000000.0,950000.0
2025-06-01T12:00:00+00:00,ibm,ibm_marrakesh,156,1,,0.03202,0.0333,193.0,101.1
2025-06-01T12:00:00+00:00,ibm,ibm_marrakesh,156,1,,0.03202,0.0333,193.0,101.1
2025-06-01T12:00:00+00:00,ibm,ibm_fez,156,1,,0.06952,0.02048,145.0,100.6
2025-06-01T12:00:00+00:00,ibm,ibm_fez,156,1,,0.06952,0.02048,145.0,100.6
2025-06-01T12:00:00+00:00,ibm,ibm_kingston,156,1,,0.08373,0.01861,263.6,139.7
2025-06-01T12:00:00+00:00,ibm,ibm_kingston,156,1,,0.08373,0.01861,263.6,139.7
2025-06-02T00:00:00+00:00,ionq,qpu.forte-1,36,1,,0.0071,0.0038,100000000.0,1000000.0
2025-06-02T00:00:00+00:00,ionq,qpu.forte-enterprise-1,36,1,,0.005,0.0666,188000000.0,950000.0
2025-06-02T12:00:00+00:00,ibm,ibm_marrakesh,156,1,,0.03253,0.02993,200.5,119.8
2025-06-02T12:00:00+00:00,ibm,ibm_marrakesh,156,1,,0.03253,0.02993,200.5,119.8
2025-06-02T12:00:00+00:00,ibm,ibm_fez,156,1,,0.06994,0.01953,144.6,103.6
2025-06-02T12:00:00+00:00,ibm,ibm_fez,156,1,,0.06994,0.01953,144.6,103.6
2025-06-02T12:00:00+00:00,ibm,ibm_kingston,156,1,,0.05688,0.01805,264.3,155.1
2025-06-02T12:00:00+00:00,ibm,ibm_kingston,156,1,,0.05688,0.01805,264.3,155.1
2025-06-03T00:00:00+00:00,ionq,qpu.forte-1,36,1,,0.0072,0.0039,100000000.0,1000000.0
2025-06-03T00:00:00+00:00,ionq,qpu.forte-enterprise-1,36,1,,0.0061,0.023,188000000.0,950000.0
2025-06-03T00:00:00+00:00,ionq,qpu.forte-enterprise-1,36,1,,0.0061,0.0061,188000000.0,950000.0
2025-06-03T12:00:00+00:00,ibm,ibm_marrakesh,156,1,,0.05427,0.02993,189.7,116.3
2025-06-03T12:00:00+00:00,ibm,ibm_marrakesh,156,1,,0.05427,0.02993,189.7,116.3
2025-06-03T12:00:00+00:00,ibm,ibm_fez,156,1,,0.07228,0.0195,150.6,97.2
2025-06-03T12:00:00+00:00,ibm,ibm_fez,156,1,,0.07228,0.0195,150.6,97.2
2025-06-03T12:00:00+00:00,ibm,ibm_kingston,156,1,,0.05688,0.01805,209.6,122.4
2025-06-03T12:00:00+00:00,ibm,ibm_kingston,156,1,,0.05688,0.01805,209.6,122.4
2025-06-04T00:00:00+00:00,ionq,qpu.forte-1,36,1,,0.0072,0.0038,100000000.0,1000000.0
2025-06-04T00:00:00+00:00,ionq,qpu.forte-enterprise-1,36,1,,0.0082,0.0063,188000000.0,950000.0
2025-06-04T12:00:00+00:00,ibm,ibm_marrakesh,156,1,,0.05413,0.02842,189.7,118.7
2025-06-04T12:00:00+00:00,ibm,ibm_marrakesh,156,1,,0.05413,0.02842,189.7,118.7
2025-06-04T12:00:00+00:00,ibm,ibm_fez,156,1,,0.07181,0.01962,147.5,92.6
2025-06-04T12:00:00+00:00,ibm,ibm_fez,156,1,,0.07181,0.01962,147.5,92.6
2025-06-04T12:00:00+00:00,ibm,ibm_kingston,156,1,,0.05649,0.01848,267.2,149.7
2025-06-04T12:00:00+00:00,ibm,ibm_kingston,156,1,,0.05649,0.01848,267.2,149.7
2025-06-05T00:00:00+00:00,ionq,qpu.forte-1,36,1,,0.0077,0.0038,100000000.0,1000000.0
2025-06-05T00:00:00+00:00,ionq,qpu.forte-enterprise-1,36,1,,0.0086,0.0062,188000000.0,950000.0
2025-06-05T12:00:00+00:00,ibm,ibm_marrakesh,156,1,,0.05115,0.02784,188.1,105.3
2025-06-05T12:00:00+00:00,ibm,ibm_marrakesh,156,1,,0.05115,0.02784,188.1,105.3
2025-06-05T12:00:00+00:00,ibm,ibm_fez,156,1,,0.07185,0.02042,131.9,86.9
2025-06-05T12:00:00+00:00,ibm,ibm_fez,156,1,,0.07185,0.02042,131.9,86.9
2025-06-05T12:00:00+00:00,ibm,ibm_kingston,156,1,,0.05694,0.02001,267.2,149.7
2025-06-05T12:00:00+00:00,ibm,ibm_kingston,156,1,,0.05694,0.02001,267.2,149.7
2025-06-06T00:00:00+00:00,ionq,qpu.forte-1,36,1,,0.0072,0.0037,100000000.0,1000000.0
2025-06-06T00:00:00+00:00,ionq,qpu.forte-enterprise-1,36,1,,0.0144,0.0064,188000000.0,950000.0
2025-06-06T12:00:00+00:00,ibm,ibm_marrakesh,156,1,,0.05096,0.02573,181.3,94.1
2025-06-06T12:00:00+00:00,ibm,ibm_marrakesh,156,1,,0.05096,0.02573,181.3,94.1
2025-06-06T12:00:00+00:00,ibm,ibm_fez,156,1,,0.05161,0.01904,151.8,102.1
2025-06-06T12:00:00+00:00,ibm,ibm_fez,156,1,,0.05161,0.01904,151.8,102.1
2025-06-06T12:00:00+00:00,ibm,ibm_kingston,156,1,,0.05681,0.02186,278.2,147.1
2025-06-06T12:00:00+00:00,ibm,ibm_kingston,156,1,,0.05681,0.02186,278.2,147.1
2025-06-07T00:00:00+00:00,ionq,qpu.forte-1,36,1,,0.0064,0.0038,100000000.0,1000000.0
2025-06-07T00:00:00+00:00,ionq,qpu.forte-enterprise-1,36,1,,0.0066,0.0064,188000000.0,950000.0
2025-06-07T12:00:00+00:00,ibm,ibm_marrakesh,156,1,,0.05061,0.02588,198.0,107.7
2025-06-07T12:00:00+00:00,ibm,ibm_marrakesh,156,1,,0.05061,0.02588,198.0,107.7
2025-06-07T12:00:00+00:00,ibm,ibm_fez,156,1,,0.05106,0.02006,143.5,100.9
2025-06-07T12:00:00+00:00,ibm,ibm_fez,156,1,,0.05106,0.02006,143.5,100.9
2025-06-07T12:00:00+00:00,ibm,ibm_kingston,156,1,,0.05681,0.02186,203.3,106.8
2025-06-07T12:00:00+00:00,ibm,ibm_kingston,156,1,,0.05681,0.02186,203.3,106.8
2025-06-08T00:00:00+00:00,ionq,qpu.forte-1,36,1,,0.0062,0.0038,100000000.0,1000000.0
2025-06-08T00:00:00+00:00,ionq,qpu.aria-1,25,1,,0.0177,0.004,100000000.0,1000000.0
2025-06-08T00:00:00+00:00,ionq,qpu.forte-enterprise-1,36,1,,0.007,0.0063,188000000.0,950000.0
2025-06-08T12:00:00+00:00,ibm,ibm_marrakesh,156,1,,0.04769,0.02716,191.5,95.5
2025-06-08T12:00:00+00:00,ibm,ibm_marrakesh,156,1,,0.04769,0.02716,191.5,95.5
2025-06-08T12:00:00+00:00,ibm,ibm_fez,156,1,,0.05111,0.01918,143.2,93.3
2025-06-08T12:00:00+00:00,ibm,ibm_fez,156,1,,0.05111,0.01918,143.2,93.3
2025-06-08T12:00:00+00:00,ibm,ibm_kingston,156,1,,0.06445,0.01873,263.7,143.6
2025-06-08T12:00:00+00:00,ibm,ibm_kingston,156,1,,0.06445,0.01873,263.7,143.6
2025-06-09T00:00:00+00:00,ionq,qpu.forte-1,36,1,,0.0061,0.0038,100000000.0,1000000.0
2025-06-09T00:00:00+00:00,ionq,qpu.aria-1,25,1,,0.0181,0.0063,100000000.0,1000000.0
2025-06-09T00:00:00+00:00,ionq,qpu.forte-enterprise-1,36,1,,0.0092,0.0063,188000000.0,950000.0
2025-06-09T12:00:00+00:00,ibm,ibm_marrakesh,156,1,,0.04796,0.02363,198.0,91.5
2025-06-09T12:00:00+00:00,ibm,ibm_marrakesh,156,1,,0.04796,0.02363,198.0,91.5
2025-06-09T12:00:00+00:00,ibm,ibm_fez,156,1,,0.05108,0.01867,146.8,100.7
2025-06-09T12:00:00+00:00,ibm,ibm_fez,156,1,,0.05108,0.01867,146.8,100.7
2025-06-09T12:00:00+00:00,ibm,ibm_kingston,156,1,,0.05584,0.01886,253.2,152.4
2025-06-09T12:00:00+00:00,ibm,ibm_kingston,156,1,,0.05584,0.01886,253.2,152.4
2025-06-10T00:00:00+00:00,ionq,qpu.forte-1,36,1,,0.0067,0.0039,100000000.0,1000000.0
2025-06-10T00:00:00+00:00,ionq,qpu.aria-1,25,1,,0.0191,0.0051,100000000.0,1000000.0
2025-06-10T00:00:00+00:00,ionq,qpu.forte-enterprise-1,36,1,,0.0053,0.0064,188000000.0,950000.0
2025-06-10T12:00:00+00:00,ibm,ibm_marrakesh,156,1,,0.04796,0.02363,198.0,91.5
2025-06-10T12:00:00+00:00,ibm,ibm_marrakesh,156,1,,0.04796,0.02363,198.0,91.5
2025-06-10T12:00:00+00:00,ibm,ibm_fez,156,1,,0.0512,0.01956,144.3,92.6
2025-06-10T12:00:00+00:00,ibm,ibm_fez,156,1,,0.0512,0.01956,144.3,92.6
2025-06-10T12:00:00+00:00,ibm,ibm_kingston,156,1,,0.0567,0.01907,272.3,152.4
2025-06-10T12:00:00+00:00,ibm,ibm_kingston,156,1,,0.0567,0.01907,272.3,152.4
2025-06-11T00:00:00+00:00,ionq,qpu.forte-1,36,1,,0.0074,0.0039,100000000.0,1000000.0
2025-06-11T00:00:00+00:00,ionq,qpu.aria-1,25,1,,0.0494,0.0058,100000000.0,1000000.0
2025-06-11T00:00:00+00:00,ionq,qpu.forte-enterprise-1,36,1,,0.0061,0.0065,188000000.0,950000.0
2025-06-11T12:00:00+00:00,ibm,ibm_marrakesh,156,1,,0.04833,0.02707,197.2,119.3
2025-06-11T12:00:00+00:00,ibm,ibm_marrakesh,156,1,,0.04833,0.02707,197.2,119.3
2025-06-11T12:00:00+00:00,ibm,ibm_fez,156,1,,0.05099,0.01941,144.3,92.6
2025-06-11T12:00:00+00:00,ibm,ibm_fez,156,1,,0.05099,0.01941,144.3,92.6
2025-06-11T12:00:00+00:00,ibm,ibm_kingston,156,1,,0.05421,0.02002,248.5,146.2
2025-06-11T12:00:00+00:00,ibm,ibm_kingston,156,1,,0.05421,0.02002,248.5,146.2
2025-06-12T00:00:00+00:00,ionq,qpu.forte-1,36,1,,0.0067,0.0038,100000000.0,1000000.0
2025-06-12T00:00:00+00:00,ionq,qpu.aria-1,25,1,,0.0189,0.0048,100000000.0,1000000.0
2025-06-12T00:00:00+00:00,ionq,qpu.forte-enterprise-1,36,1,,0.0133,0.0064,188000000.0,950000.0
2025-06-12T12:00:00+00:00,ibm,ibm_marrakesh,156,1,,0.04786,0.02489,187.2,97.3
2025-06-12T12:00:00+00:00,ibm,ibm_fez,156,1,,0.05099,0.01941,145.1,99.4
2025-06-12T12:00:00+00:00,ibm,ibm_fez,156,1,,0.05099,0.01941,145.1,99.4
2025-06-12T12:00:00+00:00,ibm,ibm_kingston,156,1,,0.05454,0.01945,275.4,154.9
2025-06-12T12:00:00+00:00,ibm,ibm_kingston,156,1,,0.05454,0.01945,275.4,154.9
2025-06-13T00:00:00+00:00,ionq,qpu.forte-1,36,1,,0.0167,0.0041,100000000.0,1000000.0
2025-06-13T00:00:00+00:00,ionq,qpu.aria-1,25,1,,0.0254,0.0054,100000000.0,1000000.0
2025-06-13T00:00:00+00:00,ionq,qpu.forte-enterprise-1,36,1,,0.0109,0.0067,188000000.0,950000.0
2025-06-13T12:00:00+00:00,ibm,ibm_marrakesh,156,1,,0.04479,0.02489,204.3,97.2
2025-06-13T12:00:00+00:00,ibm,ibm_marrakesh,156,1,,0.04479,0.02489,204.3,97.2
2025-06-13T12:00:00+00:00,ibm,ibm_fez,156,1,,0.06008,0.01941,145.1,99.4
2025-06-13T12:00:00+00:00,ibm,ibm_kingston,156,1,,0.05454,0.01945,275.4,154.9
2025-06-13T12:00:00+00:00,ibm,ibm_kingston,156,1,,0.05454,0.01945,275.4,154.9
2025-06-14T00:00:00+00:00,ionq,qpu.forte-1,36,1,,0.0122,0.0046,100000000.0,1000000.0
2025-06-14T00:00:00+00:00,ionq,qpu.aria-1,25,1,,0.0222,0.0054,100000000.0,1000000.0
2025-06-14T00:00:00+00:00,ionq,qpu.forte-enterprise-1,36,1,,0.0068,0.0064,188000000.0,950000.0
2025-06-14T12:00:00+00:00,ibm,ibm_marrakesh,156,1,,0.04479,0.02489,204.3,97.2
2025-06-14T12:00:00+00:00,ibm,ibm_fez,156,1,,0.05474,0.01941,145.1,99.4
2025-06-14T12:00:00+00:00,ibm,ibm_fez,156,1,,0.05474,0.01941,145.1,99.4
2025-06-14T12:00:00+00:00,ibm,ibm_kingston,156,1,,0.05438,0.02098,275.4,154.9
2025-06-15T00:00:00+00:00,ionq,qpu.forte-1,36,1,,0.0055,0.0039,100000000.0,1000000.0
2025-06-15T00:00:00+00:00,ionq,qpu.aria-1,25,1,,0.0159,0.006,100000000.0,1000000.0
2025-06-15T00:00:00+00:00,ionq,qpu.forte-enterprise-1,36,1,,0.0096,0.0065,188000000.0,950000.0
2025-06-15T12:00:00+00:00,ibm,ibm_marrakesh,156,1,,0.04479,0.02489,204.3,97.2
2025-06-15T12:00:00+00:00,ibm,ibm_fez,156,1,,0.05474,0.01889,148.6,100.4
2025-06-15T12:00:00+00:00,ibm,ibm_fez,156,1,,0.05474,0.01889,148.6,100.4
2025-06-15T12:00:00+00:00,ibm,ibm_kingston,156,1,,0.05438,0.02098,280.2,144.4
2025-06-16T00:00:00+00:00,ionq,qpu.forte-1,36,1,,0.1672,0.0126,100000000.0,1000000.0
2025-06-16T00:00:00+00:00,ionq,qpu.aria-1,25,1,,0.0189,0.0073,100000000.0,1000000.0
2025-06-16T00:00:00+00:00,ionq,qpu.forte-enterprise-1,36,1,,0.0079,0.0067,188000000.0,950000.0
2025-06-16T12:00:00+00:00,ibm,ibm_marrakesh,156,1,,0.04595,0.02778,189.2,105.5
2025-06-16T12:00:00+00:00,ibm,ibm_marrakesh,156,1,,0.04595,0.02778,189.2,105.5
2025-06-16T12:00:00+00:00,ibm,ibm_fez,156,1,,0.05475,0.01909,148.1,100.3
2025-06-16T12:00:00+00:00,ibm,ibm_kingston,156,1,,0.06147,0.01944,265.7,146.6
2025-06-17T00:00:00+00:00,ionq,qpu.aria-1,25,1,,0.0183,0.0081,100000000.0,1000000.0
2025-06-17T12:00:00+00:00,ibm,ibm_marrakesh,156,1,,0.04601,0.02958,180.8,83.7
2025-06-17T12:00:00+00:00,ibm,ibm_fez,156,1,,0.05477,0.01877,141.1,94.9
2025-06-17T12:00:00+00:00,ibm,ibm_kingston,156,1,,0.06158,0.02019,268.0,155.9
2025-06-18T00:00:00+00:00,ionq,qpu.aria-1,25,1,,0.0147,0.0071,100000000.0,1000000.0
2025-06-18T12:00:00+00:00,ibm,ibm_marrakesh,156,1,,0.0458,0.02944,205.1,97.6
2025-06-18T12:00:00+00:00,ibm,ibm_marrakesh,156,1,,0.0458,0.02944,205.1,97.6
2025-06-18T12:00:00+00:00,ibm,ibm_fez,156,1,,0.05464,0.0187,144.6,94.5
2025-06-18T12:00:00+00:00,ibm,ibm_fez,156,1,,0.05464,0.0187,144.6,94.5
2025-06-18T12:00:00+00:00,ibm,ibm_kingston,156,1,,0.06197,0.02046,240.8,142.4
2025-06-18T12:00:00+00:00,ibm,ibm_kingston,156,1,,0.06197,0.02046,240.8,142.4
2025-06-19T00:00:00+00:00,ionq,qpu.aria-1,25,1,,0.0214,0.0039,100000000.0,1000000.0
2025-06-19T12:00:00+00:00,ibm,ibm_marrakesh,156,1,,0.05108,0.02606,199.1,102.0
2025-06-19T12:00:00+00:00,ibm,ibm_marrakesh,156,1,,0.05108,0.02606,199.1,102.0
2025-06-19T12:00:00+00:00,ibm,ibm_fez,156,1,,0.05464,0.0187,143.6,86.8
2025-06-19T12:00:00+00:00,ibm,ibm_fez,156,1,,0.05464,0.0187,143.6,86.8
2025-06-19T12:00:00+00:00,ibm,ibm_kingston,156,1,,0.06158,0.01965,272.5,161.3
2025-06-19T12:00:00+00:00,ibm,ibm_kingston,156,1,,0.06158,0.01965,272.5,161.3
2025-06-20T12:00:00+00:00,ibm,ibm_marrakesh,156,1,,0.05035,0.02606,188.6,93.3
2025-06-20T12:00:00+00:00,ibm,ibm_marrakesh,156,1,,0.05035,0.02606,188.6,93.3
2025-06-20T12:00:00+00:00,ibm,ibm_fez,156,1,,0.05725,0.01958,147.7,103.4
2025-06-20T12:00:00+00:00,ibm,ibm_fez,156,1,,0.05725,0.01958,147.7,103.4
2025-06-20T12:00:00+00:00,ibm,ibm_kingston,156,1,,0.06158,0.02052,263.0,144.6
2025-06-20T12:00:00+00:00,ibm,ibm_kingston,156,1,,0.06158,0.02052,263.0,144.6
2025-06-21T12:00:00+00:00,ibm,ibm_marrakesh,156,1,,0.05605,0.03,189.9,113.8
2025-06-21T12:00:00+00:00,ibm,ibm_marrakesh,156,1,,0.05605,0.03,189.9,113.8
2025-06-21T12:00:00+00:00,ibm,ibm_fez,156,1,,0.05725,0.01935,149.5,104.9
2025-06-21T12:00:00+00:00,ibm,ibm_fez,156,1,,0.05725,0.01935,149.5,104.9
2025-06-21T12:00:00+00:00,ibm,ibm_kingston,156,1,,0.06181,0.01873,204.7,119.9
2025-06-21T12:00:00+00:00,ibm,ibm_kingston,156,1,,0.06181,0.01873,204.7,119.9
2025-06-22T12:00:00+00:00,ibm,ibm_marrakesh,156,1,,0.05876,0.02574,194.1,107.8
2025-06-22T12:00:00+00:00,ibm,ibm_marrakesh,156,1,,0.05876,0.02574,194.1,107.8
2025-06-22T12:00:00+00:00,ibm,ibm_fez,156,1,,0.05719,0.01984,144.1,98.6
2025-06-22T12:00:00+00:00,ibm,ibm_fez,156,1,,0.05719,0.01984,144.1,98.6
2025-06-22T12:00:00+00:00,ibm,ibm_kingston,156,1,,0.06171,0.01967,262.0,119.6
2025-06-22T12:00:00+00:00,ibm,ibm_kingston,156,1,,0.06171,0.01967,262.0,119.6
2025-06-23T12:00:00+00:00,ibm,ibm_marrakesh,156,1,,0.05876,0.02745,194.6,108.9
2025-06-23T12:00:00+00:00,ibm,ibm_marrakesh,156,1,,0.05876,0.02745,194.6,108.9
2025-06-23T12:00:00+00:00,ibm,ibm_fez,156,1,,0.05723,0.01992,151.5,96.4
2025-06-23T12:00:00+00:00,ibm,ibm_fez,156,1,,0.05723,0.01992,151.5,96.4
2025-06-23T12:00:00+00:00,ibm,ibm_kingston,156,1,,0.06146,0.01898,266.0,137.3
2025-06-23T12:00:00+00:00,ibm,ibm_kingston,156,1,,0.06146,0.01898,266.0,137.3
2025-06-24T12:00:00+00:00,ibm,ibm_marrakesh,156,1,,0.05876,0.02521,194.6,108.9
2025-06-24T12:00:00+00:00,ibm,ibm_marrakesh,156,1,,0.05876,0.02521,194.6,108.9
2025-06-24T12:00:00+00:00,ibm,ibm_fez,156,1,,0.05713,0.01958,152.2,102.7
2025-06-24T12:00:00+00:00,ibm,ibm_fez,156,1,,0.05713,0.01958,152.2,102.7
2025-06-24T12:00:00+00:00,ibm,ibm_kingston,156,1,,0.06422,0.01887,268.4,138.9
2025-06-24T12:00:00+00:00,ibm,ibm_kingston,156,1,,0.06422,0.01887,268.4,138.9
2025-06-25T00:00:00+00:00,ionq,qpu.aria-1,25,1,,0.0319,0.0039,100000000.0,1000000.0
2025-06-25T12:00:00+00:00,ibm,ibm_marrakesh,156,1,,0.05883,0.027,176.4,97.4
2025-06-25T12:00:00+00:00,ibm,ibm_marrakesh,156,1,,0.05883,0.027,176.4,97.4
2025-06-25T12:00:00+00:00,ibm,ibm_fez,156,1,,0.05743,0.02217,144.7,92.4
2025-06-25T12:00:00+00:00,ibm,ibm_fez,156,1,,0.05743,0.02217,144.7,92.4
2025-06-25T12:00:00+00:00,ibm,ibm_kingston,156,1,,0.05862,0.01982,268.4,138.9
2025-06-25T12:00:00+00:00,ibm,ibm_kingston,156,1,,0.05862,0.01982,268.4,138.9
2025-06-26T00:00:00+00:00,ionq,qpu.aria-1,25,1,,0.0077,0.0049,100000000.0,1000000.0
2025-06-26T12:00:00+00:00,ibm,ibm_marrakesh,156,1,,0.05895,0.02639,187.5,101.7
2025-06-26T12:00:00+00:00,ibm,ibm_marrakesh,156,1,,0.05895,0.02639,187.5,101.7
2025-06-26T12:00:00+00:00,ibm,ibm_fez,156,1,,0.05713,0.01904,147.8,100.7
2025-06-26T12:00:00+00:00,ibm,ibm_fez,156,1,,0.05713,0.01904,147.8,100.7
2025-06-26T12:00:00+00:00,ibm,ibm_kingston,156,1,,0.05852,0.0196,262.4,128.0
2025-06-26T12:00:00+00:00,ibm,ibm_kingston,156,1,,0.05852,0.0196,262.4,128.0
2025-06-27T00:00:00+00:00,ionq,qpu.aria-1,25,1,,0.0119,0.0041,100000000.0,1000000.0
2025-06-27T12:00:00+00:00,ibm,ibm_marrakesh,156,1,,0.05975,0.02532,203.1,115.9
2025-06-27T12:00:00+00:00,ibm,ibm_marrakesh,156,1,,0.05975,0.02532,203.1,115.9
2025-06-27T12:00:00+00:00,ibm,ibm_fez,156,1,,0.06265,0.01974,140.4,102.9
2025-06-27T12:00:00+00:00,ibm,ibm_fez,156,1,,0.06265,0.01974,140.4,102.9
2025-06-27T12:00:00+00:00,ibm,ibm_kingston,156,1,,0.05848,0.01965,262.3,143.8
2025-06-27T12:00:00+00:00,ibm,ibm_kingston,156,1,,0.05848,0.01965,262.3,143.8
2025-06-28T00:00:00+00:00,ionq,qpu.aria-1,25,1,,0.0104,0.009,100000000.0,1000000.0
2025-06-28T00:00:00+00:00,ionq,qpu.forte-enterprise-1,36,1,,0.0091,0.0072,188000000.0,950000.0
2025-06-28T12:00:00+00:00,ibm,ibm_marrakesh,156,1,,0.0588,0.02766,197.2,107.0
2025-06-28T12:00:00+00:00,ibm,ibm_fez,156,1,,0.06543,0.01959,149.4,93.6
2025-06-28T12:00:00+00:00,ibm,ibm_fez,156,1,,0.06543,0.01959,149.4,93.6
2025-06-28T12:00:00+00:00,ibm,ibm_kingston,156,1,,0.05843,0.01848,256.6,134.4
2025-06-29T00:00:00+00:00,ionq,qpu.aria-1,25,1,,0.0154,0.0043,100000000.0,1000000.0
2025-06-29T00:00:00+00:00,ionq,qpu.forte-enterprise-1,36,1,,0.0062,0.0073,188000000.0,950000.0
2025-06-29T12:00:00+00:00,ibm,ibm_marrakesh,156,1,,0.05586,0.02716,199.5,120.6
2025-06-29T12:00:00+00:00,ibm,ibm_marrakesh,156,1,,0.05586,0.02716,199.5,120.6
2025-06-29T12:00:00+00:00,ibm,ibm_fez,156,1,,0.06567,0.01894,141.9,96.1
2025-06-29T12:00:00+00:00,ibm,ibm_fez,156,1,,0.06567,0.01894,141.9,96.1
2025-06-29T12:00:00+00:00,ibm,ibm_kingston,156,1,,0.05844,0.01737,269.8,160.0
2025-06-29T12:00:00+00:00,ibm,ibm_kingston,156,1,,0.05844,0.01737,269.8,160.0
2025-06-30T00:00:00+00:00,ionq,qpu.aria-1,25,1,,0.0187,0.0047,100000000.0,1000000.0
2025-06-30T00:00:00+00:00,ionq,qpu.forte-enterprise-1,36,1,,0.0058,0.0073,188000000.0,950000.0
2025-06-30T12:00:00+00:00,ibm,ibm_marrakesh,156,1,,0.05298,0.02483,198.9,92.5
2025-06-30T12:00:00+00:00,ibm,ibm_marrakesh,156,1,,0.05298,0.02483,198.9,92.5
2025-06-30T12:00:00+00:00,ibm,ibm_fez,156,1,,0.06556,0.01919,151.8,98.0
2025-06-30T12:00:00+00:00,ibm,ibm_fez,156,1,,0.06556,0.01919,151.8,98.0
2025-06-30T12:00:00+00:00,ibm,ibm_kingston,156,1,,0.06428,0.01737,280.1,177.5
2025-06-30T12:00:00+00:00,ibm,ibm_kingston,156,1,,0.06428,0.01737,280.1,177.5
2025-07-01T00:00:00+00:00,ionq,qpu.aria-1,25,1,,0.0145,0.0044,100000000.0,1000000.0
2025-07-01T00:00:00+00:00,ionq,qpu.forte-enterprise-1,36,1,,0.0057,0.0077,188000000.0,950000.0
2025-07-01T12:00:00+00:00,ibm,ibm_marrakesh,156,1,,0.05298,0.02483,188.4,100.6
2025-07-01T12:00:00+00:00,ibm,ibm_marrakesh,156,1,,0.05298,0.02483,188.4,100.6
2025-07-01T12:00:00+00:00,ibm,ibm_fez,156,1,,0.06556,0.01919,139.0,89.1
2025-07-01T12:00:00+00:00,ibm,ibm_fez,156,1,,0.06556,0.01919,139.0,89.1
2025-07-01T12:00:00+00:00,ibm,ibm_kingston,156,1,,0.06155,0.01866,262.3,159.3
2025-07-01T12:00:00+00:00,ibm,ibm_kingston,156,1,,0.06155,0.01866,262.3,159.3
2025-07-02T00:00:00+00:00,ionq,qpu.aria-1,25,1,,0.0206,0.0035,100000000.0,1000000.0
2025-07-02T00:00:00+00:00,ionq,qpu.forte-enterprise-1,36,1,,0.0065,0.0081,188000000.0,950000.0
2025-07-02T12:00:00+00:00,ibm,ibm_marrakesh,156,1,,0.05285,0.02406,186.1,113.1
2025-07-02T12:00:00+00:00,ibm,ibm_marrakesh,156,1,,0.05285,0.02406,186.1,113.1
2025-07-02T12:00:00+00:00,ibm,ibm_fez,156,1,,0.06555,0.0192,140.6,100.6
2025-07-02T12:00:00+00:00,ibm,ibm_fez,156,1,,0.06555,0.0192,140.6,100.6
2025-07-02T12:00:00+00:00,ibm,ibm_kingston,156,1,,0.05632,0.01813,228.8,130.2
2025-07-02T12:00:00+00:00,ibm,ibm_kingston,156,1,,0.05632,0.01813,228.8,130.2
2025-07-03T00:00:00+00:00,ionq,qpu.aria-1,25,1,,0.0104,0.0034,100000000.0,1000000.0
2025-07-03T00:00:00+00:00,ionq,qpu.forte-enterprise-1,36,1,,0.0072,0.0077,188000000.0,950000.0
2025-07-03T12:00:00+00:00,ibm,ibm_marrakesh,156,1,,0.05044,0.02335,176.6,100.4
2025-07-03T12:00:00+00:00,ibm,ibm_marrakesh,156,1,,0.05044,0.02335,176.6,100.4
2025-07-03T12:00:00+00:00,ibm,ibm_fez,156,1,,0.06547,0.01879,142.8,86.6
2025-07-03T12:00:00+00:00,ibm,ibm_fez,156,1,,0.06547,0.01879,142.8,86.6
2025-07-03T12:00:00+00:00,ibm,ibm_kingston,156,1,,0.05621,0.01926,272.3,133.2
2025-07-03T12:00:00+00:00,ibm,ibm_kingston,156,1,,0.05621,0.01926,272.3,133.2
2025-07-04T00:00:00+00:00,ionq,qpu.forte-enterprise-1,36,1,,0.0061,0.0085,188000000.0,950000.0
2025-07-04T12:00:00+00:00,ibm,ibm_marrakesh,156,1,,0.04532,0.02338,184.4,93.5
2025-07-04T12:00:00+00:00,ibm,ibm_marrakesh,156,1,,0.04532,0.02338,184.4,93.5
2025-07-04T12:00:00+00:00,ibm,ibm_fez,156,1,,0.06525,0.01829,145.0,90.9
2025-07-04T12:00:00+00:00,ibm,ibm_fez,156,1,,0.06525,0.01829,145.0,90.9
2025-07-04T12:00:00+00:00,ibm,ibm_kingston,156,1,,0.05638,0.01911,270.9,131.7
2025-07-05T00:00:00+00:00,ionq,qpu.forte-enterprise-1,36,1,,0.0062,0.0085,188000000.0,950000.0
2025-07-05T12:00:00+00:00,ibm,ibm_marrakesh,156,1,,0.04471,0.02381,184.4,93.5
2025-07-05T12:00:00+00:00,ibm,ibm_marrakesh,156,1,,0.04471,0.02381,184.4,93.5
2025-07-05T12:00:00+00:00,ibm,ibm_fez,156,1,,0.06284,0.0188,140.5,98.3
2025-07-05T12:00:00+00:00,ibm,ibm_fez,156,1,,0.06284,0.0188,140.5,98.3
2025-07-05T12:00:00+00:00,ibm,ibm_kingston,156,1,,0.05638,0.0186,272.5,160.1
2025-07-06T00:00:00+00:00,ionq,qpu.forte-enterprise-1,36,1,,0.0084,0.0087,188000000.0,950000.0
2025-07-06T12:00:00+00:00,ibm,ibm_marrakesh,156,1,,0.04489,0.023,189.6,107.1
2025-07-06T12:00:00+00:00,ibm,ibm_marrakesh,156,1,,0.04489,0.023,189.6,107.1
2025-07-06T12:00:00+00:00,ibm,ibm_fez,156,1,,0.06284,0.01965,142.4,100.0
2025-07-06T12:00:00+00:00,ibm,ibm_fez,156,1,,0.06284,0.01965,142.4,100.0
2025-07-06T12:00:00+00:00,ibm,ibm_kingston,156,1,,0.05654,0.02014,264.5,144.9
2025-07-06T12:00:00+00:00,ibm,ibm_kingston,156,1,,0.05654,0.02014,264.5,144.9
2025-07-07T00:00:00+00:00,ionq,qpu.forte-enterprise-1,36,1,,0.0077,0.0075,188000000.0,950000.0
2025-07-07T12:00:00+00:00,ibm,ibm_marrakesh,156,1,,0.04478,0.02147,182.2,93.2
2025-07-07T12:00:00+00:00,ibm,ibm_marrakesh,156,1,,0.04478,0.02147,182.2,93.2
2025-07-07T12:00:00+00:00,ibm,ibm_fez,156,1,,0.06287,0.01763,140.5,97.4
2025-07-07T12:00:00+00:00,ibm,ibm_fez,156,1,,0.06287,0.01763,140.5,97.4
2025-07-07T12:00:00+00:00,ibm,ibm_kingston,156,1,,0.05894,0.01938,248.7,137.5
2025-07-07T12:00:00+00:00,ibm,ibm_kingston,156,1,,0.05894,0.01938,248.7,137.5
2025-07-08T00:00:00+00:00,ionq,qpu.forte-enterprise-1,36,1,,0.0078,0.0075,188000000.0,950000.0
2025-07-08T12:00:00+00:00,ibm,ibm_marrakesh,156,1,,0.04483,0.02433,193.6,109.3
2025-07-08T12:00:00+00:00,ibm,ibm_marrakesh,156,1,,0.04483,0.02433,193.6,109.3
2025-07-08T12:00:00+00:00,ibm,ibm_fez,156,1,,0.06306,0.02009,146.4,100.8
2025-07-08T12:00:00+00:00,ibm,ibm_fez,156,1,,0.06306,0.02009,146.4,100.8
2025-07-08T12:00:00+00:00,ibm,ibm_kingston,156,1,,0.056,0.0186,266.5,155.9
2025-07-08T12:00:00+00:00,ibm,ibm_kingston,156,1,,0.056,0.0186,266.5,155.9
2025-07-09T00:00:00+00:00,ionq,qpu.forte-enterprise-1,36,1,,0.0099,0.0077,188000000.0,950000.0
2025-07-09T12:00:00+00:00,ibm,ibm_marrakesh,156,1,,0.04483,0.02529,189.8,115.7
2025-07-09T12:00:00+00:00,ibm,ibm_marrakesh,156,1,,0.04483,0.02529,189.8,115.7
2025-07-09T12:00:00+00:00,ibm,ibm_fez,156,1,,0.06306,0.02009,146.4,100.8
2025-07-09T12:00:00+00:00,ibm,ibm_fez,156,1,,0.06306,0.02009,146.4,100.8
2025-07-09T12:00:00+00:00,ibm,ibm_kingston,156,1,,0.05965,0.0189,262.5,147.0
2025-07-09T12:00:00+00:00,ibm,ibm_kingston,156,1,,0.05965,0.0189,262.5,147.0
2025-07-10T00:00:00+00:00,ionq,qpu.forte-enterprise-1,36,1,,0.0083,0.0063,188000000.0,950000.0
2025-07-10T12:00:00+00:00,ibm,ibm_marrakesh,156,1,,0.04475,0.02372,188.1,96.2
2025-07-10T12:00:00+00:00,ibm,ibm_marrakesh,156,1,,0.04475,0.02372,188.1,96.2
2025-07-10T12:00:00+00:00,ibm,ibm_fez,156,1,,0.06304,0.01933,151.2,97.2
2025-07-10T12:00:00+00:00,ibm,ibm_fez,156,1,,0.06304,0.01933,151.2,97.2
2025-07-10T12:00:00+00:00,ibm,ibm_kingston,156,1,,0.05678,0.01939,217.5,124.1
2025-07-10T12:00:00+00:00,ibm,ibm_kingston,156,1,,0.05678,0.01939,217.5,124.1
2025-07-11T00:00:00+00:00,ionq,qpu.aria-1,25,1,,0.0769,0.0041,100000000.0,1000000.0
2025-07-11T00:00:00+00:00,ionq,qpu.forte-enterprise-1,36,1,,0.0043,0.0064,188000000.0,950000.0
2025-07-11T12:00:00+00:00,ibm,ibm_marrakesh,156,1,,0.04509,0.02198,200.1,117.8
2025-07-11T12:00:00+00:00,ibm,ibm_marrakesh,156,1,,0.04509,0.02198,200.1,117.8
2025-07-11T12:00:00+00:00,ibm,ibm_fez,156,1,,0.06871,0.01883,129.9,88.5
2025-07-11T12:00:00+00:00,ibm,ibm_fez,156,1,,0.06871,0.01883,129.9,88.5
2025-07-11T12:00:00+00:00,ibm,ibm_kingston,156,1,,0.05654,0.01942,217.5,124.1
2025-07-11T12:00:00+00:00,ibm,ibm_kingston,156,1,,0.05654,0.01942,217.5,124.1
2025-07-12T00:00:00+00:00,ionq,qpu.aria-1,25,1,,0.0114,0.005,100000000.0,1000000.0
2025-07-12T00:00:00+00:00,ionq,qpu.forte-enterprise-1,36,1,,0.0063,0.0064,188000000.0,950000.0
2025-07-12T12:00:00+00:00,ibm,ibm_marrakesh,156,1,,0.04519,0.02198,192.7,110.4
2025-07-12T12:00:00+00:00,ibm,ibm_marrakesh,156,1,,0.04519,0.02198,192.7,110.4
2025-07-12T12:00:00+00:00,ibm,ibm_fez,156,1,,0.06639,0.01883,143.0,94.1
2025-07-12T12:00:00+00:00,ibm,ibm_fez,156,1,,0.06639,0.01883,143.0,94.1
2025-07-12T12:00:00+00:00,ibm,ibm_kingston,156,1,,0.05655,0.01947,269.9,143.4
2025-07-12T12:00:00+00:00,ibm,ibm_kingston,156,1,,0.05655,0.01947,269.9,143.4
2025-07-13T00:00:00+00:00,ionq,qpu.aria-1,25,1,,0.0179,0.0043,100000000.0,1000000.0
2025-07-13T00:00:00+00:00,ionq,qpu.forte-enterprise-1,36,1,,0.0061,0.0064,188000000.0,950000.0
2025-07-13T12:00:00+00:00,ibm,ibm_marrakesh,156,1,,0.05068,0.02546,199.0,114.5
2025-07-13T12:00:00+00:00,ibm,ibm_marrakesh,156,1,,0.05068,0.02546,199.0,114.5
2025-07-13T12:00:00+00:00,ibm,ibm_fez,156,1,,0.06634,0.019,146.7,93.6
2025-07-13T12:00:00+00:00,ibm,ibm_fez,156,1,,0.06634,0.019,146.7,93.6
2025-07-13T12:00:00+00:00,ibm,ibm_kingston,156,1,,0.05666,0.02039,266.6,151.5
2025-07-13T12:00:00+00:00,ibm,ibm_kingston,156,1,,0.05666,0.02039,266.6,151.5
2025-07-14T00:00:00+00:00,ionq,qpu.aria-1,25,1,,0.0142,0.0039,100000000.0,1000000.0
2025-07-14T00:00:00+00:00,ionq,qpu.forte-enterprise-1,36,1,,0.0064,0.0063,188000000.0,950000.0
2025-07-14T12:00:00+00:00,ibm,ibm_marrakesh,156,1,,0.05052,0.02071,198.1,113.8
2025-07-14T12:00:00+00:00,ibm,ibm_marrakesh,156,1,,0.05052,0.02071,198.1,113.8
2025-07-14T12:00:00+00:00,ibm,ibm_fez,156,1,,0.06615,0.01872,144.7,94.1
2025-07-14T12:00:00+00:00,ibm,ibm_fez,156,1,,0.06615,0.01872,144.7,94.1
2025-07-14T12:00:00+00:00,ibm,ibm_kingston,156,1,,0.06205,0.01882,276.7,155.1
2025-07-14T12:00:00+00:00,ibm,ibm_kingston,156,1,,0.06205,0.01882,276.7,155.1
2025-07-15T00:00:00+00:00,ionq,qpu.aria-1,25,1,,0.014,0.0048,100000000.0,1000000.0
2025-07-15T12:00:00+00:00,ibm,ibm_marrakesh,156,1,,0.05074,0.02063,195.8,101.5
2025-07-15T12:00:00+00:00,ibm,ibm_marrakesh,156,1,,0.05074,0.02063,195.8,101.5
2025-07-15T12:00:00+00:00,ibm,ibm_fez,156,1,,0.06616,0.01861,150.5,97.3
2025-07-15T12:00:00+00:00,ibm,ibm_fez,156,1,,0.06616,0.01861,150.5,97.3
2025-07-15T12:00:00+00:00,ibm,ibm_kingston,156,1,,0.05701,0.01867,275.1,139.4
2025-07-15T12:00:00+00:00,ibm,ibm_kingston,156,1,,0.05701,0.01867,275.1,139.4
2025-07-16T00:00:00+00:00,ionq,qpu.aria-1,25,1,,0.0132,0.0038,100000000.0,1000000.0
2025-07-16T12:00:00+00:00,ibm,ibm_marrakesh,156,1,,0.05073,0.01968,195.8,101.5
2025-07-16T12:00:00+00:00,ibm,ibm_marrakesh,156,1,,0.05073,0.01968,195.8,101.5
2025-07-16T12:00:00+00:00,ibm,ibm_fez,156,1,,0.06627,0.01995,121.0,84.3
2025-07-16T12:00:00+00:00,ibm,ibm_fez,156,1,,0.06627,0.01995,121.0,84.3
2025-07-16T12:00:00+00:00,ibm,ibm_kingston,156,1,,0.0626,0.01888,271.4,153.5
2025-07-16T12:00:00+00:00,ibm,ibm_kingston,156,1,,0.0626,0.01888,271.4,153.5
2025-07-17T00:00:00+00:00,ionq,qpu.aria-1,25,1,,0.0128,0.0041,100000000.0,1000000.0
2025-07-17T12:00:00+00:00,ibm,ibm_marrakesh,156,1,,0.05368,0.02337,173.6,95.3
2025-07-17T12:00:00+00:00,ibm,ibm_marrakesh,156,1,,0.05368,0.02337,173.6,95.3
2025-07-17T12:00:00+00:00,ibm,ibm_fez,156,1,,0.06628,0.01898,132.9,87.0
2025-07-17T12:00:00+00:00,ibm,ibm_fez,156,1,,0.06628,0.01898,132.9,87.0
2025-07-17T12:00:00+00:00,ibm,ibm_kingston,156,1,,0.05998,0.01932,265.1,139.1
2025-07-17T12:00:00+00:00,ibm,ibm_kingston,156,1,,0.05998,0.01932,265.1,139.1
2025-07-18T00:00:00+00:00,ionq,qpu.aria-1,25,1,,0.016,0.0041,100000000.0,1000000.0
2025-07-18T12:00:00+00:00,ibm,ibm_marrakesh,156,1,,0.0541,0.02098,185.3,109.5
2025-07-18T12:00:00+00:00,ibm,ibm_marrakesh,156,1,,0.0541,0.02098,185.3,109.5
2025-07-18T12:00:00+00:00,ibm,ibm_fez,156,1,,0.07451,0.01837,143.0,90.9
2025-07-18T12:00:00+00:00,ibm,ibm_fez,156,1,,0.07451,0.01837,143.0,90.9
2025-07-18T12:00:00+00:00,ibm,ibm_kingston,156,1,,0.06019,0.01804,256.2,133.9
2025-07-18T12:00:00+00:00,ibm,ibm_kingston,156,1,,0.06019,0.01804,256.2,133.9
2025-07-19T00:00:00+00:00,ionq,qpu.aria-1,25,1,,0.0127,0.0038,100000000.0,1000000.0
2025-07-19T12:00:00+00:00,ibm,ibm_marrakesh,156,1,,0.05422,0.02486,181.6,94.1
2025-07-19T12:00:00+00:00,ibm,ibm_marrakesh,156,1,,0.05422,0.02486,181.6,94.1
2025-07-19T12:00:00+00:00,ibm,ibm_fez,156,1,,0.05155,0.01837,141.8,96.5
2025-07-19T12:00:00+00:00,ibm,ibm_fez,156,1,,0.05155,0.01837,141.8,96.5
2025-07-19T12:00:00+00:00,ibm,ibm_kingston,156,1,,0.05988,0.02122,264.0,129.7
2025-07-19T12:00:00+00:00,ibm,ibm_kingston,156,1,,0.05988,0.02122,264.0,129.7
2025-07-20T00:00:00+00:00,ionq,qpu.aria-1,25,1,,0.0102,0.0042,100000000.0,1000000.0
2025-07-20T12:00:00+00:00,ibm,ibm_marrakesh,156,1,,0.05422,0.02486,181.6,94.1
2025-07-20T12:00:00+00:00,ibm,ibm_marrakesh,156,1,,0.05422,0.02486,181.6,94.1
2025-07-20T12:00:00+00:00,ibm,ibm_fez,156,1,,0.05156,0.0183,141.8,96.5
2025-07-20T12:00:00+00:00,ibm,ibm_fez,156,1,,0.05156,0.0183,141.8,96.5
2025-07-20T12:00:00+00:00,ibm,ibm_kingston,156,1,,0.05982,0.0184,238.2,128.6
2025-07-20T12:00:00+00:00,ibm,ibm_kingston,156,1,,0.05982,0.0184,238.2,128.6
2025-07-21T00:00:00+00:00,ionq,qpu.aria-1,25,1,,0.0128,0.0041,100000000.0,1000000.0
2025-07-21T12:00:00+00:00,ibm,ibm_marrakesh,156,1,,0.05405,0.028,189.0,115.9
2025-07-21T12:00:00+00:00,ibm,ibm_marrakesh,156,1,,0.05405,0.028,189.0,115.9
2025-07-21T12:00:00+00:00,ibm,ibm_fez,156,1,,0.0516,0.01819,149.6,103.2
2025-07-21T12:00:00+00:00,ibm,ibm_fez,156,1,,0.0516,0.01819,149.6,103.2
2025-07-21T12:00:00+00:00,ibm,ibm_kingston,156,1,,0.06008,0.01912,261.8,139.5
2025-07-21T12:00:00+00:00,ibm,ibm_kingston,156,1,,0.06008,0.01912,261.8,139.5
2025-07-22T00:00:00+00:00,ionq,qpu.aria-1,25,1,,0.0117,0.0053,100000000.0,1000000.0
2025-07-22T12:00:00+00:00,ibm,ibm_marrakesh,156,1,,0.05385,0.02659,192.3,100.6
2025-07-22T12:00:00+00:00,ibm,ibm_marrakesh,156,1,,0.05385,0.02659,192.3,100.6
2025-07-22T12:00:00+00:00,ibm,ibm_fez,156,1,,0.05146,0.01869,138.6,90.4
2025-07-22T12:00:00+00:00,ibm,ibm_fez,156,1,,0.05146,0.01869,138.6,90.4
2025-07-22T12:00:00+00:00,ibm,ibm_kingston,156,1,,0.05158,0.01884,260.8,134.9
2025-07-22T12:00:00+00:00,ibm,ibm_kingston,156,1,,0.05158,0.01884,260.8,134.9
2025-07-23T00:00:00+00:00,ionq,qpu.aria-1,25,1,,0.0226,0.0044,100000000.0,1000000.0
2025-07-23T12:00:00+00:00,ibm,ibm_marrakesh,156,1,,0.05398,0.02659,190.1,84.3
2025-07-23T12:00:00+00:00,ibm,ibm_marrakesh,156,1,,0.05398,0.02659,190.1,84.3
2025-07-23T12:00:00+00:00,ibm,ibm_fez,156,1,,0.05148,0.01821,145.1,94.1
2025-07-23T12:00:00+00:00,ibm,ibm_fez,156,1,,0.05148,0.01821,145.1,94.1
2025-07-23T12:00:00+00:00,ibm,ibm_kingston,156,1,,0.05152,0.01799,261.8,152.8
2025-07-23T12:00:00+00:00,ibm,ibm_kingston,156,1,,0.05152,0.01799,261.8,152.8
2025-07-24T00:00:00+00:00,ionq,qpu.forte-1,36,1,,0.1672,0.0126,100000000.0,1000000.0
2025-07-24T00:00:00+00:00,ionq,qpu.aria-1,25,1,,0.0116,0.0259,100000000.0,1000000.0
2025-07-24T12:00:00+00:00,ibm,ibm_marrakesh,156,1,,0.05366,0.02701,187.4,101.6
2025-07-24T12:00:00+00:00,ibm,ibm_marrakesh,156,1,,0.05366,0.02701,187.4,101.6
2025-07-24T12:00:00+00:00,ibm,ibm_fez,156,1,,0.05155,0.0189,144.4,97.3
2025-07-24T12:00:00+00:00,ibm,ibm_fez,156,1,,0.05155,0.0189,144.4,97.3
2025-07-24T12:00:00+00:00,ibm,ibm_kingston,156,1,,0.04857,0.01834,270.1,144.6
2025-07-24T12:00:00+00:00,ibm,ibm_kingston,156,1,,0.04857,0.01834,270.1,144.6
2025-07-25T00:00:00+00:00,ionq,qpu.aria-1,25,1,,0.0076,0.0087,100000000.0,1000000.0
2025-07-25T12:00:00+00:00,ibm,ibm_marrakesh,156,1,,0.05611,0.02471,187.4,101.6
2025-07-25T12:00:00+00:00,ibm,ibm_marrakesh,156,1,,0.05611,0.02471,187.4,101.6
2025-07-25T12:00:00+00:00,ibm,ibm_fez,156,1,,0.05155,0.0189,138.8,89.0
2025-07-25T12:00:00+00:00,ibm,ibm_fez,156,1,,0.05155,0.0189,138.8,89.0
2025-07-25T12:00:00+00:00,ibm,ibm_kingston,156,1,,0.0487,0.01807,266.2,146.2
2025-07-25T12:00:00+00:00,ibm,ibm_kingston,156,1,,0.0487,0.01807,266.2,146.2
2025-07-26T00:00:00+00:00,ionq,qpu.aria-1,25,1,,0.0175,0.0087,100000000.0,1000000.0
2025-07-26T12:00:00+00:00,ibm,ibm_marrakesh,156,1,,0.05694,0.02297,191.2,106.0
2025-07-26T12:00:00+00:00,ibm,ibm_marrakesh,156,1,,0.05694,0.02297,191.2,106.0
2025-07-26T12:00:00+00:00,ibm,ibm_fez,156,1,,0.03668,0.01891,138.8,89.0
2025-07-26T12:00:00+00:00,ibm,ibm_fez,156,1,,0.03668,0.01891,138.8,89.0
2025-07-26T12:00:00+00:00,ibm,ibm_kingston,156,1,,0.0487,0.0216,262.4,148.6
2025-07-26T12:00:00+00:00,ibm,ibm_kingston,156,1,,0.0487,0.0216,262.4,148.6
2025-07-27T00:00:00+00:00,ionq,qpu.aria-1,25,1,,0.0141,0.0101,100000000.0,1000000.0
2025-07-27T12:00:00+00:00,ibm,ibm_marrakesh,156,1,,0.05692,0.02422,205.5,121.7
2025-07-27T12:00:00+00:00,ibm,ibm_marrakesh,156,1,,0.05692,0.02422,205.5,121.7
2025-07-27T12:00:00+00:00,ibm,ibm_fez,156,1,,0.03676,0.01815,151.3,100.6
2025-07-27T12:00:00+00:00,ibm,ibm_fez,156,1,,0.03676,0.01815,151.3,100.6
2025-07-27T12:00:00+00:00,ibm,ibm_kingston,156,1,,0.04901,0.01836,271.8,152.4
2025-07-27T12:00:00+00:00,ibm,ibm_kingston,156,1,,0.04901,0.01836,271.8,152.4
2025-07-28T00:00:00+00:00,ionq,qpu.aria-1,25,1,,0.0129,0.0273,100000000.0,1000000.0
2025-07-28T12:00:00+00:00,ibm,ibm_marrakesh,156,1,,0.05642,0.02346,202.1,101.4
2025-07-28T12:00:00+00:00,ibm,ibm_marrakesh,156,1,,0.05642,0.02346,202.1,101.4
2025-07-28T12:00:00+00:00,ibm,ibm_fez,156,1,,0.03676,0.01938,153.0,105.6
2025-07-28T12:00:00+00:00,ibm,ibm_fez,156,1,,0.03676,0.01938,153.0,105.6
2025-07-28T12:00:00+00:00,ibm,ibm_kingston,156,1,,0.04908,0.01925,262.9,144.0
2025-07-28T12:00:00+00:00,ibm,ibm_kingston,156,1,,0.04908,0.01925,262.9,144.0
2025-07-29T00:00:00+00:00,ionq,qpu.forte-1,36,1,,0.0122,0.0142,100000000.0,1000000.0
2025-07-29T00:00:00+00:00,ionq,qpu.aria-1,25,1,,0.0134,0.0041,100000000.0,1000000.0
2025-07-29T12:00:00+00:00,ibm,ibm_marrakesh,156,1,,0.05851,0.02346,202.1,101.4
2025-07-29T12:00:00+00:00,ibm,ibm_marrakesh,156,1,,0.05851,0.02346,202.1,101.4
2025-07-29T12:00:00+00:00,ibm,ibm_fez,156,1,,0.03681,0.0185,147.5,102.3
2025-07-29T12:00:00+00:00,ibm,ibm_fez,156,1,,0.03681,0.0185,147.5,102.3
2025-07-29T12:00:00+00:00,ibm,ibm_kingston,156,1,,0.04943,0.01823,264.7,157.5
2025-07-29T12:00:00+00:00,ibm,ibm_kingston,156,1,,0.04943,0.01823,264.7,157.5
2025-07-30T00:00:00+00:00,ionq,qpu.aria-1,25,1,,0.0114,0.0037,100000000.0,1000000.0
2025-07-30T12:00:00+00:00,ibm,ibm_marrakesh,156,1,,0.05848,0.02344,198.6,116.5
2025-07-30T12:00:00+00:00,ibm,ibm_marrakesh,156,1,,0.05848,0.02344,198.6,116.5
2025-07-30T12:00:00+00:00,ibm,ibm_fez,156,1,,0.03674,0.01972,144.6,90.2
2025-07-30T12:00:00+00:00,ibm,ibm_fez,156,1,,0.03674,0.01972,144.6,90.2
2025-07-30T12:00:00+00:00,ibm,ibm_kingston,156,1,,0.04973,0.02138,264.0,145.7
2025-07-30T12:00:00+00:00,ibm,ibm_kingston,156,1,,0.04973,0.02138,264.0,145.7
2025-07-31T00:00:00+00:00,ionq,qpu.aria-1,25,1,,0.0114,0.0036,100000000.0,1000000.0
2025-07-31T12:00:00+00:00,ibm,ibm_marrakesh,156,1,,0.05841,0.02431,206.3,100.6
2025-07-31T12:00:00+00:00,ibm,ibm_marrakesh,156,1,,0.05841,0.02431,206.3,100.6
2025-07-31T12:00:00+00:00,ibm,ibm_fez,156,1,,0.0369,0.01917,154.5,101.2
2025-07-31T12:00:00+00:00,ibm,ibm_fez,156,1,,0.0369,0.01917,154.5,101.2
2025-07-31T12:00:00+00:00,ibm,ibm_kingston,156,1,,0.05014,0.0504,257.9,164.4
2025-07-31T12:00:00+00:00,ibm,ibm_kingston,156,1,,0.05014,0.0504,257.9,164.4
2025-08-01T00:00:00+00:00,ionq,qpu.aria-1,25,1,,0.018,0.0041,100000000.0,1000000.0
2025-08-01T12:00:00+00:00,ibm,ibm_marrakesh,156,1,,0.05848,0.02869,196.8,101.8
2025-08-01T12:00:00+00:00,ibm,ibm_marrakesh,156,1,,0.05848,0.02869,196.8,101.8
2025-08-01T12:00:00+00:00,ibm,ibm_fez,156,1,,0.0369,0.01917,154.5,101.2
2025-08-01T12:00:00+00:00,ibm,ibm_fez,156,1,,0.0369,0.01917,154.5,101.2
2025-08-01T12:00:00+00:00,ibm,ibm_kingston,156,1,,0.05014,0.0504,257.9,164.4
2025-08-01T12:00:00+00:00,ibm,ibm_kingston,156,1,,0.05014,0.0504,257.9,164.4
2025-08-02T00:00:00+00:00,ionq,qpu.aria-1,25,1,,0.0137,0.0067,100000000.0,1000000.0
2025-08-02T12:00:00+00:00,ibm,ibm_marrakesh,156,1,,0.06158,0.0293,182.5,100.1
2025-08-02T12:00:00+00:00,ibm,ibm_marrakesh,156,1,,0.06158,0.0293,182.5,100.1
2025-08-02T12:00:00+00:00,ibm,ibm_fez,156,1,,0.02576,0.01971,139.3,89.3
2025-08-02T12:00:00+00:00,ibm,ibm_fez,156,1,,0.02576,0.01971,139.3,89.3
2025-08-02T12:00:00+00:00,ibm,ibm_kingston,156,1,,0.04981,0.02233,264.3,164.8
2025-08-02T12:00:00+00:00,ibm,ibm_kingston,156,1,,0.04981,0.02233,264.3,164.8
2025-08-03T00:00:00+00:00,ionq,qpu.aria-1,25,1,,0.02,0.005,100000000.0,1000000.0
2025-08-03T12:00:00+00:00,ibm,ibm_marrakesh,156,1,,0.06134,0.02453,184.8,103.0
2025-08-03T12:00:00+00:00,ibm,ibm_marrakesh,156,1,,0.06134,0.02453,184.8,103.0
2025-08-03T12:00:00+00:00,ibm,ibm_fez,156,1,,0.02534,0.01916,142.5,97.5
2025-08-03T12:00:00+00:00,ibm,ibm_fez,156,1,,0.02534,0.01916,142.5,97.5
2025-08-03T12:00:00+00:00,ibm,ibm_kingston,156,1,,0.04985,0.0217,258.2,136.8
2025-08-03T12:00:00+00:00,ibm,ibm_kingston,156,1,,0.04985,0.0217,258.2,136.8
2025-08-04T00:00:00+00:00,ionq,qpu.aria-1,25,1,,0.0117,0.0045,100000000.0,1000000.0
2025-08-04T12:00:00+00:00,ibm,ibm_marrakesh,156,1,,0.05855,0.02623,193.1,110.7
2025-08-04T12:00:00+00:00,ibm,ibm_marrakesh,156,1,,0.05855,0.02623,193.1,110.7
2025-08-04T12:00:00+00:00,ibm,ibm_fez,156,1,,0.02534,0.01953,124.5,85.1
2025-08-04T12:00:00+00:00,ibm,ibm_fez,156,1,,0.02534,0.01953,124.5,85.1
2025-08-04T12:00:00+00:00,ibm,ibm_kingston,156,1,,0.04939,0.02011,280.8,146.6
2025-08-04T12:00:00+00:00,ibm,ibm_kingston,156,1,,0.04939,0.02011,280.8,146.6
2025-08-05T00:00:00+00:00,ionq,qpu.aria-1,25,1,,0.011,0.0055,100000000.0,1000000.0
2025-08-05T12:00:00+00:00,ibm,ibm_marrakesh,156,1,,0.06133,0.02292,183.8,88.5
2025-08-05T12:00:00+00:00,ibm,ibm_marrakesh,156,1,,0.06133,0.02292,183.8,88.5
2025-08-05T12:00:00+00:00,ibm,ibm_fez,156,1,,0.02534,0.01953,124.5,85.1
2025-08-05T12:00:00+00:00,ibm,ibm_fez,156,1,,0.02534,0.01953,124.5,85.1
2025-08-05T12:00:00+00:00,ibm,ibm_kingston,156,1,,0.04738,0.02067,268.3,147.9
2025-08-05T12:00:00+00:00,ibm,ibm_kingston,156,1,,0.04738,0.02067,268.3,147.9
2025-08-06T00:00:00+00:00,ionq,qpu.forte-1,36,1,,0.0874,0.0134,100000000.0,1000000.0
2025-08-06T00:00:00+00:00,ionq,qpu.aria-1,25,1,,0.0116,0.0052,100000000.0,1000000.0
2025-08-06T12:00:00+00:00,ibm,ibm_marrakesh,156,1,,0.06133,0.02292,183.8,88.5
2025-08-06T12:00:00+00:00,ibm,ibm_marrakesh,156,1,,0.06133,0.02292,183.8,88.5
2025-08-06T12:00:00+00:00,ibm,ibm_fez,156,1,,0.02506,0.01659,145.9,105.4
2025-08-06T12:00:00+00:00,ibm,ibm_fez,156,1,,0.02506,0.01659,145.9,105.4
2025-08-06T12:00:00+00:00,ibm,ibm_kingston,156,1,,0.04722,0.02057,279.9,150.6
2025-08-06T12:00:00+00:00,ibm,ibm_kingston,156,1,,0.04722,0.02057,279.9,150.6
2025-08-07T00:00:00+00:00,ionq,qpu.forte-1,36,1,,0.197,0.0061,100000000.0,1000000.0
2025-08-07T00:00:00+00:00,ionq,qpu.aria-1,25,1,,0.012,0.0041,100000000.0,1000000.0
2025-08-07T12:00:00+00:00,ibm,ibm_marrakesh,156,1,,0.06133,0.02529,181.7,97.5
2025-08-07T12:00:00+00:00,ibm,ibm_marrakesh,156,1,,0.06133,0.02529,181.7,97.5
2025-08-07T12:00:00+00:00,ibm,ibm_fez,156,1,,0.02506,0.01659,124.7,92.2
2025-08-07T12:00:00+00:00,ibm,ibm_fez,156,1,,0.02506,0.01659,124.7,92.2
2025-08-07T12:00:00+00:00,ibm,ibm_kingston,156,1,,0.04941,0.02052,225.4,128.9
2025-08-07T12:00:00+00:00,ibm,ibm_kingston,156,1,,0.04941,0.02052,225.4,128.9
2025-08-08T00:00:00+00:00,ionq,qpu.forte-1,36,1,,0.0271,0.0061,100000000.0,1000000.0
2025-08-08T00:00:00+00:00,ionq,qpu.aria-1,25,1,,0.0118,0.0041,100000000.0,1000000.0
2025-08-08T12:00:00+00:00,ibm,ibm_marrakesh,156,1,,0.06133,0.02529,191.1,114.1
2025-08-08T12:00:00+00:00,ibm,ibm_marrakesh,156,1,,0.06133,0.02529,191.1,114.1
2025-08-08T12:00:00+00:00,ibm,ibm_fez,156,1,,0.02523,0.01835,148.4,103.8
2025-08-08T12:00:00+00:00,ibm,ibm_fez,156,1,,0.02523,0.01835,148.4,103.8
2025-08-08T12:00:00+00:00,ibm,ibm_kingston,156,1,,0.04909,0.01987,232.7,133.5
2025-08-08T12:00:00+00:00,ibm,ibm_kingston,156,1,,0.04909,0.01987,232.7,133.5
2025-08-09T00:00:00+00:00,ionq,qpu.forte-1,36,1,,0.0605,0.0061,100000000.0,1000000.0
2025-08-09T00:00:00+00:00,ionq,qpu.aria-1,25,1,,0.023,0.004,100000000.0,1000000.0
2025-08-09T12:00:00+00:00,ibm,ibm_marrakesh,156,1,,0.05619,0.02545,191.1,114.1
2025-08-09T12:00:00+00:00,ibm,ibm_marrakesh,156,1,,0.05619,0.02545,191.1,114.1
2025-08-09T12:00:00+00:00,ibm,ibm_fez,156,1,,0.02458,0.01856,148.4,103.8
2025-08-09T12:00:00+00:00,ibm,ibm_fez,156,1,,0.02458,0.01856,148.4,103.8
2025-08-09T12:00:00+00:00,ibm,ibm_kingston,156,1,,0.04911,0.01994,262.9,138.7
2025-08-09T12:00:00+00:00,ibm,ibm_kingston,156,1,,0.04911,0.01994,262.9,138.7
2025-08-10T00:00:00+00:00,ionq,qpu.forte-1,36,1,,0.0845,0.0061,100000000.0,1000000.0
2025-08-10T00:00:00+00:00,ionq,qpu.aria-1,25,1,,0.0134,0.0037,100000000.0,1000000.0
2025-08-10T12:00:00+00:00,ibm,ibm_marrakesh,156,1,,0.05616,0.02502,201.2,121.0
2025-08-10T12:00:00+00:00,ibm,ibm_marrakesh,156,1,,0.05616,0.02502,201.2,121.0
2025-08-10T12:00:00+00:00,ibm,ibm_fez,156,1,,0.02471,0.01892,155.0,115.1
2025-08-10T12:00:00+00:00,ibm,ibm_fez,156,1,,0.02471,0.01892,155.0,115.1
2025-08-10T12:00:00+00:00,ibm,ibm_kingston,156,1,,0.04946,0.02112,266.4,150.3
2025-08-10T12:00:00+00:00,ibm,ibm_kingston,156,1,,0.04946,0.02112,266.4,150.3
2025-08-11T00:00:00+00:00,ionq,qpu.forte-1,36,1,,0.0568,0.0092,100000000.0,1000000.0
2025-08-11T00:00:00+00:00,ionq,qpu.aria-1,25,1,,0.0191,0.0044,100000000.0,1000000.0
2025-08-11T12:00:00+00:00,ibm,ibm_marrakesh,156,1,,0.05731,0.03074,185.5,93.4
2025-08-11T12:00:00+00:00,ibm,ibm_marrakesh,156,1,,0.05731,0.03074,185.5,93.4
2025-08-11T12:00:00+00:00,ibm,ibm_fez,156,1,,0.02459,0.01829,149.7,104.7
2025-08-11T12:00:00+00:00,ibm,ibm_fez,156,1,,0.02459,0.01829,149.7,104.7
2025-08-11T12:00:00+00:00,ibm,ibm_kingston,156,1,,0.0493,0.02047,262.5,153.3
2025-08-11T12:00:00+00:00,ibm,ibm_kingston,156,1,,0.0493,0.02047,262.5,153.3
2025-08-12T00:00:00+00:00,ionq,qpu.forte-1,36,1,,0.0115,0.0067,100000000.0,1000000.0
2025-08-12T00:00:00+00:00,ionq,qpu.aria-1,25,1,,0.0125,0.0042,100000000.0,1000000.0
2025-08-12T12:00:00+00:00,ibm,ibm_marrakesh,156,1,,0.05731,0.03074,196.5,110.0
2025-08-12T12:00:00+00:00,ibm,ibm_marrakesh,156,1,,0.05731,0.03074,196.5,110.0
2025-08-12T12:00:00+00:00,ibm,ibm_fez,156,1,,0.02456,0.01848,142.4,98.1
2025-08-12T12:00:00+00:00,ibm,ibm_fez,156,1,,0.02456,0.01848,142.4,98.1
2025-08-12T12:00:00+00:00,ibm,ibm_kingston,156,1,,0.06053,0.02176,276.5,160.2
2025-08-12T12:00:00+00:00,ibm,ibm_kingston,156,1,,0.06053,0.02176,276.5,160.2
2025-08-13T00:00:00+00:00,ionq,qpu.forte-1,36,1,,0.012,0.0063,100000000.0,1000000.0
2025-08-13T00:00:00+00:00,ionq,qpu.aria-1,25,1,,0.0269,0.0066,100000000.0,1000000.0
2025-08-13T12:00:00+00:00,ibm,ibm_marrakesh,156,1,,0.05773,0.02754,187.1,98.7
2025-08-13T12:00:00+00:00,ibm,ibm_marrakesh,156,1,,0.05773,0.02754,187.1,98.7
2025-08-13T12:00:00+00:00,ibm,ibm_fez,156,1,,0.02468,0.01812,151.1,107.5
2025-08-13T12:00:00+00:00,ibm,ibm_fez,156,1,,0.02468,0.01812,151.1,107.5
2025-08-13T12:00:00+00:00,ibm,ibm_kingston,156,1,,0.0604,0.01939,278.5,157.3
2025-08-13T12:00:00+00:00,ibm,ibm_kingston,156,1,,0.0604,0.01939,278.5,157.3
2025-08-14T00:00:00+00:00,ionq,qpu.forte-1,36,1,,0.0084,0.0083,100000000.0,1000000.0
2025-08-14T00:00:00+00:00,ionq,qpu.aria-1,25,1,,0.0201,0.0049,100000000.0,1000000.0
2025-08-14T12:00:00+00:00,ibm,ibm_marrakesh,156,1,,0.05755,0.02979,187.1,98.7
2025-08-14T12:00:00+00:00,ibm,ibm_marrakesh,156,1,,0.05755,0.02979,187.1,98.7
2025-08-14T12:00:00+00:00,ibm,ibm_fez,156,1,,0.02464,0.01958,139.9,113.3
2025-08-14T12:00:00+00:00,ibm,ibm_fez,156,1,,0.02464,0.01958,139.9,113.3
2025-08-14T12:00:00+00:00,ibm,ibm_kingston,156,1,,0.06143,0.01939,257.7,158.2
2025-08-14T12:00:00+00:00,ibm,ibm_kingston,156,1,,0.06143,0.01939,257.7,158.2
2025-08-15T00:00:00+00:00,ionq,qpu.forte-1,36,1,,0.0177,0.0124,100000000.0,1000000.0
2025-08-15T00:00:00+00:00,ionq,qpu.aria-1,25,1,,0.0173,0.0044,100000000.0,1000000.0
2025-08-15T12:00:00+00:00,ibm,ibm_marrakesh,156,1,,0.05738,0.02842,201.4,95.4
2025-08-15T12:00:00+00:00,ibm,ibm_marrakesh,156,1,,0.05738,0.02842,201.4,95.4
2025-08-15T12:00:00+00:00,ibm,ibm_fez,156,1,,0.02454,0.01879,151.9,107.2
2025-08-15T12:00:00+00:00,ibm,ibm_fez,156,1,,0.02454,0.01879,151.9,107.2
2025-08-15T12:00:00+00:00,ibm,ibm_kingston,156,1,,0.06164,0.02154,262.6,163.1
2025-08-15T12:00:00+00:00,ibm,ibm_kingston,156,1,,0.06164,0.02154,262.6,163.1
2025-08-16T00:00:00+00:00,ionq,qpu.forte-1,36,1,,0.0098,0.0067,100000000.0,1000000.0
2025-08-16T00:00:00+00:00,ionq,qpu.aria-1,25,1,,0.0288,0.0044,100000000.0,1000000.0
2025-08-16T12:00:00+00:00,ibm,ibm_marrakesh,156,1,,0.05453,0.02919,188.4,109.1
2025-08-16T12:00:00+00:00,ibm,ibm_marrakesh,156,1,,0.05453,0.02919,188.4,109.1
2025-08-16T12:00:00+00:00,ibm,ibm_fez,156,1,,0.02941,0.01874,149.1,110.9
2025-08-16T12:00:00+00:00,ibm,ibm_fez,156,1,,0.02941,0.01874,149.1,110.9
2025-08-16T12:00:00+00:00,ibm,ibm_kingston,156,1,,0.05665,0.02169,268.4,161.4
2025-08-16T12:00:00+00:00,ibm,ibm_kingston,156,1,,0.05665,0.02169,268.4,161.4
2025-08-17T00:00:00+00:00,ionq,qpu.forte-1,36,1,,0.0086,0.0081,100000000.0,1000000.0
2025-08-17T00:00:00+00:00,ionq,qpu.aria-1,25,1,,0.0228,0.005,100000000.0,1000000.0
2025-08-17T00:00:00+00:00,ionq,qpu.forte-enterprise-1,36,1,,0.0075,0.0222,188000000.0,950000.0
2025-08-17T12:00:00+00:00,ibm,ibm_marrakesh,156,1,,0.05453,0.02712,185.5,95.9
2025-08-17T12:00:00+00:00,ibm,ibm_marrakesh,156,1,,0.05453,0.02712,185.5,95.9
2025-08-17T12:00:00+00:00,ibm,ibm_fez,156,1,,0.02941,0.01874,149.1,110.9
2025-08-17T12:00:00+00:00,ibm,ibm_fez,156,1,,0.02941,0.01874,149.1,110.9
2025-08-17T12:00:00+00:00,ibm,ibm_kingston,156,1,,0.05668,0.02234,282.3,165.7
2025-08-18T00:00:00+00:00,ionq,qpu.forte-1,36,1,,0.0099,0.0067,100000000.0,1000000.0
2025-08-18T00:00:00+00:00,ionq,qpu.aria-1,25,1,,0.0345,0.0053,100000000.0,1000000.0
2025-08-18T00:00:00+00:00,ionq,qpu.forte-enterprise-1,36,1,,0.008,0.0136,188000000.0,950000.0
2025-08-18T12:00:00+00:00,ibm,ibm_marrakesh,156,1,,0.05754,0.02675,185.5,95.9
2025-08-18T12:00:00+00:00,ibm,ibm_fez,156,1,,0.02941,0.01874,149.1,110.9
2025-08-18T12:00:00+00:00,ibm,ibm_kingston,156,1,,0.05646,0.0205,280.1,152.7
2025-08-19T00:00:00+00:00,ionq,qpu.forte-1,36,1,,0.0128,0.0053,100000000.0,1000000.0
2025-08-19T00:00:00+00:00,ionq,qpu.aria-1,25,1,,0.0177,0.0052,100000000.0,1000000.0
2025-08-19T00:00:00+00:00,ionq,qpu.forte-enterprise-1,36,1,,0.0066,0.0059,188000000.0,950000.0
2025-08-19T12:00:00+00:00,ibm,ibm_marrakesh,156,1,,0.06028,0.02357,192.5,105.1
2025-08-19T12:00:00+00:00,ibm,ibm_marrakesh,156,1,,0.06028,0.02357,192.5,105.1
2025-08-19T12:00:00+00:00,ibm,ibm_fez,156,1,,0.02954,0.0187,149.1,110.9
2025-08-19T12:00:00+00:00,ibm,ibm_fez,156,1,,0.02954,0.0187,149.1,110.9
2025-08-19T12:00:00+00:00,ibm,ibm_kingston,156,1,,0.05112,0.02262,266.5,164.1
2025-08-19T12:00:00+00:00,ibm,ibm_kingston,156,1,,0.05112,0.02262,266.5,164.1
2025-08-20T00:00:00+00:00,ionq,qpu.forte-1,36,1,,0.0134,0.0076,100000000.0,1000000.0
2025-08-20T00:00:00+00:00,ionq,qpu.aria-1,25,1,,0.0154,0.0052,100000000.0,1000000.0
2025-08-20T00:00:00+00:00,ionq,qpu.forte-enterprise-1,36,1,,0.0082,0.0061,188000000.0,950000.0
2025-08-20T12:00:00+00:00,ibm,ibm_marrakesh,156,1,,0.0608,0.02858,195.2,107.8
2025-08-20T12:00:00+00:00,ibm,ibm_fez,156,1,,0.02955,0.01918,146.9,108.7
2025-08-20T12:00:00+00:00,ibm,ibm_fez,156,1,,0.02955,0.01918,146.9,108.7
2025-08-20T12:00:00+00:00,ibm,ibm_kingston,156,1,,0.05093,0.02194,266.3,155.9
2025-08-20T12:00:00+00:00,ibm,ibm_kingston,156,1,,0.05093,0.02194,266.3,155.9
2025-08-21T00:00:00+00:00,ionq,qpu.forte-1,36,1,,0.0056,0.0054,100000000.0,1000000.0
2025-08-21T00:00:00+00:00,ionq,qpu.aria-1,25,1,,0.0184,0.0039,100000000.0,1000000.0
2025-08-21T00:00:00+00:00,ionq,qpu.forte-enterprise-1,36,1,,0.006,0.006,188000000.0,950000.0
2025-08-21T12:00:00+00:00,ibm,ibm_marrakesh,156,1,,0.06073,0.02492,194.5,121.6
2025-08-21T12:00:00+00:00,ibm,ibm_marrakesh,156,1,,0.06073,0.02492,194.5,121.6
2025-08-21T12:00:00+00:00,ibm,ibm_fez,156,1,,0.01558,0.02012,146.9,108.7
2025-08-21T12:00:00+00:00,ibm,ibm_fez,156,1,,0.01558,0.02012,146.9,108.7
2025-08-21T12:00:00+00:00,ibm,ibm_kingston,156,1,,0.04791,0.02284,266.3,155.9
2025-08-22T00:00:00+00:00,ionq,qpu.forte-1,36,1,,0.007,0.0076,100000000.0,1000000.0
2025-08-22T00:00:00+00:00,ionq,qpu.aria-1,25,1,,0.0146,0.0039,100000000.0,1000000.0
2025-08-22T00:00:00+00:00,ionq,qpu.forte-enterprise-1,36,1,,0.0058,0.006,188000000.0,950000.0
2025-08-22T12:00:00+00:00,ibm,ibm_marrakesh,156,1,,0.06073,0.02492,194.5,121.6
2025-08-22T12:00:00+00:00,ibm,ibm_marrakesh,156,1,,0.06073,0.02492,194.5,121.6
2025-08-22T12:00:00+00:00,ibm,ibm_fez,156,1,,0.01558,0.02012,146.9,108.7
2025-08-22T12:00:00+00:00,ibm,ibm_fez,156,1,,0.01558,0.02012,146.9,108.7
2025-08-22T12:00:00+00:00,ibm,ibm_kingston,156,1,,0.04791,0.02284,266.3,155.9
2025-08-23T00:00:00+00:00,ionq,qpu.forte-1,36,1,,0.0079,0.0056,100000000.0,1000000.0
2025-08-23T00:00:00+00:00,ionq,qpu.aria-1,25,1,,0.0186,0.004,100000000.0,1000000.0
2025-08-23T00:00:00+00:00,ionq,qpu.forte-enterprise-1,36,1,,0.0078,0.006,188000000.0,950000.0
2025-08-23T12:00:00+00:00,ibm,ibm_marrakesh,156,1,,0.06281,0.02233,170.7,108.0
2025-08-23T12:00:00+00:00,ibm,ibm_fez,156,1,,0.01934,0.01941,122.2,93.0
2025-08-23T12:00:00+00:00,ibm,ibm_fez,156,1,,0.01934,0.01941,122.2,93.0
2025-08-23T12:00:00+00:00,ibm,ibm_kingston,156,1,,0.05407,0.02336,228.4,123.1
2025-08-24T00:00:00+00:00,ionq,qpu.forte-1,36,1,,0.0151,0.0054,100000000.0,1000000.0
2025-08-24T00:00:00+00:00,ionq,qpu.aria-1,25,1,,0.0164,0.0038,100000000.0,1000000.0
2025-08-24T00:00:00+00:00,ionq,qpu.forte-enterprise-1,36,1,,0.0085,0.0061,188000000.0,950000.0
2025-08-24T12:00:00+00:00,ibm,ibm_marrakesh,156,1,,0.0593,0.02573,172.8,98.8
2025-08-24T12:00:00+00:00,ibm,ibm_marrakesh,156,1,,0.0593,0.02573,172.8,98.8
2025-08-24T12:00:00+00:00,ibm,ibm_fez,156,1,,0.01931,0.01904,147.2,105.9
2025-08-24T12:00:00+00:00,ibm,ibm_kingston,156,1,,0.05382,0.02197,269.6,132.7
2025-08-25T00:00:00+00:00,ionq,qpu.forte-1,36,1,,0.012,0.0091,100000000.0,1000000.0
2025-08-25T00:00:00+00:00,ionq,qpu.aria-1,25,1,,0.0181,0.0041,100000000.0,1000000.0
2025-08-25T00:00:00+00:00,ionq,qpu.forte-enterprise-1,36,1,,0.0093,0.0066,188000000.0,950000.0
2025-08-25T12:00:00+00:00,ibm,ibm_marrakesh,156,1,,0.06027,0.02496,198.2,112.7
2025-08-25T12:00:00+00:00,ibm,ibm_marrakesh,156,1,,0.06027,0.02496,198.2,112.7
2025-08-25T12:00:00+00:00,ibm,ibm_fez,156,1,,0.01961,0.01873,144.1,108.5
2025-08-25T12:00:00+00:00,ibm,ibm_fez,156,1,,0.01961,0.01873,144.1,108.5
2025-08-25T12:00:00+00:00,ibm,ibm_kingston,156,1,,0.05114,0.02233,258.2,131.8
2025-08-25T12:00:00+00:00,ibm,ibm_kingston,156,1,,0.05114,0.02233,258.2,131.8
2025-08-26T00:00:00+00:00,ionq,qpu.forte-1,36,1,,0.0184,0.006,100000000.0,1000000.0
2025-08-26T00:00:00+00:00,ionq,qpu.aria-1,25,1,,0.0142,0.0039,100000000.0,1000000.0
2025-08-26T00:00:00+00:00,ionq,qpu.forte-enterprise-1,36,1,,0.0114,0.0064,188000000.0,950000.0
2025-08-26T12:00:00+00:00,ibm,ibm_marrakesh,156,1,,0.05963,0.02691,198.5,111.1
2025-08-26T12:00:00+00:00,ibm,ibm_fez,156,1,,0.01953,0.01905,145.3,110.2
2025-08-26T12:00:00+00:00,ibm,ibm_fez,156,1,,0.01953,0.01905,145.3,110.2
2025-08-26T12:00:00+00:00,ibm,ibm_kingston,156,1,,0.04602,0.02277,259.5,125.7
2025-08-26T12:00:00+00:00,ibm,ibm_kingston,156,1,,0.04602,0.02277,259.5,125.7
2025-08-27T00:00:00+00:00,ionq,qpu.forte-1,36,1,,0.0139,0.0064,100000000.0,1000000.0
2025-08-27T00:00:00+00:00,ionq,qpu.aria-1,25,1,,0.0139,0.0044,100000000.0,1000000.0
2025-08-27T00:00:00+00:00,ionq,qpu.forte-enterprise-1,36,1,,0.0074,0.0067,188000000.0,950000.0
2025-08-27T12:00:00+00:00,ibm,ibm_marrakesh,156,1,,0.03936,0.02528,186.3,109.0
2025-08-27T12:00:00+00:00,ibm,ibm_marrakesh,156,1,,0.03936,0.02528,186.3,109.0
2025-08-27T12:00:00+00:00,ibm,ibm_fez,156,1,,0.0191,0.01879,138.9,107.0
2025-08-27T12:00:00+00:00,ibm,ibm_fez,156,1,,0.0191,0.01879,138.9,107.0
2025-08-27T12:00:00+00:00,ibm,ibm_kingston,156,1,,0.05132,0.021,259.5,125.7
2025-08-28T00:00:00+00:00,ionq,qpu.forte-1,36,1,,0.0053,0.0072,100000000.0,1000000.0
2025-08-28T00:00:00+00:00,ionq,qpu.aria-1,25,1,,0.0209,0.0042,100000000.0,1000000.0
2025-08-28T00:00:00+00:00,ionq,qpu.forte-enterprise-1,36,1,,0.0102,0.0066,188000000.0,950000.0
2025-08-28T12:00:00+00:00,ibm,ibm_marrakesh,156,1,,0.03908,0.02688,189.3,106.9
2025-08-28T12:00:00+00:00,ibm,ibm_marrakesh,156,1,,0.03908,0.02688,189.3,106.9
2025-08-28T12:00:00+00:00,ibm,ibm_fez,156,1,,0.01924,0.01792,152.1,113.0
2025-08-28T12:00:00+00:00,ibm,ibm_fez,156,1,,0.01924,0.01792,152.1,113.0
2025-08-28T12:00:00+00:00,ibm,ibm_kingston,156,1,,0.05688,0.02216,226.0,116.0
2025-08-28T12:00:00+00:00,ibm,ibm_kingston,156,1,,0.05688,0.02216,226.0,116.0
2025-08-29T00:00:00+00:00,ionq,qpu.forte-1,36,1,,0.0123,0.0073,100000000.0,1000000.0
2025-08-29T00:00:00+00:00,ionq,qpu.aria-1,25,1,,0.0172,0.0041,100000000.0,1000000.0
2025-08-29T00:00:00+00:00,ionq,qpu.forte-enterprise-1,36,1,,0.0075,0.0067,188000000.0,950000.0
2025-08-29T12:00:00+00:00,ibm,ibm_marrakesh,156,1,,0.03906,0.02533,197.9,103.1
2025-08-29T12:00:00+00:00,ibm,ibm_marrakesh,156,1,,0.03906,0.02533,197.9,103.1
2025-08-29T12:00:00+00:00,ibm,ibm_fez,156,1,,0.01932,0.01913,154.5,110.4
2025-08-29T12:00:00+00:00,ibm,ibm_fez,156,1,,0.01932,0.01913,154.5,110.4
2025-08-29T12:00:00+00:00,ibm,ibm_kingston,156,1,,0.05097,0.01961,258.1,148.6
2025-08-29T12:00:00+00:00,ibm,ibm_kingston,156,1,,0.05097,0.01961,258.1,148.6
2025-08-30T00:00:00+00:00,ionq,qpu.forte-1,36,1,,0.0271,0.0062,100000000.0,1000000.0
2025-08-30T00:00:00+00:00,ionq,qpu.aria-1,25,1,,0.0146,0.0043,100000000.0,1000000.0
2025-08-30T00:00:00+00:00,ionq,qpu.forte-enterprise-1,36,1,,0.015,0.007,188000000.0,950000.0
2025-08-30T12:00:00+00:00,ibm,ibm_marrakesh,156,1,,0.03894,0.02595,193.9,112.1
2025-08-30T12:00:00+00:00,ibm,ibm_marrakesh,156,1,,0.03894,0.02595,193.9,112.1
2025-08-30T12:00:00+00:00,ibm,ibm_fez,156,1,,0.01888,0.01883,150.4,107.6
2025-08-30T12:00:00+00:00,ibm,ibm_fez,156,1,,0.01888,0.01883,150.4,107.6
2025-08-30T12:00:00+00:00,ibm,ibm_kingston,156,1,,0.05338,0.01844,268.3,137.0
2025-08-30T12:00:00+00:00,ibm,ibm_kingston,156,1,,0.05338,0.01844,268.3,137.0
2025-08-31T00:00:00+00:00,ionq,qpu.forte-1,36,1,,0.0239,0.0065,100000000.0,1000000.0
2025-08-31T00:00:00+00:00,ionq,qpu.aria-1,25,1,,0.0196,0.0048,100000000.0,1000000.0
2025-08-31T00:00:00+00:00,ionq,qpu.forte-enterprise-1,36,1,,0.0133,0.0063,188000000.0,950000.0
2025-08-31T12:00:00+00:00,ibm,ibm_marrakesh,156,1,,0.03891,0.02874,182.7,108.5
2025-08-31T12:00:00+00:00,ibm,ibm_marrakesh,156,1,,0.03891,0.02874,182.7,108.5
2025-08-31T12:00:00+00:00,ibm,ibm_fez,156,1,,0.01896,0.01849,142.6,110.6
2025-08-31T12:00:00+00:00,ibm,ibm_fez,156,1,,0.01896,0.01849,142.6,110.6
2025-08-31T12:00:00+00:00,ibm,ibm_kingston,156,1,,0.05337,0.01896,281.4,140.3
2025-08-31T12:00:00+00:00,ibm,ibm_kingston,156,1,,0.05337,0.01896,281.4,140.3
2025-09-01T00:00:00+00:00,ionq,qpu.forte-1,36,1,,0.1404,0.0059,100000000.0,1000000.0
2025-09-01T00:00:00+00:00,ionq,qpu.aria-1,25,1,,0.0168,0.0047,100000000.0,1000000.0
2025-09-01T00:00:00+00:00,ionq,qpu.forte-enterprise-1,36,1,,0.0148,0.0065,188000000.0,950000.0
2025-09-01T12:00:00+00:00,ibm,ibm_marrakesh,156,1,,0.03891,0.02593,182.7,108.5
2025-09-01T12:00:00+00:00,ibm,ibm_marrakesh,156,1,,0.03891,0.02593,182.7,108.5
2025-09-01T12:00:00+00:00,ibm,ibm_fez,156,1,,0.0189,0.0192,155.4,110.5
2025-09-01T12:00:00+00:00,ibm,ibm_fez,156,1,,0.0189,0.0192,155.4,110.5
2025-09-01T12:00:00+00:00,ibm,ibm_kingston,156,1,,0.05066,0.01928,273.0,136.0
2025-09-01T12:00:00+00:00,ibm,ibm_kingston,156,1,,0.05066,0.01928,273.0,136.0
2025-09-02T00:00:00+00:00,ionq,qpu.aria-1,25,1,,0.0223,0.0053,100000000.0,1000000.0
2025-09-02T00:00:00+00:00,ionq,qpu.forte-enterprise-1,36,1,,0.0161,0.0066,188000000.0,950000.0
2025-09-02T12:00:00+00:00,ibm,ibm_marrakesh,156,1,,0.03946,0.02671,195.7,106.8
2025-09-02T12:00:00+00:00,ibm,ibm_marrakesh,156,1,,0.03946,0.02671,195.7,106.8
2025-09-02T12:00:00+00:00,ibm,ibm_fez,156,1,,0.0189,0.02012,155.4,110.5
2025-09-02T12:00:00+00:00,ibm,ibm_fez,156,1,,0.0189,0.02012,155.4,110.5
2025-09-02T12:00:00+00:00,ibm,ibm_kingston,156,1,,0.05325,0.02016,272.1,144.5
2025-09-02T12:00:00+00:00,ibm,ibm_kingston,156,1,,0.05325,0.02016,272.1,144.5
2025-09-03T00:00:00+00:00,ionq,qpu.forte-enterprise-1,36,1,,0.0136,0.0072,188000000.0,950000.0
2025-09-03T12:00:00+00:00,ibm,ibm_marrakesh,156,1,,0.03977,0.0265,196.5,112.4
2025-09-03T12:00:00+00:00,ibm,ibm_marrakesh,156,1,,0.03977,0.0265,196.5,112.4
2025-09-03T12:00:00+00:00,ibm,ibm_fez,156,1,,0.01884,0.0186,129.3,93.9
2025-09-03T12:00:00+00:00,ibm,ibm_kingston,156,1,,0.05318,0.0204,272.1,144.5
2025-09-03T12:00:00+00:00,ibm,ibm_kingston,156,1,,0.05318,0.0204,272.1,144.5
2025-09-04T00:00:00+00:00,ionq,qpu.forte-enterprise-1,36,1,,0.0109,0.0075,188000000.0,950000.0
2025-09-04T12:00:00+00:00,ibm,ibm_marrakesh,156,1,,0.03885,0.02791,195.6,116.0
2025-09-04T12:00:00+00:00,ibm,ibm_marrakesh,156,1,,0.03885,0.02791,195.6,116.0
2025-09-04T12:00:00+00:00,ibm,ibm_fez,156,1,,0.01896,0.01879,143.6,104.0
2025-09-04T12:00:00+00:00,ibm,ibm_fez,156,1,,0.01896,0.01879,143.6,104.0
2025-09-04T12:00:00+00:00,ibm,ibm_kingston,156,1,,0.06443,0.01899,259.0,126.2
2025-09-04T12:00:00+00:00,ibm,ibm_kingston,156,1,,0.06443,0.01899,259.0,126.2
2025-09-05T00:00:00+00:00,ionq,qpu.forte-1,36,1,,0.0074,0.0051,100000000.0,1000000.0
2025-09-05T00:00:00+00:00,ionq,qpu.forte-enterprise-1,36,1,,0.0163,0.0072,188000000.0,950000.0
2025-09-05T12:00:00+00:00,ibm,ibm_marrakesh,156,1,,0.03885,0.02791,195.6,116.0
2025-09-05T12:00:00+00:00,ibm,ibm_marrakesh,156,1,,0.03885,0.02791,195.6,116.0
2025-09-05T12:00:00+00:00,ibm,ibm_fez,156,1,,0.01902,0.01829,147.3,103.6
2025-09-05T12:00:00+00:00,ibm,ibm_fez,156,1,,0.01902,0.01829,147.3,103.6
2025-09-05T12:00:00+00:00,ibm,ibm_kingston,156,1,,0.06441,0.0208,254.5,111.4
2025-09-06T00:00:00+00:00,ionq,qpu.forte-1,36,1,,0.0074,0.0047,100000000.0,1000000.0
2025-09-06T00:00:00+00:00,ionq,qpu.forte-enterprise-1,36,1,,0.0089,0.0071,188000000.0,950000.0
2025-09-06T12:00:00+00:00,ibm,ibm_marrakesh,156,1,,0.03903,0.02612,192.2,100.0
2025-09-06T12:00:00+00:00,ibm,ibm_marrakesh,156,1,,0.03903,0.02612,192.2,100.0
2025-09-06T12:00:00+00:00,ibm,ibm_fez,156,1,,0.01903,0.019,140.8,105.2
2025-09-06T12:00:00+00:00,ibm,ibm_fez,156,1,,0.01903,0.019,140.8,105.2
2025-09-06T12:00:00+00:00,ibm,ibm_kingston,156,1,,0.06457,0.01903,262.6,109.8
2025-09-06T12:00:00+00:00,ibm,ibm_kingston,156,1,,0.06457,0.01903,262.6,109.8
2025-09-07T00:00:00+00:00,ionq,qpu.forte-1,36,1,,0.0342,0.005,100000000.0,1000000.0
2025-09-07T00:00:00+00:00,ionq,qpu.forte-enterprise-1,36,1,,0.0118,0.008,188000000.0,950000.0
2025-09-07T12:00:00+00:00,ibm,ibm_marrakesh,156,1,,0.03903,0.02612,192.2,100.0
2025-09-07T12:00:00+00:00,ibm,ibm_marrakesh,156,1,,0.03903,0.02612,192.2,100.0
2025-09-07T12:00:00+00:00,ibm,ibm_fez,156,1,,0.01912,0.0193,144.0,109.3
2025-09-07T12:00:00+00:00,ibm,ibm_fez,156,1,,0.01912,0.0193,144.0,109.3
2025-09-07T12:00:00+00:00,ibm,ibm_kingston,156,1,,0.06497,0.01902,258.0,117.6
2025-09-07T12:00:00+00:00,ibm,ibm_kingston,156,1,,0.06497,0.01902,258.0,117.6
2025-09-08T00:00:00+00:00,ionq,qpu.forte-1,36,1,,0.0239,0.0053,100000000.0,1000000.0
2025-09-08T00:00:00+00:00,ionq,qpu.forte-enterprise-1,36,1,,0.0066,0.009,188000000.0,950000.0
2025-09-08T12:00:00+00:00,ibm,ibm_marrakesh,156,1,,0.03903,0.02612,192.2,100.0
2025-09-08T12:00:00+00:00,ibm,ibm_marrakesh,156,1,,0.03903,0.02612,192.2,100.0
2025-09-08T12:00:00+00:00,ibm,ibm_fez,156,1,,0.01906,0.0191,141.2,99.3
2025-09-08T12:00:00+00:00,ibm,ibm_fez,156,1,,0.01906,0.0191,141.2,99.3
2025-09-08T12:00:00+00:00,ibm,ibm_kingston,156,1,,0.06471,0.0205,260.7,121.4
2025-09-08T12:00:00+00:00,ibm,ibm_kingston,156,1,,0.06471,0.0205,260.7,121.4
2025-09-09T00:00:00+00:00,ionq,qpu.forte-1,36,1,,0.026,0.0054,100000000.0,1000000.0
2025-09-09T12:00:00+00:00,ibm,ibm_marrakesh,156,1,,0.04276,0.02582,192.2,100.0
2025-09-09T12:00:00+00:00,ibm,ibm_marrakesh,156,1,,0.04276,0.02582,192.2,100.0
2025-09-09T12:00:00+00:00,ibm,ibm_fez,156,1,,0.01921,0.01861,138.5,101.6
2025-09-09T12:00:00+00:00,ibm,ibm_fez,156,1,,0.01921,0.01861,138.5,101.6
2025-09-09T12:00:00+00:00,ibm,ibm_kingston,156,1,,0.07673,0.01963,260.5,130.8
2025-09-09T12:00:00+00:00,ibm,ibm_kingston,156,1,,0.07673,0.01963,260.5,130.8
2025-09-10T00:00:00+00:00,ionq,qpu.forte-1,36,1,,0.0301,0.0051,100000000.0,1000000.0
2025-09-10T12:00:00+00:00,ibm,ibm_marrakesh,156,1,,0.04575,0.02916,190.9,108.6
2025-09-10T12:00:00+00:00,ibm,ibm_marrakesh,156,1,,0.04575,0.02916,190.9,108.6
2025-09-10T12:00:00+00:00,ibm,ibm_fez,156,1,,0.01921,0.02021,129.9,91.7
2025-09-10T12:00:00+00:00,ibm,ibm_fez,156,1,,0.01921,0.02021,129.9,91.7
2025-09-10T12:00:00+00:00,ibm,ibm_kingston,156,1,,0.07673,0.01946,283.4,125.2
2025-09-10T12:00:00+00:00,ibm,ibm_kingston,156,1,,0.07673,0.01946,283.4,125.2
2025-09-11T00:00:00+00:00,ionq,qpu.forte-1,36,1,,0.0073,0.0046,100000000.0,1000000.0
2025-09-11T12:00:00+00:00,ibm,ibm_marrakesh,156,1,,0.06545,0.02506,178.5,114.3
2025-09-11T12:00:00+00:00,ibm,ibm_marrakesh,156,1,,0.06545,0.02506,178.5,114.3
2025-09-11T12:00:00+00:00,ibm,ibm_fez,156,1,,0.03886,0.01913,134.9,103.1
2025-09-11T12:00:00+00:00,ibm,ibm_fez,156,1,,0.03886,0.01913,134.9,103.1
2025-09-11T12:00:00+00:00,ibm,ibm_kingston,156,1,,0.07708,0.01917,265.9,134.2
2025-09-11T12:00:00+00:00,ibm,ibm_kingston,156,1,,0.07708,0.01917,265.9,134.2
2025-09-12T00:00:00+00:00,ionq,qpu.forte-1,36,1,,0.0063,0.0047,100000000.0,1000000.0
2025-09-12T00:00:00+00:00,ionq,qpu.forte-enterprise-1,36,1,,0.007,0.0554,188000000.0,950000.0
2025-09-12T12:00:00+00:00,ibm,ibm_marrakesh,156,1,,0.04506,0.02799,189.7,113.6
2025-09-12T12:00:00+00:00,ibm,ibm_marrakesh,156,1,,0.04506,0.02799,189.7,113.6
2025-09-12T12:00:00+00:00,ibm,ibm_fez,156,1,,0.02132,0.01836,153.7,107.2
2025-09-12T12:00:00+00:00,ibm,ibm_fez,156,1,,0.02132,0.01836,153.7,107.2
2025-09-12T12:00:00+00:00,ibm,ibm_kingston,156,1,,0.04544,0.02206,265.9,134.2
2025-09-12T12:00:00+00:00,ibm,ibm_kingston,156,1,,0.04544,0.02206,265.9,134.2
2025-09-13T00:00:00+00:00,ionq,qpu.forte-1,36,1,,0.0058,0.0048,100000000.0,1000000.0
2025-09-13T00:00:00+00:00,ionq,qpu.forte-enterprise-1,36,1,,0.007,0.0061,188000000.0,950000.0
2025-09-13T12:00:00+00:00,ibm,ibm_marrakesh,156,1,,0.04189,0.02519,193.2,112.4
2025-09-13T12:00:00+00:00,ibm,ibm_marrakesh,156,1,,0.04189,0.02519,193.2,112.4
2025-09-13T12:00:00+00:00,ibm,ibm_fez,156,1,,0.02235,0.0191,143.5,112.1
2025-09-13T12:00:00+00:00,ibm,ibm_fez,156,1,,0.02235,0.0191,143.5,112.1
2025-09-13T12:00:00+00:00,ibm,ibm_kingston,156,1,,0.0452,0.01986,260.0,128.0
2025-09-13T12:00:00+00:00,ibm,ibm_kingston,156,1,,0.0452,0.01986,260.0,128.0
2025-09-14T00:00:00+00:00,ionq,qpu.forte-1,36,1,,0.0102,0.0048,100000000.0,1000000.0
2025-09-14T00:00:00+00:00,ionq,qpu.forte-enterprise-1,36,1,,0.0095,0.0059,188000000.0,950000.0
2025-09-14T12:00:00+00:00,ibm,ibm_marrakesh,156,1,,0.04483,0.02926,182.3,107.1
2025-09-14T12:00:00+00:00,ibm,ibm_marrakesh,156,1,,0.04483,0.02926,182.3,107.1
2025-09-14T12:00:00+00:00,ibm,ibm_fez,156,1,,0.01954,0.01866,140.0,112.0
2025-09-14T12:00:00+00:00,ibm,ibm_fez,156,1,,0.01954,0.01866,140.0,112.0
2025-09-14T12:00:00+00:00,ibm,ibm_kingston,156,1,,0.04467,0.01992,264.0,123.4
2025-09-14T12:00:00+00:00,ibm,ibm_kingston,156,1,,0.04467,0.01992,264.0,123.4
2025-09-15T00:00:00+00:00,ionq,qpu.forte-1,36,1,,0.0067,0.0047,100000000.0,1000000.0
2025-09-15T00:00:00+00:00,ionq,qpu.forte-enterprise-1,36,1,,0.0065,,188000000.0,950000.0
2025-09-15T12:00:00+00:00,ibm,ibm_marrakesh,156,1,,0.04139,0.02518,195.1,114.9
2025-09-15T12:00:00+00:00,ibm,ibm_marrakesh,156,1,,0.04139,0.02518,195.1,114.9
2025-09-15T12:00:00+00:00,ibm,ibm_fez,156,1,,0.01937,0.01855,145.7,107.9
2025-09-15T12:00:00+00:00,ibm,ibm_fez,156,1,,0.01937,0.01855,145.7,107.9
2025-09-15T12:00:00+00:00,ibm,ibm_kingston,156,1,,0.04461,0.02009,263.5,128.3
2025-09-15T12:00:00+00:00,ibm,ibm_kingston,156,1,,0.04461,0.02009,263.5,128.3
2025-09-16T00:00:00+00:00,ionq,qpu.forte-1,36,1,,0.013,0.0047,100000000.0,1000000.0
2025-09-16T12:00:00+00:00,ibm,ibm_marrakesh,156,1,,0.03933,0.02622,187.0,104.9
2025-09-16T12:00:00+00:00,ibm,ibm_marrakesh,156,1,,0.03933,0.02622,187.0,104.9
2025-09-16T12:00:00+00:00,ibm,ibm_fez,156,1,,0.01954,0.01854,140.3,102.0
2025-09-16T12:00:00+00:00,ibm,ibm_fez,156,1,,0.01954,0.01854,140.3,102.0
2025-09-16T12:00:00+00:00,ibm,ibm_kingston,156,1,,0.04531,0.0193,254.1,117.1
2025-09-17T00:00:00+00:00,ionq,qpu.forte-1,36,1,,0.0078,0.0048,100000000.0,1000000.0
2025-09-17T00:00:00+00:00,ionq,qpu.forte-enterprise-1,36,1,,0.0086,0.0059,188000000.0,950000.0
2025-09-17T12:00:00+00:00,ibm,ibm_marrakesh,156,1,,0.03896,0.02416,184.4,109.0
2025-09-17T12:00:00+00:00,ibm,ibm_marrakesh,156,1,,0.03896,0.02416,184.4,109.0
2025-09-17T12:00:00+00:00,ibm,ibm_fez,156,1,,0.0193,0.01894,143.4,99.6
2025-09-17T12:00:00+00:00,ibm,ibm_fez,156,1,,0.0193,0.01894,143.4,99.6
2025-09-17T12:00:00+00:00,ibm,ibm_kingston,156,1,,0.04461,0.02002,256.2,122.9
2025-09-17T12:00:00+00:00,ibm,ibm_kingston,156,1,,0.04461,0.02002,256.2,122.9
2025-09-18T00:00:00+00:00,ionq,qpu.forte-1,36,1,,0.0095,0.0052,100000000.0,1000000.0
2025-09-18T00:00:00+00:00,ionq,qpu.forte-enterprise-1,36,1,,0.0077,0.0058,188000000.0,950000.0
2025-09-18T12:00:00+00:00,ibm,ibm_marrakesh,156,1,,0.03896,0.02943,201.7,122.8
2025-09-18T12:00:00+00:00,ibm,ibm_marrakesh,156,1,,0.03896,0.02943,201.7,122.8
2025-09-18T12:00:00+00:00,ibm,ibm_fez,156,1,,0.01954,0.01856,143.5,104.9
2025-09-18T12:00:00+00:00,ibm,ibm_fez,156,1,,0.01954,0.01856,143.5,104.9
2025-09-18T12:00:00+00:00,ibm,ibm_kingston,156,1,,0.04484,0.01928,253.5,115.6
2025-09-19T00:00:00+00:00,ionq,qpu.forte-1,36,1,,0.0192,0.0047,100000000.0,1000000.0
2025-09-19T00:00:00+00:00,ionq,qpu.forte-enterprise-1,36,1,,0.0091,0.0059,188000000.0,950000.0
2025-09-19T12:00:00+00:00,ibm,ibm_marrakesh,156,1,,0.03914,0.02847,188.0,106.1
2025-09-19T12:00:00+00:00,ibm,ibm_marrakesh,156,1,,0.03914,0.02847,188.0,106.1
2025-09-19T12:00:00+00:00,ibm,ibm_fez,156,1,,0.01952,0.01894,142.4,108.8
2025-09-19T12:00:00+00:00,ibm,ibm_fez,156,1,,0.01952,0.01894,142.4,108.8
2025-09-19T12:00:00+00:00,ibm,ibm_kingston,156,1,,0.04256,0.02039,266.6,124.2
2025-09-19T12:00:00+00:00,ibm,ibm_kingston,156,1,,0.04256,0.02039,266.6,124.2
2025-09-20T00:00:00+00:00,ionq,qpu.forte-1,36,1,,0.0133,0.0047,100000000.0,1000000.0
2025-09-20T00:00:00+00:00,ionq,qpu.forte-enterprise-1,36,1,,0.0083,0.0059,188000000.0,950000.0
2025-09-20T12:00:00+00:00,ibm,ibm_marrakesh,156,1,,0.03904,0.02717,188.0,106.1
2025-09-20T12:00:00+00:00,ibm,ibm_marrakesh,156,1,,0.03904,0.02717,188.0,106.1
2025-09-20T12:00:00+00:00,ibm,ibm_fez,156,1,,0.01939,0.01884,152.4,116.7
2025-09-20T12:00:00+00:00,ibm,ibm_fez,156,1,,0.01939,0.01884,152.4,116.7
2025-09-20T12:00:00+00:00,ibm,ibm_kingston,156,1,,0.0427,0.02094,253.2,85.7
2025-09-20T12:00:00+00:00,ibm,ibm_kingston,156,1,,0.0427,0.02094,253.2,85.7
2025-09-21T00:00:00+00:00,ionq,qpu.forte-enterprise-1,36,1,,0.009,0.0059,188000000.0,950000.0
2025-09-21T12:00:00+00:00,ibm,ibm_marrakesh,156,1,,0.03975,0.02595,194.4,110.8
2025-09-21T12:00:00+00:00,ibm,ibm_marrakesh,156,1,,0.03975,0.02595,194.4,110.8
2025-09-21T12:00:00+00:00,ibm,ibm_fez,156,1,,0.01884,0.01852,146.2,111.5
2025-09-21T12:00:00+00:00,ibm,ibm_fez,156,1,,0.01884,0.01852,146.2,111.5
2025-09-21T12:00:00+00:00,ibm,ibm_kingston,156,1,,0.04229,0.02,266.0,118.5
2025-09-22T00:00:00+00:00,ionq,qpu.forte-enterprise-1,36,1,,0.0082,0.0084,188000000.0,950000.0
2025-09-22T12:00:00+00:00,ibm,ibm_marrakesh,156,1,,0.03925,0.0244,195.3,114.8
2025-09-22T12:00:00+00:00,ibm,ibm_marrakesh,156,1,,0.03925,0.0244,195.3,114.8
2025-09-22T12:00:00+00:00,ibm,ibm_fez,156,1,,0.01876,0.02006,148.7,112.9
2025-09-22T12:00:00+00:00,ibm,ibm_fez,156,1,,0.01876,0.02006,148.7,112.9
2025-09-22T12:00:00+00:00,ibm,ibm_kingston,156,1,,0.04247,0.02109,243.9,123.9
2025-09-22T12:00:00+00:00,ibm,ibm_kingston,156,1,,0.04247,0.02109,243.9,123.9
2025-09-23T00:00:00+00:00,ionq,qpu.forte-enterprise-1,36,1,,0.0094,0.0061,188000000.0,950000.0
2025-09-23T12:00:00+00:00,ibm,ibm_marrakesh,156,1,,0.04255,0.03012,185.6,109.7
2025-09-23T12:00:00+00:00,ibm,ibm_marrakesh,156,1,,0.04255,0.03012,185.6,109.7
2025-09-23T12:00:00+00:00,ibm,ibm_fez,156,1,,0.01895,0.01877,143.6,107.9
2025-09-23T12:00:00+00:00,ibm,ibm_fez,156,1,,0.01895,0.01877,143.6,107.9
2025-09-23T12:00:00+00:00,ibm,ibm_kingston,156,1,,0.04227,0.01903,245.8,107.0
2025-09-23T12:00:00+00:00,ibm,ibm_kingston,156,1,,0.04227,0.01903,245.8,107.0
2025-09-24T00:00:00+00:00,ionq,qpu.forte-enterprise-1,36,1,,0.0081,0.0061,188000000.0,950000.0
2025-09-24T12:00:00+00:00,ibm,ibm_marrakesh,156,1,,0.04255,0.02544,193.8,106.9
2025-09-24T12:00:00+00:00,ibm,ibm_marrakesh,156,1,,0.04255,0.02544,193.8,106.9
2025-09-24T12:00:00+00:00,ibm,ibm_fez,156,1,,0.01895,0.01824,143.6,107.9
2025-09-24T12:00:00+00:00,ibm,ibm_fez,156,1,,0.01895,0.01824,143.6,107.9
2025-09-24T12:00:00+00:00,ibm,ibm_kingston,156,1,,0.04227,0.01882,245.8,107.0
2025-09-24T12:00:00+00:00,ibm,ibm_kingston,156,1,,0.04227,0.01882,245.8,107.0
2025-09-25T00:00:00+00:00,ionq,qpu.forte-enterprise-1,36,1,,0.0073,0.0061,188000000.0,950000.0
2025-09-25T12:00:00+00:00,ibm,ibm_marrakesh,156,1,,0.04208,0.02575,178.7,104.0
2025-09-25T12:00:00+00:00,ibm,ibm_marrakesh,156,1,,0.04208,0.02575,178.7,104.0
2025-09-25T12:00:00+00:00,ibm,ibm_fez,156,1,,0.01882,0.01903,141.8,106.5
2025-09-25T12:00:00+00:00,ibm,ibm_fez,156,1,,0.01882,0.01903,141.8,106.5
2025-09-25T12:00:00+00:00,ibm,ibm_kingston,156,1,,0.04227,0.01882,245.8,107.0
2025-09-26T00:00:00+00:00,ionq,qpu.forte-enterprise-1,36,1,,0.0095,0.006,188000000.0,950000.0
2025-09-26T12:00:00+00:00,ibm,ibm_marrakesh,156,1,,0.04242,0.02866,207.4,112.8
2025-09-26T12:00:00+00:00,ibm,ibm_fez,156,1,,0.01882,0.01787,144.2,108.5
2025-09-26T12:00:00+00:00,ibm,ibm_fez,156,1,,0.01882,0.01787,144.2,108.5
2025-09-26T12:00:00+00:00,ibm,ibm_kingston,156,1,,0.03966,0.02016,257.4,119.9
2025-09-26T12:00:00+00:00,ibm,ibm_kingston,156,1,,0.03966,0.02016,257.4,119.9
2025-09-27T00:00:00+00:00,ionq,qpu.forte-enterprise-1,36,1,,0.0088,0.0062,188000000.0,950000.0
2025-09-27T12:00:00+00:00,ibm,ibm_marrakesh,156,1,,0.04258,0.02595,193.9,111.6
2025-09-27T12:00:00+00:00,ibm,ibm_marrakesh,156,1,,0.04258,0.02595,193.9,111.6
2025-09-27T12:00:00+00:00,ibm,ibm_fez,156,1,,0.01897,0.01895,144.2,108.5
2025-09-27T12:00:00+00:00,ibm,ibm_fez,156,1,,0.01897,0.01895,144.2,108.5
2025-09-27T12:00:00+00:00,ibm,ibm_kingston,156,1,,0.03966,0.02016,272.2,133.4
2025-09-27T12:00:00+00:00,ibm,ibm_kingston,156,1,,0.03966,0.02016,272.2,133.4
2025-09-28T00:00:00+00:00,ionq,qpu.forte-enterprise-1,36,1,,0.01,0.0059,188000000.0,950000.0
2025-09-28T12:00:00+00:00,ibm,ibm_marrakesh,156,1,,0.04223,0.02975,173.0,90.2
2025-09-28T12:00:00+00:00,ibm,ibm_marrakesh,156,1,,0.04223,0.02975,173.0,90.2
2025-09-28T12:00:00+00:00,ibm,ibm_fez,156,1,,0.01897,0.01895,144.2,108.5
2025-09-28T12:00:00+00:00,ibm,ibm_fez,156,1,,0.01897,0.01895,144.2,108.5
2025-09-28T12:00:00+00:00,ibm,ibm_kingston,156,1,,0.03931,0.02095,264.7,145.8
2025-09-28T12:00:00+00:00,ibm,ibm_kingston,156,1,,0.03931,0.02095,264.7,145.8
2025-09-29T00:00:00+00:00,ionq,qpu.forte-enterprise-1,36,1,,0.0075,0.0061,188000000.0,950000.0
2025-09-29T12:00:00+00:00,ibm,ibm_marrakesh,156,1,,0.04218,0.0279,190.5,102.1
2025-09-29T12:00:00+00:00,ibm,ibm_marrakesh,156,1,,0.04218,0.0279,190.5,102.1
2025-09-29T12:00:00+00:00,ibm,ibm_fez,156,1,,0.01897,0.01895,144.2,108.5
2025-09-29T12:00:00+00:00,ibm,ibm_fez,156,1,,0.01897,0.01895,144.2,108.5
2025-09-29T12:00:00+00:00,ibm,ibm_kingston,156,1,,0.03934,0.02181,265.9,147.5
2025-09-29T12:00:00+00:00,ibm,ibm_kingston,156,1,,0.03934,0.02181,265.9,147.5
2025-09-30T00:00:00+00:00,ionq,qpu.forte-enterprise-1,36,1,,0.0121,0.0058,188000000.0,950000.0
2025-09-30T12:00:00+00:00,ibm,ibm_marrakesh,156,1,,0.03989,0.02639,199.9,108.0
2025-09-30T12:00:00+00:00,ibm,ibm_marrakesh,156,1,,0.03989,0.02639,199.9,108.0
2025-09-30T12:00:00+00:00,ibm,ibm_fez,156,1,,0.02006,0.01822,143.5,98.5
2025-09-30T12:00:00+00:00,ibm,ibm_kingston,156,1,,0.03963,0.01955,265.9,147.5
2025-09-30T12:00:00+00:00,ibm,ibm_fez,156,1,,0.02006,0.01822,143.5,98.5
2025-10-01T00:00:00+00:00,ionq,qpu.forte-enterprise-1,36,1,,0.0156,0.0059,188000000.0,950000.0
2025-10-01T12:00:00+00:00,ibm,ibm_marrakesh,156,1,,0.03839,0.02767,204.2,116.9
2025-10-01T12:00:00+00:00,ibm,ibm_fez,156,1,,0.01926,0.01842,160.4,113.0
2025-10-01T12:00:00+00:00,ibm,ibm_fez,156,1,,0.01926,0.01842,160.4,113.0
2025-10-01T12:00:00+00:00,ibm,ibm_kingston,156,1,,0.04215,0.02059,260.2,136.3
2025-10-01T12:00:00+00:00,ibm,ibm_kingston,156,1,,0.04215,0.02059,260.2,136.3
2025-10-02T00:00:00+00:00,ionq,qpu.forte-enterprise-1,36,1,,0.009,0.0058,188000000.0,950000.0
2025-10-02T12:00:00+00:00,ibm,ibm_marrakesh,156,1,,0.03932,0.02325,196.1,105.4
2025-10-02T12:00:00+00:00,ibm,ibm_marrakesh,156,1,,0.03932,0.02325,196.1,105.4
2025-10-02T12:00:00+00:00,ibm,ibm_fez,156,1,,0.01926,0.01828,139.4,103.3
2025-10-02T12:00:00+00:00,ibm,ibm_fez,156,1,,0.01926,0.01828,139.4,103.3
2025-10-02T12:00:00+00:00,ibm,ibm_kingston,156,1,,0.04434,0.01999,260.4,137.9
2025-10-02T12:00:00+00:00,ibm,ibm_kingston,156,1,,0.04434,0.01999,260.4,137.9
2025-10-03T00:00:00+00:00,ionq,qpu.forte-enterprise-1,36,1,,0.0086,0.0059,188000000.0,950000.0
2025-10-03T12:00:00+00:00,ibm,ibm_marrakesh,156,1,,0.03917,0.02596,197.6,93.9
2025-10-03T12:00:00+00:00,ibm,ibm_marrakesh,156,1,,0.03917,0.02596,197.6,93.9
2025-10-03T12:00:00+00:00,ibm,ibm_fez,156,1,,0.01912,0.0181,152.8,105.4
2025-10-03T12:00:00+00:00,ibm,ibm_fez,156,1,,0.01912,0.0181,152.8,105.4
2025-10-03T12:00:00+00:00,ibm,ibm_kingston,156,1,,0.04655,0.01993,262.7,145.5
2025-10-03T12:00:00+00:00,ibm,ibm_kingston,156,1,,0.04655,0.01993,262.7,145.5
2025-10-04T00:00:00+00:00,ionq,qpu.forte-enterprise-1,36,1,,0.0079,0.008,188000000.0,950000.0
2025-10-04T12:00:00+00:00,ibm,ibm_marrakesh,156,1,,0.03877,0.02636,190.6,101.1
2025-10-04T12:00:00+00:00,ibm,ibm_marrakesh,156,1,,0.03877,0.02636,190.6,101.1
2025-10-04T12:00:00+00:00,ibm,ibm_fez,156,1,,0.01919,0.0196,144.4,101.9
2025-10-04T12:00:00+00:00,ibm,ibm_fez,156,1,,0.01919,0.0196,144.4,101.9
2025-10-04T12:00:00+00:00,ibm,ibm_kingston,156,1,,0.04428,0.02063,263.0,143.8
2025-10-04T12:00:00+00:00,ibm,ibm_kingston,156,1,,0.04428,0.02063,263.0,143.8
2025-10-05T00:00:00+00:00,ionq,qpu.forte-enterprise-1,36,1,,0.0083,0.0058,188000000.0,950000.0
2025-10-05T12:00:00+00:00,ibm,ibm_marrakesh,156,1,,0.03333,0.02481,184.1,112.9
2025-10-05T12:00:00+00:00,ibm,ibm_marrakesh,156,1,,0.03333,0.02481,184.1,112.9
2025-10-05T12:00:00+00:00,ibm,ibm_fez,156,1,,0.01931,0.01934,144.0,106.0
2025-10-05T12:00:00+00:00,ibm,ibm_fez,156,1,,0.01931,0.01934,144.0,106.0
2025-10-05T12:00:00+00:00,ibm,ibm_kingston,156,1,,0.04426,0.02101,249.2,141.5
2025-10-05T12:00:00+00:00,ibm,ibm_kingston,156,1,,0.04426,0.02101,249.2,141.5
2025-10-06T00:00:00+00:00,ionq,qpu.forte-enterprise-1,36,1,,0.0091,0.0056,188000000.0,950000.0
2025-10-06T12:00:00+00:00,ibm,ibm_marrakesh,156,1,,0.03279,0.02675,192.5,92.1
2025-10-06T12:00:00+00:00,ibm,ibm_marrakesh,156,1,,0.03279,0.02675,192.5,92.1
2025-10-06T12:00:00+00:00,ibm,ibm_fez,156,1,,0.01956,0.01857,148.6,107.8
2025-10-06T12:00:00+00:00,ibm,ibm_fez,156,1,,0.01956,0.01857,148.6,107.8
2025-10-06T12:00:00+00:00,ibm,ibm_kingston,156,1,,0.04455,0.01938,249.6,121.7
2025-10-06T12:00:00+00:00,ibm,ibm_kingston,156,1,,0.04455,0.01938,249.6,121.7
2025-10-07T00:00:00+00:00,ionq,qpu.forte-enterprise-1,36,1,,0.0075,0.0056,188000000.0,950000.0
2025-10-07T12:00:00+00:00,ibm,ibm_marrakesh,156,1,,0.03287,0.02572,196.9,115.2
2025-10-07T12:00:00+00:00,ibm,ibm_marrakesh,156,1,,0.03287,0.02572,196.9,115.2
2025-10-07T12:00:00+00:00,ibm,ibm_fez,156,1,,0.01993,0.01992,143.2,105.2
2025-10-07T12:00:00+00:00,ibm,ibm_fez,156,1,,0.01993,0.01992,143.2,105.2
2025-10-07T12:00:00+00:00,ibm,ibm_kingston,156,1,,0.04227,0.01987,262.4,119.6
2025-10-07T12:00:00+00:00,ibm,ibm_kingston,156,1,,0.04227,0.01987,262.4,119.6
2025-10-08T00:00:00+00:00,ionq,qpu.forte-enterprise-1,36,1,,0.0082,0.0058,188000000.0,950000.0
2025-10-08T12:00:00+00:00,ibm,ibm_marrakesh,156,1,,0.03336,0.02689,185.3,104.3
2025-10-08T12:00:00+00:00,ibm,ibm_marrakesh,156,1,,0.03336,0.02689,185.3,104.3
2025-10-08T12:00:00+00:00,ibm,ibm_fez,156,1,,0.01968,0.01899,158.4,113.8
2025-10-08T12:00:00+00:00,ibm,ibm_fez,156,1,,0.01968,0.01899,158.4,113.8
2025-10-08T12:00:00+00:00,ibm,ibm_kingston,156,1,,0.0417,0.02011,261.1,147.5
2025-10-08T12:00:00+00:00,ibm,ibm_kingston,156,1,,0.0417,0.02011,261.1,147.5
2025-10-09T00:00:00+00:00,ionq,qpu.forte-enterprise-1,36,1,,0.0089,0.0057,188000000.0,950000.0
2025-10-09T12:00:00+00:00,ibm,ibm_marrakesh,156,1,,0.033,0.02814,186.5,96.2
2025-10-09T12:00:00+00:00,ibm,ibm_marrakesh,156,1,,0.033,0.02814,186.5,96.2
2025-10-09T12:00:00+00:00,ibm,ibm_fez,156,1,,0.01907,0.0198,145.8,102.1
2025-10-09T12:00:00+00:00,ibm,ibm_fez,156,1,,0.01907,0.0198,145.8,102.1
2025-10-09T12:00:00+00:00,ibm,ibm_kingston,156,1,,0.0417,0.01999,263.7,138.8
2025-10-09T12:00:00+00:00,ibm,ibm_kingston,156,1,,0.0417,0.01999,263.7,138.8
2025-10-10T00:00:00+00:00,ionq,qpu.forte-1,36,1,,0.0133,0.0053,100000000.0,1000000.0
2025-10-10T00:00:00+00:00,ionq,qpu.forte-enterprise-1,36,1,,0.0085,0.0057,188000000.0,950000.0
2025-10-10T12:00:00+00:00,ibm,ibm_marrakesh,156,1,,0.033,0.03086,186.5,96.2
2025-10-10T12:00:00+00:00,ibm,ibm_marrakesh,156,1,,0.033,0.03086,186.5,96.2
2025-10-10T12:00:00+00:00,ibm,ibm_fez,156,1,,0.0196,0.01919,143.1,94.9
2025-10-10T12:00:00+00:00,ibm,ibm_fez,156,1,,0.0196,0.01919,143.1,94.9
2025-10-10T12:00:00+00:00,ibm,ibm_kingston,156,1,,0.04971,0.01935,254.7,143.4
2025-10-10T12:00:00+00:00,ibm,ibm_kingston,156,1,,0.04971,0.01935,254.7,143.4
2025-10-11T00:00:00+00:00,ionq,qpu.forte-1,36,1,,,0.0042,100000000.0,1000000.0
2025-10-11T00:00:00+00:00,ionq,qpu.forte-enterprise-1,36,1,,0.0075,0.0059,188000000.0,950000.0
2025-10-11T12:00:00+00:00,ibm,ibm_marrakesh,156,1,,0.03668,0.0249,186.2,90.5
2025-10-11T12:00:00+00:00,ibm,ibm_marrakesh,156,1,,0.03668,0.0249,186.2,90.5
2025-10-11T12:00:00+00:00,ibm,ibm_fez,156,1,,0.01935,0.01793,144.8,106.1
2025-10-11T12:00:00+00:00,ibm,ibm_fez,156,1,,0.01935,0.01793,144.8,106.1
2025-10-11T12:00:00+00:00,ibm,ibm_kingston,156,1,,0.04973,0.02026,254.7,143.4
2025-10-11T12:00:00+00:00,ibm,ibm_kingston,156,1,,0.04973,0.02026,254.7,143.4
2025-10-12T00:00:00+00:00,ionq,qpu.forte-1,36,1,,0.0129,0.0046,100000000.0,1000000.0
2025-10-12T00:00:00+00:00,ionq,qpu.forte-enterprise-1,36,1,,0.0102,0.0059,188000000.0,950000.0
2025-10-12T12:00:00+00:00,ibm,ibm_marrakesh,156,1,,0.03634,0.0285,182.2,108.5
2025-10-12T12:00:00+00:00,ibm,ibm_marrakesh,156,1,,0.03634,0.0285,182.2,108.5
2025-10-12T12:00:00+00:00,ibm,ibm_fez,156,1,,0.01907,0.01891,136.7,103.9
2025-10-12T12:00:00+00:00,ibm,ibm_fez,156,1,,0.01907,0.01891,136.7,103.9
2025-10-12T12:00:00+00:00,ibm,ibm_kingston,156,1,,0.0467,0.01881,260.8,148.0
2025-10-12T12:00:00+00:00,ibm,ibm_kingston,156,1,,0.0467,0.01881,260.8,148.0
2025-10-13T00:00:00+00:00,ionq,qpu.forte-1,36,1,,0.0127,0.0046,100000000.0,1000000.0
2025-10-13T00:00:00+00:00,ionq,qpu.forte-enterprise-1,36,1,,0.0074,0.0062,188000000.0,950000.0
2025-10-13T12:00:00+00:00,ibm,ibm_marrakesh,156,1,,0.03599,0.0298,177.5,104.2
2025-10-13T12:00:00+00:00,ibm,ibm_marrakesh,156,1,,0.03599,0.0298,177.5,104.2
2025-10-13T12:00:00+00:00,ibm,ibm_fez,156,1,,0.01895,0.0198,140.4,105.0
2025-10-13T12:00:00+00:00,ibm,ibm_fez,156,1,,0.01895,0.0198,140.4,105.0
2025-10-13T12:00:00+00:00,ibm,ibm_kingston,156,1,,0.0468,0.01932,275.2,143.5
2025-10-13T12:00:00+00:00,ibm,ibm_kingston,156,1,,0.0468,0.01932,275.2,143.5
2025-10-14T00:00:00+00:00,ionq,qpu.forte-enterprise-1,36,1,,0.0081,0.006,188000000.0,950000.0
2025-10-14T12:00:00+00:00,ibm,ibm_marrakesh,156,1,,0.03615,0.02653,197.9,121.4
2025-10-14T12:00:00+00:00,ibm,ibm_marrakesh,156,1,,0.03615,0.02653,197.9,121.4
2025-10-14T12:00:00+00:00,ibm,ibm_fez,156,1,,0.01972,0.01882,145.3,110.4
2025-10-14T12:00:00+00:00,ibm,ibm_fez,156,1,,0.01972,0.01882,145.3,110.4
2025-10-14T12:00:00+00:00,ibm,ibm_kingston,156,1,,0.04193,0.01861,286.2,155.3
2025-10-14T12:00:00+00:00,ibm,ibm_kingston,156,1,,0.04193,0.01861,286.2,155.3
2025-10-15T00:00:00+00:00,ionq,qpu.forte-1,36,1,,0.0097,0.0046,100000000.0,1000000.0
2025-10-15T00:00:00+00:00,ionq,qpu.forte-enterprise-1,36,1,,0.0081,0.0062,188000000.0,950000.0
2025-10-15T12:00:00+00:00,ibm,ibm_marrakesh,156,1,,0.03731,0.0273,187.9,112.0
2025-10-15T12:00:00+00:00,ibm,ibm_marrakesh,156,1,,0.03731,0.0273,187.9,112.0
2025-10-15T12:00:00+00:00,ibm,ibm_fez,156,1,,0.01941,0.01903,145.3,110.4
2025-10-15T12:00:00+00:00,ibm,ibm_fez,156,1,,0.01941,0.01903,145.3,110.4
2025-10-15T12:00:00+00:00,ibm,ibm_kingston,156,1,,0.04193,0.01817,249.6,133.8
2025-10-15T12:00:00+00:00,ibm,ibm_kingston,156,1,,0.04193,0.01817,249.6,133.8
2025-10-16T00:00:00+00:00,ionq,qpu.forte-1,36,1,,0.0105,0.0045,100000000.0,1000000.0
2025-10-16T00:00:00+00:00,ionq,qpu.forte-enterprise-1,36,1,,0.0103,0.0059,188000000.0,950000.0
2025-10-16T12:00:00+00:00,ibm,ibm_marrakesh,156,1,,0.0362,0.02706,191.3,120.1
2025-10-16T12:00:00+00:00,ibm,ibm_marrakesh,156,1,,0.0362,0.02706,191.3,120.1
2025-10-16T12:00:00+00:00,ibm,ibm_fez,156,1,,0.01942,0.02056,146.0,110.8
2025-10-16T12:00:00+00:00,ibm,ibm_fez,156,1,,0.01942,0.02056,146.0,110.8
2025-10-16T12:00:00+00:00,ibm,ibm_kingston,156,1,,0.04162,0.0183,264.7,134.0
2025-10-16T12:00:00+00:00,ibm,ibm_kingston,156,1,,0.04162,0.0183,264.7,134.0
2025-10-17T00:00:00+00:00,ionq,qpu.forte-1,36,1,,0.0096,0.0045,100000000.0,1000000.0
2025-10-17T12:00:00+00:00,ibm,ibm_marrakesh,156,1,,0.03322,0.02511,191.6,108.7
2025-10-17T12:00:00+00:00,ibm,ibm_marrakesh,156,1,,0.03322,0.02511,191.6,108.7
2025-10-17T12:00:00+00:00,ibm,ibm_fez,156,1,,0.01959,0.01831,154.5,111.3
2025-10-17T12:00:00+00:00,ibm,ibm_fez,156,1,,0.01959,0.01831,154.5,111.3
2025-10-17T12:00:00+00:00,ibm,ibm_kingston,156,1,,0.04152,0.01897,272.5,136.1
2025-10-17T12:00:00+00:00,ibm,ibm_kingston,156,1,,0.04152,0.01897,272.5,136.1
2025-10-18T00:00:00+00:00,ionq,qpu.forte-1,36,1,,0.0092,0.0045,100000000.0,1000000.0
2025-10-18T12:00:00+00:00,ibm,ibm_marrakesh,156,1,,0.03435,0.02511,191.8,109.9
2025-10-18T12:00:00+00:00,ibm,ibm_marrakesh,156,1,,0.03435,0.02511,191.8,109.9
2025-10-18T12:00:00+00:00,ibm,ibm_fez,156,1,,0.01954,0.0181,159.0,111.5
2025-10-18T12:00:00+00:00,ibm,ibm_fez,156,1,,0.01954,0.0181,159.0,111.5
2025-10-18T12:00:00+00:00,ibm,ibm_kingston,156,1,,0.04183,0.01789,268.6,137.6
2025-10-18T12:00:00+00:00,ibm,ibm_kingston,156,1,,0.04183,0.01789,268.6,137.6
2025-10-19T00:00:00+00:00,ionq,qpu.forte-1,36,1,,0.0109,0.0045,100000000.0,1000000.0
2025-10-19T12:00:00+00:00,ibm,ibm_marrakesh,156,1,,0.0356,0.02526,186.5,112.3
2025-10-19T12:00:00+00:00,ibm,ibm_marrakesh,156,1,,0.0356,0.02526,186.5,112.3
2025-10-19T12:00:00+00:00,ibm,ibm_fez,156,1,,0.01948,0.01649,126.9,93.1
2025-10-19T12:00:00+00:00,ibm,ibm_fez,156,1,,0.01948,0.01649,126.9,93.1
2025-10-19T12:00:00+00:00,ibm,ibm_kingston,156,1,,0.04135,0.01742,270.6,129.8
2025-10-19T12:00:00+00:00,ibm,ibm_kingston,156,1,,0.04135,0.01742,270.6,129.8
2025-10-20T00:00:00+00:00,ionq,qpu.forte-1,36,1,,0.0109,0.0044,100000000.0,1000000.0
2025-10-20T12:00:00+00:00,ibm,ibm_marrakesh,156,1,,0.03607,0.02478,180.3,109.6
2025-10-20T12:00:00+00:00,ibm,ibm_marrakesh,156,1,,0.03607,0.02478,180.3,109.6
2025-10-20T12:00:00+00:00,ibm,ibm_fez,156,1,,0.01946,0.01693,149.5,106.1
2025-10-20T12:00:00+00:00,ibm,ibm_fez,156,1,,0.01946,0.01693,149.5,106.1
2025-10-20T12:00:00+00:00,ibm,ibm_kingston,156,1,,0.0416,0.01948,263.9,131.3
2025-10-20T12:00:00+00:00,ibm,ibm_kingston,156,1,,0.0416,0.01948,263.9,131.3
2025-10-21T00:00:00+00:00,ionq,qpu.forte-1,36,1,,0.0116,,100000000.0,1000000.0
2025-10-21T12:00:00+00:00,ibm,ibm_marrakesh,156,1,,0.03549,0.02793,185.5,102.6
2025-10-21T12:00:00+00:00,ibm,ibm_marrakesh,156,1,,0.03549,0.02793,185.5,102.6
2025-10-21T12:00:00+00:00,ibm,ibm_fez,156,1,,0.02029,0.01646,143.7,104.1
2025-10-21T12:00:00+00:00,ibm,ibm_fez,156,1,,0.02029,0.01646,143.7,104.1
2025-10-21T12:00:00+00:00,ibm,ibm_kingston,156,1,,0.04473,0.02279,276.4,133.8
2025-10-21T12:00:00+00:00,ibm,ibm_kingston,156,1,,0.04473,0.02279,276.4,133.8
2025-10-22T00:00:00+00:00,ionq,qpu.forte-1,36,1,,0.0103,,100000000.0,1000000.0
2025-10-22T12:00:00+00:00,ibm,ibm_marrakesh,156,1,,0.0365,0.03194,185.5,102.6
2025-10-22T12:00:00+00:00,ibm,ibm_marrakesh,156,1,,0.0365,0.03194,185.5,102.6
2025-10-22T12:00:00+00:00,ibm,ibm_fez,156,1,,0.01778,0.01865,122.4,89.1
2025-10-22T12:00:00+00:00,ibm,ibm_fez,156,1,,0.01778,0.01865,122.4,89.1
2025-10-22T12:00:00+00:00,ibm,ibm_kingston,156,1,,0.04437,0.01985,271.4,134.7
2025-10-22T12:00:00+00:00,ibm,ibm_kingston,156,1,,0.04437,0.01985,271.4,134.7
2025-10-23T12:00:00+00:00,ibm,ibm_marrakesh,156,1,,0.03284,0.02797,195.9,107.0
2025-10-23T12:00:00+00:00,ibm,ibm_marrakesh,156,1,,0.03284,0.02797,195.9,107.0
2025-10-23T12:00:00+00:00,ibm,ibm_fez,156,1,,0.01742,0.01869,122.4,89.1
2025-10-23T12:00:00+00:00,ibm,ibm_fez,156,1,,0.01742,0.01869,122.4,89.1
2025-10-23T12:00:00+00:00,ibm,ibm_kingston,156,1,,0.044,0.02043,271.4,134.7
2025-10-23T12:00:00+00:00,ibm,ibm_kingston,156,1,,0.044,0.02043,271.4,134.7
2025-10-24T00:00:00+00:00,ionq,qpu.forte-1,36,1,,0.0062,0.0044,100000000.0,1000000.0
2025-10-24T00:00:00+00:00,ionq,qpu.forte-enterprise-1,36,1,,0.0083,0.0114,188000000.0,950000.0
2025-10-24T12:00:00+00:00,ibm,ibm_marrakesh,156,1,,0.03284,0.02602,195.9,107.0
2025-10-24T12:00:00+00:00,ibm,ibm_marrakesh,156,1,,0.03284,0.02602,195.9,107.0
2025-10-24T12:00:00+00:00,ibm,ibm_fez,156,1,,0.01742,0.01869,122.4,89.1
2025-10-24T12:00:00+00:00,ibm,ibm_fez,156,1,,0.01742,0.01869,122.4,89.1
2025-10-24T12:00:00+00:00,ibm,ibm_kingston,156,1,,0.04397,0.02534,259.9,130.1
2025-10-24T12:00:00+00:00,ibm,ibm_kingston,156,1,,0.04397,0.02534,259.9,130.1
2025-10-25T00:00:00+00:00,ionq,qpu.forte-1,36,1,,0.0071,0.0044,100000000.0,1000000.0
2025-10-25T00:00:00+00:00,ionq,qpu.forte-enterprise-1,36,1,,0.0104,0.0114,188000000.0,950000.0
2025-10-25T12:00:00+00:00,ibm,ibm_marrakesh,156,1,,0.03014,0.02743,175.9,105.0
2025-10-25T12:00:00+00:00,ibm,ibm_marrakesh,156,1,,0.03014,0.02743,175.9,105.0
2025-10-25T12:00:00+00:00,ibm,ibm_fez,156,1,,0.01742,0.01869,122.4,89.1
2025-10-25T12:00:00+00:00,ibm,ibm_fez,156,1,,0.01742,0.01869,122.4,89.1
2025-10-25T12:00:00+00:00,ibm,ibm_kingston,156,1,,0.04462,0.0203,271.4,141.2
2025-10-25T12:00:00+00:00,ibm,ibm_kingston,156,1,,0.04462,0.0203,271.4,141.2
2025-10-26T00:00:00+00:00,ionq,qpu.forte-1,36,1,,0.0067,0.0044,100000000.0,1000000.0
2025-10-26T00:00:00+00:00,ionq,qpu.forte-enterprise-1,36,1,,0.0098,0.0114,188000000.0,950000.0
2025-10-26T12:00:00+00:00,ibm,ibm_marrakesh,156,1,,0.02992,0.02552,182.5,107.3
2025-10-26T12:00:00+00:00,ibm,ibm_marrakesh,156,1,,0.02992,0.02552,182.5,107.3
2025-10-26T12:00:00+00:00,ibm,ibm_fez,156,1,,0.01742,0.01869,122.4,89.1
2025-10-26T12:00:00+00:00,ibm,ibm_fez,156,1,,0.01742,0.01869,122.4,89.1
2025-10-26T12:00:00+00:00,ibm,ibm_kingston,156,1,,0.04392,0.02371,270.4,125.1
2025-10-26T12:00:00+00:00,ibm,ibm_kingston,156,1,,0.04392,0.02371,270.4,125.1
2025-10-27T00:00:00+00:00,ionq,qpu.forte-1,36,1,,0.0111,0.0044,100000000.0,1000000.0
2025-10-27T00:00:00+00:00,ionq,qpu.forte-enterprise-1,36,1,,0.0111,0.0114,188000000.0,950000.0
2025-10-27T12:00:00+00:00,ibm,ibm_marrakesh,156,1,,0.02971,0.02806,184.1,98.8
2025-10-27T12:00:00+00:00,ibm,ibm_marrakesh,156,1,,0.02971,0.02806,184.1,98.8
2025-10-27T12:00:00+00:00,ibm,ibm_fez,156,1,,0.01742,0.01869,122.4,89.1
2025-10-27T12:00:00+00:00,ibm,ibm_fez,156,1,,0.01742,0.01869,122.4,89.1
2025-10-27T12:00:00+00:00,ibm,ibm_kingston,156,1,,0.0493,0.02255,271.1,138.9
2025-10-27T12:00:00+00:00,ibm,ibm_kingston,156,1,,0.0493,0.02255,271.1,138.9
2025-10-28T00:00:00+00:00,ionq,qpu.forte-1,36,1,,0.0082,0.0044,100000000.0,1000000.0
2025-10-28T00:00:00+00:00,ionq,qpu.forte-enterprise-1,36,1,,0.0097,0.0114,188000000.0,950000.0
2025-10-28T12:00:00+00:00,ibm,ibm_marrakesh,156,1,,0.02986,0.02694,173.8,98.5
2025-10-28T12:00:00+00:00,ibm,ibm_fez,156,1,,0.01742,0.01869,149.7,106.8
2025-10-28T12:00:00+00:00,ibm,ibm_fez,156,1,,0.01742,0.01869,149.7,106.8
2025-10-28T12:00:00+00:00,ibm,ibm_kingston,156,1,,0.04974,0.02259,271.1,138.9
2025-10-29T00:00:00+00:00,ionq,qpu.forte-1,36,1,,0.007,0.0045,100000000.0,1000000.0
2025-10-29T00:00:00+00:00,ionq,qpu.forte-enterprise-1,36,1,,0.013,0.0114,188000000.0,950000.0
2025-10-29T12:00:00+00:00,ibm,ibm_marrakesh,156,1,,0.03049,0.02574,176.2,102.4
2025-10-29T12:00:00+00:00,ibm,ibm_marrakesh,156,1,,0.03049,0.02574,176.2,102.4
2025-10-29T12:00:00+00:00,ibm,ibm_fez,156,1,,0.0179,0.01881,143.1,104.1
2025-10-29T12:00:00+00:00,ibm,ibm_fez,156,1,,0.0179,0.01881,143.1,104.1
2025-10-29T12:00:00+00:00,ibm,ibm_kingston,156,1,,0.04702,0.02368,251.0,130.4
2025-10-29T12:00:00+00:00,ibm,ibm_kingston,156,1,,0.04702,0.02368,251.0,130.4
2025-10-30T00:00:00+00:00,ionq,qpu.forte-1,36,1,,0.0087,0.0047,100000000.0,1000000.0
2025-10-30T00:00:00+00:00,ionq,qpu.forte-enterprise-1,36,1,,0.0108,0.0114,188000000.0,950000.0
2025-10-30T12:00:00+00:00,ibm,ibm_marrakesh,156,1,,0.03078,0.02498,182.2,116.0
2025-10-30T12:00:00+00:00,ibm,ibm_marrakesh,156,1,,0.03078,0.02498,182.2,116.0
2025-10-30T12:00:00+00:00,ibm,ibm_fez,156,1,,0.01817,0.01884,138.5,105.6
2025-10-30T12:00:00+00:00,ibm,ibm_fez,156,1,,0.01817,0.01884,138.5,105.6
2025-10-30T12:00:00+00:00,ibm,ibm_kingston,156,1,,0.04738,0.02213,260.5,116.6
2025-10-30T12:00:00+00:00,ibm,ibm_kingston,156,1,,0.04738,0.02213,260.5,116.6
2025-10-31T00:00:00+00:00,ionq,qpu.forte-1,36,1,,0.0085,0.0048,100000000.0,1000000.0
2025-10-31T00:00:00+00:00,ionq,qpu.forte-enterprise-1,36,1,,0.0115,0.0114,188000000.0,950000.0
2025-10-31T12:00:00+00:00,ibm,ibm_marrakesh,156,1,,0.03078,0.02498,182.2,116.0
2025-10-31T12:00:00+00:00,ibm,ibm_marrakesh,156,1,,0.03078,0.02498,182.2,116.0
2025-10-31T12:00:00+00:00,ibm,ibm_fez,156,1,,0.01843,0.01874,138.5,105.6
2025-10-31T12:00:00+00:00,ibm,ibm_fez,156,1,,0.01843,0.01874,138.5,105.6
2025-10-31T12:00:00+00:00,ibm,ibm_kingston,156,1,,0.04738,0.02213,264.6,131.9
2025-10-31T12:00:00+00:00,ibm,ibm_kingston,156,1,,0.04738,0.02213,264.6,131.9
2025-11-01T00:00:00+00:00,ionq,qpu.forte-1,36,1,,0.0082,0.005,100000000.0,1000000.0
2025-11-01T12:00:00+00:00,ibm,ibm_marrakesh,156,1,,0.03016,0.02805,182.2,116.0
2025-11-01T12:00:00+00:00,ibm,ibm_marrakesh,156,1,,0.03016,0.02805,182.2,116.0
2025-11-01T12:00:00+00:00,ibm,ibm_fez,156,1,,0.01831,0.01859,148.3,114.5
2025-11-01T12:00:00+00:00,ibm,ibm_fez,156,1,,0.01831,0.01859,148.3,114.5
2025-11-01T12:00:00+00:00,ibm,ibm_kingston,156,1,,0.04166,0.0254,264.6,131.9
2025-11-01T12:00:00+00:00,ibm,ibm_kingston,156,1,,0.04166,0.0254,264.6,131.9
2025-11-02T00:00:00+00:00,ionq,qpu.forte-1,36,1,,0.0068,0.0047,100000000.0,1000000.0
2025-11-02T12:00:00+00:00,ibm,ibm_marrakesh,156,1,,0.03018,0.02385,201.8,117.6
2025-11-02T12:00:00+00:00,ibm,ibm_marrakesh,156,1,,0.03018,0.02385,201.8,117.6
2025-11-02T12:00:00+00:00,ibm,ibm_fez,156,1,,0.01838,0.01823,140.6,101.7
2025-11-02T12:00:00+00:00,ibm,ibm_fez,156,1,,0.01838,0.01823,140.6,101.7
2025-11-02T12:00:00+00:00,ibm,ibm_kingston,156,1,,0.04161,0.02233,244.4,126.4
2025-11-02T12:00:00+00:00,ibm,ibm_kingston,156,1,,0.04161,0.02233,244.4,126.4
2025-11-03T00:00:00+00:00,ionq,qpu.forte-1,36,1,,0.0077,0.005,100000000.0,1000000.0
2025-11-03T12:00:00+00:00,ibm,ibm_marrakesh,156,1,,0.02997,0.02691,191.8,114.7
2025-11-03T12:00:00+00:00,ibm,ibm_marrakesh,156,1,,0.02997,0.02691,191.8,114.7
2025-11-03T12:00:00+00:00,ibm,ibm_fez,156,1,,0.0183,0.01904,146.9,109.2
2025-11-03T12:00:00+00:00,ibm,ibm_fez,156,1,,0.0183,0.01904,146.9,109.2
2025-11-03T12:00:00+00:00,ibm,ibm_kingston,156,1,,0.04425,0.02354,264.8,122.8
2025-11-03T12:00:00+00:00,ibm,ibm_kingston,156,1,,0.04425,0.02354,264.8,122.8
2025-11-04T00:00:00+00:00,ionq,qpu.forte-1,36,1,,0.0064,0.005,100000000.0,1000000.0
2025-11-04T12:00:00+00:00,ibm,ibm_marrakesh,156,1,,0.03001,0.02704,180.2,96.1
2025-11-04T12:00:00+00:00,ibm,ibm_marrakesh,156,1,,0.03001,0.02704,180.2,96.1
2025-11-04T12:00:00+00:00,ibm,ibm_fez,156,1,,0.02033,0.01896,126.4,96.3
2025-11-04T12:00:00+00:00,ibm,ibm_fez,156,1,,0.02033,0.01896,126.4,96.3
2025-11-04T12:00:00+00:00,ibm,ibm_kingston,156,1,,0.04463,0.02229,273.6,132.3
2025-11-04T12:00:00+00:00,ibm,ibm_kingston,156,1,,0.04463,0.02229,273.6,132.3
2025-11-05T00:00:00+00:00,ionq,qpu.forte-1,36,1,,0.0068,0.0056,100000000.0,1000000.0
2025-11-05T12:00:00+00:00,ibm,ibm_marrakesh,156,1,,0.03125,0.03292,186.6,100.8
2025-11-05T12:00:00+00:00,ibm,ibm_marrakesh,156,1,,0.03125,0.03292,186.6,100.8
2025-11-05T12:00:00+00:00,ibm,ibm_fez,156,1,,0.01936,0.01996,135.8,94.9
2025-11-05T12:00:00+00:00,ibm,ibm_fez,156,1,,0.01936,0.01996,135.8,94.9
2025-11-05T12:00:00+00:00,ibm,ibm_kingston,156,1,,0.0444,0.02425,268.9,129.9
2025-11-05T12:00:00+00:00,ibm,ibm_kingston,156,1,,0.0444,0.02425,268.9,129.9
2025-11-06T00:00:00+00:00,ionq,qpu.forte-1,36,1,,0.0067,0.0049,100000000.0,1000000.0
2025-11-06T12:00:00+00:00,ibm,ibm_marrakesh,156,1,,0.03044,0.0321,186.6,100.8
2025-11-06T12:00:00+00:00,ibm,ibm_marrakesh,156,1,,0.03044,0.0321,186.6,100.8
2025-11-06T12:00:00+00:00,ibm,ibm_fez,156,1,,0.02562,0.01881,148.8,109.4
2025-11-06T12:00:00+00:00,ibm,ibm_fez,156,1,,0.02562,0.01881,148.8,109.4
2025-11-06T12:00:00+00:00,ibm,ibm_kingston,156,1,,0.04448,0.02319,270.5,138.5
2025-11-06T12:00:00+00:00,ibm,ibm_kingston,156,1,,0.04448,0.02319,270.5,138.5
2025-11-07T00:00:00+00:00,ionq,qpu.forte-1,36,1,,0.0079,0.0055,100000000.0,1000000.0
2025-11-07T12:00:00+00:00,ibm,ibm_marrakesh,156,1,,0.03132,0.02562,188.1,112.0
2025-11-07T12:00:00+00:00,ibm,ibm_marrakesh,156,1,,0.03132,0.02562,188.1,112.0
2025-11-07T12:00:00+00:00,ibm,ibm_fez,156,1,,0.02562,0.01908,148.8,109.4
2025-11-07T12:00:00+00:00,ibm,ibm_fez,156,1,,0.02562,0.01908,148.8,109.4
2025-11-07T12:00:00+00:00,ibm,ibm_kingston,156,1,,0.04448,0.02482,264.7,128.8
2025-11-07T12:00:00+00:00,ibm,ibm_kingston,156,1,,0.04448,0.02482,264.7,128.8
2025-11-08T00:00:00+00:00,ionq,qpu.forte-1,36,1,,0.0104,0.005,100000000.0,1000000.0
2025-11-08T12:00:00+00:00,ibm,ibm_marrakesh,156,1,,0.03053,0.02856,185.0,108.7
2025-11-08T12:00:00+00:00,ibm,ibm_marrakesh,156,1,,0.03053,0.02856,185.0,108.7
2025-11-08T12:00:00+00:00,ibm,ibm_fez,156,1,,0.02547,0.01788,135.2,95.0
2025-11-08T12:00:00+00:00,ibm,ibm_fez,156,1,,0.02547,0.01788,135.2,95.0
2025-11-08T12:00:00+00:00,ibm,ibm_kingston,156,1,,0.04437,0.02245,264.7,128.8
2025-11-08T12:00:00+00:00,ibm,ibm_kingston,156,1,,0.04437,0.02245,264.7,128.8
2025-11-09T00:00:00+00:00,ionq,qpu.forte-1,36,1,,0.0083,0.0051,100000000.0,1000000.0
2025-11-09T12:00:00+00:00,ibm,ibm_marrakesh,156,1,,0.03069,0.02638,197.2,107.5
2025-11-09T12:00:00+00:00,ibm,ibm_marrakesh,156,1,,0.03069,0.02638,197.2,107.5
2025-11-09T12:00:00+00:00,ibm,ibm_fez,156,1,,0.02534,0.01771,133.0,97.9
2025-11-09T12:00:00+00:00,ibm,ibm_fez,156,1,,0.02534,0.01771,133.0,97.9
2025-11-09T12:00:00+00:00,ibm,ibm_kingston,156,1,,0.04992,0.02106,245.5,130.9
2025-11-09T12:00:00+00:00,ibm,ibm_kingston,156,1,,0.04992,0.02106,245.5,130.9
2025-11-10T00:00:00+00:00,ionq,qpu.forte-1,36,1,,0.0088,0.0047,100000000.0,1000000.0
2025-11-10T12:00:00+00:00,ibm,ibm_marrakesh,156,1,,0.03078,0.02744,196.0,102.1
2025-11-10T12:00:00+00:00,ibm,ibm_marrakesh,156,1,,0.03078,0.02744,196.0,102.1
2025-11-10T12:00:00+00:00,ibm,ibm_fez,156,1,,0.02527,0.01841,136.2,100.1
2025-11-10T12:00:00+00:00,ibm,ibm_fez,156,1,,0.02527,0.01841,136.2,100.1
2025-11-10T12:00:00+00:00,ibm,ibm_kingston,156,1,,0.04712,0.02404,259.5,126.4
2025-11-10T12:00:00+00:00,ibm,ibm_kingston,156,1,,0.04712,0.02404,259.5,126.4
2025-11-11T00:00:00+00:00,ionq,qpu.forte-1,36,1,,0.0131,0.0308,100000000.0,1000000.0
2025-11-11T12:00:00+00:00,ibm,ibm_marrakesh,156,1,,0.03097,0.02632,178.1,95.0
2025-11-11T12:00:00+00:00,ibm,ibm_marrakesh,156,1,,0.03097,0.02632,178.1,95.0
2025-11-11T12:00:00+00:00,ibm,ibm_fez,156,1,,0.02526,0.01944,145.8,108.2
2025-11-11T12:00:00+00:00,ibm,ibm_fez,156,1,,0.02526,0.01944,145.8,108.2
2025-11-11T12:00:00+00:00,ibm,ibm_kingston,156,1,,0.04769,0.0246,268.5,125.0
2025-11-11T12:00:00+00:00,ibm,ibm_kingston,156,1,,0.04769,0.0246,268.5,125.0
2025-11-12T00:00:00+00:00,ionq,qpu.forte-1,36,1,,0.0088,0.0045,100000000.0,1000000.0
2025-11-12T12:00:00+00:00,ibm,ibm_marrakesh,156,1,,0.03177,0.02926,186.2,118.1
2025-11-12T12:00:00+00:00,ibm,ibm_marrakesh,156,1,,0.03177,0.02926,186.2,118.1
2025-11-12T12:00:00+00:00,ibm,ibm_fez,156,1,,0.0335,0.01652,137.3,98.9
2025-11-12T12:00:00+00:00,ibm,ibm_fez,156,1,,0.0335,0.01652,137.3,98.9
2025-11-12T12:00:00+00:00,ibm,ibm_kingston,156,1,,0.04971,0.02365,253.5,128.2
2025-11-12T12:00:00+00:00,ibm,ibm_kingston,156,1,,0.04971,0.02365,253.5,128.2
2025-11-13T00:00:00+00:00,ionq,qpu.forte-1,36,1,,0.0085,0.0045,100000000.0,1000000.0
2025-11-13T12:00:00+00:00,ibm,ibm_marrakesh,156,1,,0.03093,0.03134,200.4,108.0
2025-11-13T12:00:00+00:00,ibm,ibm_marrakesh,156,1,,0.03093,0.03134,200.4,108.0
2025-11-13T12:00:00+00:00,ibm,ibm_fez,156,1,,0.0335,0.0177,136.7,99.8
2025-11-13T12:00:00+00:00,ibm,ibm_fez,156,1,,0.0335,0.0177,136.7,99.8
2025-11-13T12:00:00+00:00,ibm,ibm_kingston,156,1,,0.0497,0.02331,283.8,137.4
2025-11-13T12:00:00+00:00,ibm,ibm_kingston,156,1,,0.0497,0.02331,283.8,137.4
2025-11-14T00:00:00+00:00,ionq,qpu.forte-1,36,1,,0.0073,0.0046,100000000.0,1000000.0
2025-11-14T12:00:00+00:00,ibm,ibm_marrakesh,156,1,,0.03094,0.02747,197.3,114.4
2025-11-14T12:00:00+00:00,ibm,ibm_marrakesh,156,1,,0.03094,0.02747,197.3,114.4
2025-11-14T12:00:00+00:00,ibm,ibm_fez,156,1,,0.03347,0.01873,136.7,99.8
2025-11-14T12:00:00+00:00,ibm,ibm_fez,156,1,,0.03347,0.01873,136.7,99.8
2025-11-14T12:00:00+00:00,ibm,ibm_kingston,156,1,,0.0496,0.02159,260.7,129.8
2025-11-14T12:00:00+00:00,ibm,ibm_kingston,156,1,,0.0496,0.02159,260.7,129.8
2025-11-15T00:00:00+00:00,ionq,qpu.forte-1,36,1,,0.0065,0.0043,100000000.0,1000000.0
2025-11-15T12:00:00+00:00,ibm,ibm_marrakesh,156,1,,0.031,0.02716,190.9,109.6
2025-11-15T12:00:00+00:00,ibm,ibm_marrakesh,156,1,,0.031,0.02716,190.9,109.6
2025-11-15T12:00:00+00:00,ibm,ibm_fez,156,1,,0.03364,0.01872,142.6,97.7
2025-11-15T12:00:00+00:00,ibm,ibm_fez,156,1,,0.03364,0.01872,142.6,97.7
2025-11-15T12:00:00+00:00,ibm,ibm_kingston,156,1,,0.04975,0.02287,262.9,135.9
2025-11-15T12:00:00+00:00,ibm,ibm_kingston,156,1,,0.04975,0.02287,262.9,135.9
2025-11-16T00:00:00+00:00,ionq,qpu.forte-1,36,1,,0.0074,0.0042,100000000.0,1000000.0
2025-11-16T12:00:00+00:00,ibm,ibm_marrakesh,156,1,,0.03059,0.02678,191.0,109.8
2025-11-16T12:00:00+00:00,ibm,ibm_marrakesh,156,1,,0.03059,0.02678,191.0,109.8
2025-11-16T12:00:00+00:00,ibm,ibm_fez,156,1,,0.03114,0.01936,154.9,106.3
2025-11-16T12:00:00+00:00,ibm,ibm_fez,156,1,,0.03114,0.01936,154.9,106.3
2025-11-16T12:00:00+00:00,ibm,ibm_kingston,156,1,,0.04717,0.01982,259.2,145.0
2025-11-16T12:00:00+00:00,ibm,ibm_kingston,156,1,,0.04717,0.01982,259.2,145.0
2025-11-17T00:00:00+00:00,ionq,qpu.forte-1,36,1,,0.007,0.0042,100000000.0,1000000.0
2025-11-17T12:00:00+00:00,ibm,ibm_marrakesh,156,1,,0.03106,0.02738,189.8,100.1
2025-11-17T12:00:00+00:00,ibm,ibm_marrakesh,156,1,,0.03106,0.02738,189.8,100.1
2025-11-17T12:00:00+00:00,ibm,ibm_fez,156,1,,0.03112,0.01744,147.0,98.9
2025-11-17T12:00:00+00:00,ibm,ibm_fez,156,1,,0.03112,0.01744,147.0,98.9
2025-11-17T12:00:00+00:00,ibm,ibm_kingston,156,1,,0.04723,0.02345,267.2,139.7
2025-11-17T12:00:00+00:00,ibm,ibm_kingston,156,1,,0.04723,0.02345,267.2,139.7
2025-11-18T00:00:00+00:00,ionq,qpu.forte-1,36,1,,0.0093,0.0042,100000000.0,1000000.0
2025-11-18T12:00:00+00:00,ibm,ibm_marrakesh,156,1,,0.03076,0.0302,200.5,106.2
2025-11-18T12:00:00+00:00,ibm,ibm_marrakesh,156,1,,0.03076,0.0302,200.5,106.2
2025-11-18T12:00:00+00:00,ibm,ibm_fez,156,1,,0.03111,0.01887,142.4,98.4
2025-11-18T12:00:00+00:00,ibm,ibm_fez,156,1,,0.03111,0.01887,142.4,98.4
2025-11-18T12:00:00+00:00,ibm,ibm_kingston,156,1,,0.05071,0.02246,261.4,131.9
2025-11-18T12:00:00+00:00,ibm,ibm_kingston,156,1,,0.05071,0.02246,261.4,131.9
2025-11-19T00:00:00+00:00,ionq,qpu.forte-1,36,1,,0.0165,0.0041,100000000.0,1000000.0
2025-11-19T12:00:00+00:00,ibm,ibm_marrakesh,156,1,,0.03058,0.02575,185.8,104.2
2025-11-19T12:00:00+00:00,ibm,ibm_marrakesh,156,1,,0.03058,0.02575,185.8,104.2
2025-11-19T12:00:00+00:00,ibm,ibm_fez,156,1,,0.03222,0.02002,138.6,99.4
2025-11-19T12:00:00+00:00,ibm,ibm_fez,156,1,,0.03222,0.02002,138.6,99.4
2025-11-19T12:00:00+00:00,ibm,ibm_kingston,156,1,,0.05239,0.023,261.7,150.8
2025-11-19T12:00:00+00:00,ibm,ibm_kingston,156,1,,0.05239,0.023,261.7,150.8
2025-11-20T00:00:00+00:00,ionq,qpu.forte-1,36,1,,0.0123,0.0042,100000000.0,1000000.0
2025-11-20T00:00:00+00:00,ionq,qpu.forte-enterprise-1,36,1,,0.005,0.0114,188000000.0,950000.0
2025-11-20T12:00:00+00:00,ibm,ibm_marrakesh,156,1,,0.02721,0.03138,192.9,94.1
2025-11-20T12:00:00+00:00,ibm,ibm_marrakesh,156,1,,0.02721,0.03138,192.9,94.1
2025-11-20T12:00:00+00:00,ibm,ibm_fez,156,1,,0.03165,0.01777,139.2,92.3
2025-11-20T12:00:00+00:00,ibm,ibm_fez,156,1,,0.03165,0.01777,139.2,92.3
2025-11-20T12:00:00+00:00,ibm,ibm_kingston,156,1,,0.05229,0.0227,253.5,140.9
2025-11-20T12:00:00+00:00,ibm,ibm_kingston,156,1,,0.05229,0.0227,253.5,140.9
2025-11-21T00:00:00+00:00,ionq,qpu.forte-1,36,1,,0.0091,0.0042,100000000.0,1000000.0
2025-11-21T00:00:00+00:00,ionq,qpu.forte-enterprise-1,36,1,,0.0046,0.011,188000000.0,950000.0
2025-11-21T12:00:00+00:00,ibm,ibm_marrakesh,156,1,,0.02721,0.02769,188.4,106.8
2025-11-21T12:00:00+00:00,ibm,ibm_marrakesh,156,1,,0.02721,0.02769,188.4,106.8
2025-11-21T12:00:00+00:00,ibm,ibm_fez,156,1,,0.03212,0.01945,139.2,92.3
2025-11-21T12:00:00+00:00,ibm,ibm_fez,156,1,,0.03212,0.01945,139.2,92.3
2025-11-21T12:00:00+00:00,ibm,ibm_kingston,156,1,,0.05275,0.02269,253.5,140.9
2025-11-21T12:00:00+00:00,ibm,ibm_kingston,156,1,,0.05275,0.02269,253.5,140.9
2025-11-22T00:00:00+00:00,ionq,qpu.forte-1,36,1,,0.0089,0.0043,100000000.0,1000000.0
2025-11-22T00:00:00+00:00,ionq,qpu.forte-enterprise-1,36,1,,0.0054,0.0056,188000000.0,950000.0
2025-11-22T12:00:00+00:00,ibm,ibm_marrakesh,156,1,,0.02802,0.03012,178.9,99.6
2025-11-22T12:00:00+00:00,ibm,ibm_marrakesh,156,1,,0.02802,0.03012,178.9,99.6
2025-11-22T12:00:00+00:00,ibm,ibm_fez,156,1,,0.03216,0.01959,125.9,98.7
2025-11-22T12:00:00+00:00,ibm,ibm_fez,156,1,,0.03216,0.01959,125.9,98.7
2025-11-22T12:00:00+00:00,ibm,ibm_kingston,156,1,,0.05247,0.02373,251.3,128.8
2025-11-22T12:00:00+00:00,ibm,ibm_kingston,156,1,,0.05247,0.02373,251.3,128.8
2025-11-23T00:00:00+00:00,ionq,qpu.forte-1,36,1,,0.0194,0.0051,100000000.0,1000000.0
2025-11-23T00:00:00+00:00,ionq,qpu.forte-enterprise-1,36,1,,0.0083,0.0092,188000000.0,950000.0
2025-11-23T12:00:00+00:00,ibm,ibm_marrakesh,156,1,,0.02735,0.02296,197.6,100.6
2025-11-23T12:00:00+00:00,ibm,ibm_marrakesh,156,1,,0.02735,0.02296,197.6,100.6
2025-11-23T12:00:00+00:00,ibm,ibm_fez,156,1,,0.03201,0.01783,131.3,97.9
2025-11-23T12:00:00+00:00,ibm,ibm_fez,156,1,,0.03201,0.01783,131.3,97.9
2025-11-23T12:00:00+00:00,ibm,ibm_kingston,156,1,,0.05247,0.02378,217.1,125.0
2025-11-23T12:00:00+00:00,ibm,ibm_kingston,156,1,,0.05247,0.02378,217.1,125.0
2025-11-24T00:00:00+00:00,ionq,qpu.forte-1,36,1,,0.0072,0.0042,100000000.0,1000000.0
2025-11-24T00:00:00+00:00,ionq,qpu.forte-enterprise-1,36,1,,0.0072,0.0059,188000000.0,950000.0
2025-11-24T12:00:00+00:00,ibm,ibm_marrakesh,156,1,,0.02722,0.0244,183.8,85.3
2025-11-24T12:00:00+00:00,ibm,ibm_marrakesh,156,1,,0.02722,0.0244,183.8,85.3
2025-11-24T12:00:00+00:00,ibm,ibm_fez,156,1,,0.03225,0.01788,131.8,95.7
2025-11-24T12:00:00+00:00,ibm,ibm_fez,156,1,,0.03225,0.01788,131.8,95.7
2025-11-24T12:00:00+00:00,ibm,ibm_kingston,156,1,,0.0552,0.02215,217.1,125.0
2025-11-24T12:00:00+00:00,ibm,ibm_kingston,156,1,,0.0552,0.02215,217.1,125.0
2025-11-25T00:00:00+00:00,ionq,qpu.forte-1,36,1,,0.0097,0.0042,100000000.0,1000000.0
2025-11-25T00:00:00+00:00,ionq,qpu.forte-enterprise-1,36,1,,0.0052,0.006,188000000.0,950000.0
2025-11-25T12:00:00+00:00,ibm,ibm_marrakesh,156,1,,0.02709,0.02601,195.8,107.9
2025-11-25T12:00:00+00:00,ibm,ibm_marrakesh,156,1,,0.02709,0.02601,195.8,107.9
2025-11-25T12:00:00+00:00,ibm,ibm_fez,156,1,,0.03217,0.01952,135.5,99.6
2025-11-25T12:00:00+00:00,ibm,ibm_fez,156,1,,0.03217,0.01952,135.5,99.6
2025-11-25T12:00:00+00:00,ibm,ibm_kingston,156,1,,0.05521,0.02107,253.6,137.5
2025-11-25T12:00:00+00:00,ibm,ibm_kingston,156,1,,0.05521,0.02107,253.6,137.5
2025-11-26T00:00:00+00:00,ionq,qpu.forte-1,36,1,,0.012,0.0041,100000000.0,1000000.0
2025-11-26T00:00:00+00:00,ionq,qpu.forte-enterprise-1,36,1,,0.005,0.0059,188000000.0,950000.0
2025-11-26T12:00:00+00:00,ibm,ibm_marrakesh,156,1,,0.02749,0.0264,194.2,98.5
2025-11-26T12:00:00+00:00,ibm,ibm_marrakesh,156,1,,0.02749,0.0264,194.2,98.5
2025-11-26T12:00:00+00:00,ibm,ibm_fez,156,1,,0.03121,0.01894,140.6,101.6
2025-11-26T12:00:00+00:00,ibm,ibm_fez,156,1,,0.03121,0.01894,140.6,101.6
2025-11-26T12:00:00+00:00,ibm,ibm_kingston,156,1,,0.05312,0.02107,265.0,116.9
2025-11-26T12:00:00+00:00,ibm,ibm_kingston,156,1,,0.05312,0.02107,265.0,116.9
2025-11-27T00:00:00+00:00,ionq,qpu.forte-1,36,1,,0.0095,0.0041,100000000.0,1000000.0
2025-11-27T00:00:00+00:00,ionq,qpu.forte-enterprise-1,36,1,,0.0056,0.0055,188000000.0,950000.0
2025-11-27T12:00:00+00:00,ibm,ibm_marrakesh,156,1,,0.02208,0.0245,183.2,94.7
2025-11-27T12:00:00+00:00,ibm,ibm_marrakesh,156,1,,0.02208,0.0245,183.2,94.7
2025-11-27T12:00:00+00:00,ibm,ibm_fez,156,1,,0.03147,0.0196,123.2,94.6
2025-11-27T12:00:00+00:00,ibm,ibm_kingston,156,1,,0.05265,0.02317,259.9,118.8
2025-11-27T12:00:00+00:00,ibm,ibm_kingston,156,1,,0.05265,0.02317,259.9,118.8
2025-11-28T00:00:00+00:00,ionq,qpu.forte-1,36,1,,0.0094,0.004,100000000.0,1000000.0
2025-11-28T00:00:00+00:00,ionq,qpu.forte-enterprise-1,36,1,,0.0312,0.0057,188000000.0,950000.0
2025-11-28T12:00:00+00:00,ibm,ibm_marrakesh,156,1,,0.02214,0.02355,185.3,94.4
2025-11-28T12:00:00+00:00,ibm,ibm_marrakesh,156,1,,0.02214,0.02355,185.3,94.4
2025-11-28T12:00:00+00:00,ibm,ibm_fez,156,1,,0.03146,0.02008,135.4,95.6
2025-11-28T12:00:00+00:00,ibm,ibm_fez,156,1,,0.03146,0.02008,135.4,95.6
2025-11-28T12:00:00+00:00,ibm,ibm_kingston,156,1,,0.05255,0.02297,251.9,132.8
2025-11-28T12:00:00+00:00,ibm,ibm_kingston,156,1,,0.05255,0.02297,251.9,132.8
2025-11-29T00:00:00+00:00,ionq,qpu.forte-1,36,1,,0.0066,0.0039,100000000.0,1000000.0
2025-11-29T00:00:00+00:00,ionq,qpu.forte-enterprise-1,36,1,,0.0045,0.0056,188000000.0,950000.0
2025-11-29T12:00:00+00:00,ibm,ibm_marrakesh,156,1,,0.02219,0.0237,186.5,102.8
2025-11-29T12:00:00+00:00,ibm,ibm_marrakesh,156,1,,0.02219,0.0237,186.5,102.8
2025-11-29T12:00:00+00:00,ibm,ibm_fez,156,1,,0.02865,0.01959,151.3,103.5
2025-11-29T12:00:00+00:00,ibm,ibm_fez,156,1,,0.02865,0.01959,151.3,103.5
2025-11-29T12:00:00+00:00,ibm,ibm_kingston,156,1,,0.05508,0.02241,222.7,116.8
2025-11-29T12:00:00+00:00,ibm,ibm_kingston,156,1,,0.05508,0.02241,222.7,116.8
2025-11-30T00:00:00+00:00,ionq,qpu.forte-1,36,1,,0.0083,0.0042,100000000.0,1000000.0
2025-11-30T00:00:00+00:00,ionq,qpu.forte-enterprise-1,36,1,,0.0058,0.0057,188000000.0,950000.0
2025-11-30T12:00:00+00:00,ibm,ibm_marrakesh,156,1,,0.02224,0.02733,188.9,94.9
2025-11-30T12:00:00+00:00,ibm,ibm_marrakesh,156,1,,0.02224,0.02733,188.9,94.9
2025-11-30T12:00:00+00:00,ibm,ibm_fez,156,1,,0.0285,0.01913,141.7,102.6
2025-11-30T12:00:00+00:00,ibm,ibm_fez,156,1,,0.0285,0.01913,141.7,102.6
2025-11-30T12:00:00+00:00,ibm,ibm_kingston,156,1,,0.05508,0.02153,262.8,149.4
2025-11-30T12:00:00+00:00,ibm,ibm_kingston,156,1,,0.05508,0.02153,262.8,149.4
2025-12-01T00:00:00+00:00,ionq,qpu.forte-1,36,1,,0.0085,0.004,100000000.0,1000000.0
2025-12-01T00:00:00+00:00,ionq,qpu.forte-enterprise-1,36,1,,0.0051,0.0056,188000000.0,950000.0
2025-12-01T12:00:00+00:00,ibm,ibm_marrakesh,156,1,,0.02294,0.02492,192.9,101.0
2025-12-01T12:00:00+00:00,ibm,ibm_marrakesh,156,1,,0.02294,0.02492,192.9,101.0
2025-12-01T12:00:00+00:00,ibm,ibm_fez,156,1,,0.02855,0.01973,143.3,99.8
2025-12-01T12:00:00+00:00,ibm,ibm_fez,156,1,,0.02855,0.01973,143.3,99.8
2025-12-01T12:00:00+00:00,ibm,ibm_kingston,156,1,,0.05227,0.02153,262.8,149.4
2025-12-01T12:00:00+00:00,ibm,ibm_kingston,156,1,,0.05227,0.02153,262.8,149.4
2025-12-02T00:00:00+00:00,ionq,qpu.forte-enterprise-1,36,1,,0.0044,0.0055,188000000.0,950000.0
2025-12-02T12:00:00+00:00,ibm,ibm_marrakesh,156,1,,0.02258,0.02248,197.1,107.1
2025-12-02T12:00:00+00:00,ibm,ibm_marrakesh,156,1,,0.02258,0.02248,197.1,107.1
2025-12-02T12:00:00+00:00,ibm,ibm_fez,156,1,,0.02869,0.02097,147.0,98.8
2025-12-02T12:00:00+00:00,ibm,ibm_fez,156,1,,0.02869,0.02097,147.0,98.8
2025-12-02T12:00:00+00:00,ibm,ibm_kingston,156,1,,0.05461,0.02299,262.8,149.4
2025-12-02T12:00:00+00:00,ibm,ibm_kingston,156,1,,0.05461,0.02299,262.8,149.4
2025-12-03T00:00:00+00:00,ionq,qpu.forte-enterprise-1,36,1,,0.0053,0.0056,188000000.0,950000.0
2025-12-03T12:00:00+00:00,ibm,ibm_marrakesh,156,1,,0.0228,0.02622,182.5,89.3
2025-12-03T12:00:00+00:00,ibm,ibm_marrakesh,156,1,,0.0228,0.02622,182.5,89.3
2025-12-03T12:00:00+00:00,ibm,ibm_fez,156,1,,0.02902,0.01848,142.6,103.9
2025-12-03T12:00:00+00:00,ibm,ibm_fez,156,1,,0.02902,0.01848,142.6,103.9
2025-12-03T12:00:00+00:00,ibm,ibm_kingston,156,1,,0.05461,0.50007,262.8,149.4
2025-12-03T12:00:00+00:00,ibm,ibm_kingston,156,1,,0.05461,0.50007,262.8,149.4
2025-12-04T00:00:00+00:00,ionq,qpu.forte-enterprise-1,36,1,,0.0053,0.0057,188000000.0,950000.0
2025-12-04T12:00:00+00:00,ibm,ibm_marrakesh,156,1,,0.02319,0.02656,160.8,94.4
2025-12-04T12:00:00+00:00,ibm,ibm_marrakesh,156,1,,0.02319,0.02656,160.8,94.4
2025-12-04T12:00:00+00:00,ibm,ibm_fez,156,1,,0.02919,0.01851,153.3,102.6
2025-12-04T12:00:00+00:00,ibm,ibm_fez,156,1,,0.02919,0.01851,153.3,102.6
2025-12-04T12:00:00+00:00,ibm,ibm_kingston,156,1,,0.04772,0.02839,262.8,149.4
2025-12-04T12:00:00+00:00,ibm,ibm_kingston,156,1,,0.04772,0.02839,262.8,149.4
2025-12-05T00:00:00+00:00,ionq,qpu.forte-enterprise-1,36,1,,0.0048,0.0056,188000000.0,950000.0
2025-12-05T12:00:00+00:00,ibm,ibm_marrakesh,156,1,,0.02295,0.02937,191.6,105.7
2025-12-05T12:00:00+00:00,ibm,ibm_marrakesh,156,1,,0.02295,0.02937,191.6,105.7
2025-12-05T12:00:00+00:00,ibm,ibm_fez,156,1,,0.02919,0.01821,153.2,105.4
2025-12-05T12:00:00+00:00,ibm,ibm_fez,156,1,,0.02919,0.01821,153.2,105.4
2025-12-05T12:00:00+00:00,ibm,ibm_kingston,156,1,,0.05223,0.02884,226.7,107.1
2025-12-06T12:00:00+00:00,ibm,ibm_marrakesh,156,1,,0.02333,0.0265,181.0,98.6
2025-12-06T12:00:00+00:00,ibm,ibm_marrakesh,156,1,,0.02333,0.0265,181.0,98.6
2025-12-06T12:00:00+00:00,ibm,ibm_fez,156,1,,0.02898,0.02005,153.2,105.4
2025-12-06T12:00:00+00:00,ibm,ibm_fez,156,1,,0.02898,0.02005,153.2,105.4
2025-12-06T12:00:00+00:00,ibm,ibm_kingston,156,1,,0.03828,0.03162,250.1,117.2
2025-12-06T12:00:00+00:00,ibm,ibm_kingston,156,1,,0.03828,0.03162,250.1,117.2
2025-12-07T12:00:00+00:00,ibm,ibm_marrakesh,156,1,,0.02325,0.0269,181.0,98.6
2025-12-07T12:00:00+00:00,ibm,ibm_marrakesh,156,1,,0.02325,0.0269,181.0,98.6
2025-12-07T12:00:00+00:00,ibm,ibm_fez,156,1,,0.02913,0.0186,136.7,98.9
2025-12-07T12:00:00+00:00,ibm,ibm_kingston,156,1,,0.03313,0.02849,250.1,117.2
2025-12-07T12:00:00+00:00,ibm,ibm_kingston,156,1,,0.03313,0.02849,250.1,117.2
2025-12-08T00:00:00+00:00,ionq,qpu.forte-enterprise-1,36,1,,0.0084,0.0053,188000000.0,950000.0
2025-12-08T12:00:00+00:00,ibm,ibm_marrakesh,156,1,,0.02325,0.44069,181.0,98.6
2025-12-08T12:00:00+00:00,ibm,ibm_marrakesh,156,1,,0.02325,0.44069,181.0,98.6
2025-12-08T12:00:00+00:00,ibm,ibm_fez,156,1,,0.03122,0.0184,142.7,98.5
2025-12-08T12:00:00+00:00,ibm,ibm_fez,156,1,,0.03122,0.0184,142.7,98.5
2025-12-08T12:00:00+00:00,ibm,ibm_kingston,156,1,,0.03322,0.02951,268.3,121.5
2025-12-08T12:00:00+00:00,ibm,ibm_kingston,156,1,,0.03322,0.02951,268.3,121.5
2025-12-09T00:00:00+00:00,ionq,qpu.forte-enterprise-1,36,1,,0.0081,0.0056,188000000.0,950000.0
2025-12-09T12:00:00+00:00,ibm,ibm_marrakesh,156,1,,0.02325,0.23878,167.8,97.3
2025-12-09T12:00:00+00:00,ibm,ibm_marrakesh,156,1,,0.02325,0.23878,167.8,97.3
2025-12-09T12:00:00+00:00,ibm,ibm_fez,156,1,,0.03119,0.0192,126.2,89.0
2025-12-09T12:00:00+00:00,ibm,ibm_fez,156,1,,0.03119,0.0192,126.2,89.0
2025-12-09T12:00:00+00:00,ibm,ibm_kingston,156,1,,0.03545,0.03046,273.2,128.8
2025-12-09T12:00:00+00:00,ibm,ibm_kingston,156,1,,0.03545,0.03046,273.2,128.8
2025-12-10T00:00:00+00:00,ionq,qpu.forte-enterprise-1,36,1,,0.008,0.0055,188000000.0,950000.0
2025-12-10T12:00:00+00:00,ibm,ibm_marrakesh,156,1,,0.02646,0.03383,167.8,97.3
2025-12-10T12:00:00+00:00,ibm,ibm_marrakesh,156,1,,0.02646,0.03383,167.8,97.3
2025-12-10T12:00:00+00:00,ibm,ibm_fez,156,1,,0.03079,0.01946,137.7,98.8
2025-12-10T12:00:00+00:00,ibm,ibm_fez,156,1,,0.03079,0.01946,137.7,98.8
2025-12-10T12:00:00+00:00,ibm,ibm_kingston,156,1,,0.03546,0.02994,272.4,124.3
2025-12-10T12:00:00+00:00,ibm,ibm_kingston,156,1,,0.03546,0.02994,272.4,124.3
2025-12-11T00:00:00+00:00,ionq,qpu.forte-enterprise-1,36,1,,0.0057,0.0056,188000000.0,950000.0
2025-12-11T12:00:00+00:00,ibm,ibm_marrakesh,156,1,,0.0288,0.03474,184.4,107.4
2025-12-11T12:00:00+00:00,ibm,ibm_marrakesh,156,1,,0.0288,0.03474,184.4,107.4
2025-12-11T12:00:00+00:00,ibm,ibm_fez,156,1,,0.03082,0.01944,147.0,100.6
2025-12-11T12:00:00+00:00,ibm,ibm_fez,156,1,,0.03082,0.01944,147.0,100.6
2025-12-11T12:00:00+00:00,ibm,ibm_kingston,156,1,,0.03355,0.02896,272.4,124.3
2025-12-11T12:00:00+00:00,ibm,ibm_kingston,156,1,,0.03355,0.02896,272.4,124.3
2025-12-12T00:00:00+00:00,ionq,qpu.forte-enterprise-1,36,1,,0.0053,0.0055,188000000.0,950000.0
2025-12-12T12:00:00+00:00,ibm,ibm_marrakesh,156,1,,0.0289,0.03065,189.9,110.9
2025-12-12T12:00:00+00:00,ibm,ibm_marrakesh,156,1,,0.0289,0.03065,189.9,110.9
2025-12-12T12:00:00+00:00,ibm,ibm_fez,156,1,,0.03082,0.02041,130.3,94.0
2025-12-12T12:00:00+00:00,ibm,ibm_fez,156,1,,0.03082,0.02041,130.3,94.0
2025-12-12T12:00:00+00:00,ibm,ibm_kingston,156,1,,0.03332,0.03041,229.1,123.6
2025-12-12T12:00:00+00:00,ibm,ibm_kingston,156,1,,0.03332,0.03041,229.1,123.6
2025-12-13T00:00:00+00:00,ionq,qpu.forte-enterprise-1,36,1,,0.0083,0.0054,188000000.0,950000.0
2025-12-13T12:00:00+00:00,ibm,ibm_marrakesh,156,1,,0.03054,0.03298,191.0,109.9
2025-12-13T12:00:00+00:00,ibm,ibm_marrakesh,156,1,,0.03054,0.03298,191.0,109.9
2025-12-13T12:00:00+00:00,ibm,ibm_fez,156,1,,0.03064,0.02012,130.3,94.0
2025-12-13T12:00:00+00:00,ibm,ibm_fez,156,1,,0.03064,0.02012,130.3,94.0
2025-12-13T12:00:00+00:00,ibm,ibm_kingston,156,1,,0.03625,0.03009,277.6,131.2
2025-12-13T12:00:00+00:00,ibm,ibm_kingston,156,1,,0.03625,0.03009,277.6,131.2
2025-12-14T00:00:00+00:00,ionq,qpu.forte-enterprise-1,36,1,,0.0072,0.0056,188000000.0,950000.0
2025-12-14T12:00:00+00:00,ibm,ibm_marrakesh,156,1,,0.03048,0.02896,190.8,106.7
2025-12-14T12:00:00+00:00,ibm,ibm_marrakesh,156,1,,0.03048,0.02896,190.8,106.7
2025-12-14T12:00:00+00:00,ibm,ibm_fez,156,1,,0.03095,0.01873,135.3,99.5
2025-12-14T12:00:00+00:00,ibm,ibm_fez,156,1,,0.03095,0.01873,135.3,99.5
2025-12-14T12:00:00+00:00,ibm,ibm_kingston,156,1,,0.03625,0.03009,235.3,125.2
2025-12-14T12:00:00+00:00,ibm,ibm_kingston,156,1,,0.03625,0.03009,235.3,125.2
2025-12-15T00:00:00+00:00,ionq,qpu.forte-enterprise-1,36,1,,0.0105,0.0055,188000000.0,950000.0
2025-12-15T12:00:00+00:00,ibm,ibm_marrakesh,156,1,,0.02613,0.03154,190.6,112.7
2025-12-15T12:00:00+00:00,ibm,ibm_marrakesh,156,1,,0.02613,0.03154,190.6,112.7
2025-12-15T12:00:00+00:00,ibm,ibm_fez,156,1,,0.03058,0.01918,145.2,102.7
2025-12-15T12:00:00+00:00,ibm,ibm_fez,156,1,,0.03058,0.01918,145.2,102.7
2025-12-15T12:00:00+00:00,ibm,ibm_kingston,156,1,,0.03673,0.02942,235.3,125.2
2025-12-15T12:00:00+00:00,ibm,ibm_kingston,156,1,,0.03673,0.02942,235.3,125.2
2025-12-16T00:00:00+00:00,ionq,qpu.forte-enterprise-1,36,1,,0.0095,0.0056,188000000.0,950000.0
2025-12-16T12:00:00+00:00,ibm,ibm_marrakesh,156,1,,0.02613,0.03128,190.6,112.7
2025-12-16T12:00:00+00:00,ibm,ibm_marrakesh,156,1,,0.02613,0.03128,190.6,112.7
2025-12-16T12:00:00+00:00,ibm,ibm_fez,156,1,,0.03076,0.01809,128.9,86.7
2025-12-16T12:00:00+00:00,ibm,ibm_fez,156,1,,0.03076,0.01809,128.9,86.7
2025-12-16T12:00:00+00:00,ibm,ibm_kingston,156,1,,0.03602,0.02759,273.4,138.7
2025-12-16T12:00:00+00:00,ibm,ibm_kingston,156,1,,0.03602,0.02759,273.4,138.7
2025-12-17T00:00:00+00:00,ionq,qpu.forte-1,36,1,,0.0148,0.0038,100000000.0,1000000.0
2025-12-17T00:00:00+00:00,ionq,qpu.forte-enterprise-1,36,1,,0.0055,0.0054,188000000.0,950000.0
2025-12-17T12:00:00+00:00,ibm,ibm_marrakesh,156,1,,0.02522,0.02916,180.1,105.8
2025-12-17T12:00:00+00:00,ibm,ibm_marrakesh,156,1,,0.02522,0.02916,180.1,105.8
2025-12-17T12:00:00+00:00,ibm,ibm_fez,156,1,,0.03173,0.01926,152.2,108.1
2025-12-17T12:00:00+00:00,ibm,ibm_fez,156,1,,0.03173,0.01926,152.2,108.1
2025-12-17T12:00:00+00:00,ibm,ibm_kingston,156,1,,0.03624,0.02984,267.8,141.7
2025-12-17T12:00:00+00:00,ibm,ibm_kingston,156,1,,0.03624,0.02984,267.8,141.7
2025-12-18T00:00:00+00:00,ionq,qpu.forte-enterprise-1,36,1,,0.005,0.0054,188000000.0,950000.0
2025-12-18T12:00:00+00:00,ibm,ibm_marrakesh,156,1,,0.02366,0.02799,188.4,101.8
2025-12-18T12:00:00+00:00,ibm,ibm_marrakesh,156,1,,0.02366,0.02799,188.4,101.8
2025-12-18T12:00:00+00:00,ibm,ibm_fez,156,1,,0.03106,0.01911,132.3,97.7
2025-12-18T12:00:00+00:00,ibm,ibm_fez,156,1,,0.03106,0.01911,132.3,97.7
2025-12-18T12:00:00+00:00,ibm,ibm_kingston,156,1,,0.04401,0.0295,261.6,136.4
2025-12-18T12:00:00+00:00,ibm,ibm_kingston,156,1,,0.04401,0.0295,261.6,136.4
2025-12-19T00:00:00+00:00,ionq,qpu.forte-1,36,1,,0.0146,0.0044,100000000.0,1000000.0
2025-12-19T00:00:00+00:00,ionq,qpu.forte-enterprise-1,36,1,,0.0051,0.0065,188000000.0,950000.0
2025-12-19T12:00:00+00:00,ibm,ibm_marrakesh,156,1,,0.02352,0.03368,188.2,97.7
2025-12-19T12:00:00+00:00,ibm,ibm_marrakesh,156,1,,0.02352,0.03368,188.2,97.7
2025-12-19T12:00:00+00:00,ibm,ibm_fez,156,1,,0.03132,0.01885,140.7,100.9
2025-12-19T12:00:00+00:00,ibm,ibm_fez,156,1,,0.03132,0.01885,140.7,100.9
2025-12-19T12:00:00+00:00,ibm,ibm_kingston,156,1,,0.04419,0.02905,271.8,148.2
2025-12-19T12:00:00+00:00,ibm,ibm_kingston,156,1,,0.04419,0.02905,271.8,148.2
2025-12-20T00:00:00+00:00,ionq,qpu.forte-1,36,1,,0.0146,0.0044,100000000.0,1000000.0
2025-12-20T00:00:00+00:00,ionq,qpu.forte-enterprise-1,36,1,,0.0059,0.0053,188000000.0,950000.0
2025-12-20T12:00:00+00:00,ibm,ibm_marrakesh,156,1,,0.02307,0.0354,185.4,113.2
2025-12-20T12:00:00+00:00,ibm,ibm_marrakesh,156,1,,0.02307,0.0354,185.4,113.2
2025-12-20T12:00:00+00:00,ibm,ibm_fez,156,1,,0.03135,0.01993,123.7,98.2
2025-12-20T12:00:00+00:00,ibm,ibm_fez,156,1,,0.03135,0.01993,123.7,98.2
2025-12-20T12:00:00+00:00,ibm,ibm_kingston,156,1,,0.04695,0.02922,255.6,128.5
2025-12-20T12:00:00+00:00,ibm,ibm_kingston,156,1,,0.04695,0.02922,255.6,128.5
2025-12-21T00:00:00+00:00,ionq,qpu.forte-enterprise-1,36,1,,0.0087,0.0054,188000000.0,950000.0
2025-12-21T12:00:00+00:00,ibm,ibm_marrakesh,156,1,,0.02296,0.03034,180.3,95.9
2025-12-21T12:00:00+00:00,ibm,ibm_marrakesh,156,1,,0.02296,0.03034,180.3,95.9
2025-12-21T12:00:00+00:00,ibm,ibm_fez,156,1,,0.03135,0.01878,123.7,98.2
2025-12-21T12:00:00+00:00,ibm,ibm_fez,156,1,,0.03135,0.01878,123.7,98.2
2025-12-21T12:00:00+00:00,ibm,ibm_kingston,156,1,,0.04688,0.02917,259.6,141.7
2025-12-21T12:00:00+00:00,ibm,ibm_kingston,156,1,,0.04688,0.02917,259.6,141.7
2025-12-22T00:00:00+00:00,ionq,qpu.forte-1,36,1,,0.012,0.0046,100000000.0,1000000.0
2025-12-22T00:00:00+00:00,ionq,qpu.forte-enterprise-1,36,1,,0.0125,0.0054,188000000.0,950000.0
2025-12-22T12:00:00+00:00,ibm,ibm_marrakesh,156,1,,0.02305,0.03064,186.4,116.1
2025-12-22T12:00:00+00:00,ibm,ibm_marrakesh,156,1,,0.02305,0.03064,186.4,116.1
2025-12-22T12:00:00+00:00,ibm,ibm_fez,156,1,,0.03087,0.01872,142.5,95.1
2025-12-22T12:00:00+00:00,ibm,ibm_fez,156,1,,0.03087,0.01872,142.5,95.1
2025-12-22T12:00:00+00:00,ibm,ibm_kingston,156,1,,0.04686,0.02957,259.6,141.7
2025-12-22T12:00:00+00:00,ibm,ibm_kingston,156,1,,0.04686,0.02957,259.6,141.7
2025-12-23T00:00:00+00:00,ionq,qpu.forte-1,36,1,,0.0059,0.0043,100000000.0,1000000.0
2025-12-23T00:00:00+00:00,ionq,qpu.forte-enterprise-1,36,1,,0.0098,0.0055,188000000.0,950000.0
2025-12-23T12:00:00+00:00,ibm,ibm_marrakesh,156,1,,0.02049,0.0321,187.7,110.4
2025-12-23T12:00:00+00:00,ibm,ibm_marrakesh,156,1,,0.02049,0.0321,187.7,110.4
2025-12-23T12:00:00+00:00,ibm,ibm_fez,156,1,,0.03091,0.01872,141.3,101.1
2025-12-23T12:00:00+00:00,ibm,ibm_fez,156,1,,0.03091,0.01872,141.3,101.1
2025-12-23T12:00:00+00:00,ibm,ibm_kingston,156,1,,0.04661,0.02923,230.6,135.2
2025-12-23T12:00:00+00:00,ibm,ibm_kingston,156,1,,0.04661,0.02923,230.6,135.2
2025-12-24T00:00:00+00:00,ionq,qpu.forte-1,36,1,,0.008,0.004,100000000.0,1000000.0
2025-12-24T00:00:00+00:00,ionq,qpu.forte-enterprise-1,36,1,,0.0142,0.0052,188000000.0,950000.0
2025-12-24T12:00:00+00:00,ibm,ibm_marrakesh,156,1,,0.02004,0.03217,183.0,114.8
2025-12-24T12:00:00+00:00,ibm,ibm_marrakesh,156,1,,0.02004,0.03217,183.0,114.8
2025-12-24T12:00:00+00:00,ibm,ibm_fez,156,1,,0.03113,0.01947,138.8,101.3
2025-12-24T12:00:00+00:00,ibm,ibm_fez,156,1,,0.03113,0.01947,138.8,101.3
2025-12-24T12:00:00+00:00,ibm,ibm_kingston,156,1,,0.04678,0.02899,267.2,134.9
2025-12-24T12:00:00+00:00,ibm,ibm_kingston,156,1,,0.04678,0.02899,267.2,134.9
2025-12-25T00:00:00+00:00,ionq,qpu.forte-1,36,1,,0.0047,0.0041,100000000.0,1000000.0
2025-12-25T00:00:00+00:00,ionq,qpu.forte-enterprise-1,36,1,,0.0096,0.0053,188000000.0,950000.0
2025-12-25T12:00:00+00:00,ibm,ibm_marrakesh,156,1,,0.01977,0.02858,184.7,115.1
2025-12-25T12:00:00+00:00,ibm,ibm_marrakesh,156,1,,0.01977,0.02858,184.7,115.1
2025-12-25T12:00:00+00:00,ibm,ibm_fez,156,1,,0.03076,0.01945,149.8,106.4
2025-12-25T12:00:00+00:00,ibm,ibm_fez,156,1,,0.03076,0.01945,149.8,106.4
2025-12-25T12:00:00+00:00,ibm,ibm_kingston,156,1,,0.04406,0.02946,271.3,142.9
2025-12-25T12:00:00+00:00,ibm,ibm_kingston,156,1,,0.04406,0.02946,271.3,142.9
2025-12-26T00:00:00+00:00,ionq,qpu.forte-1,36,1,,0.0093,0.0039,100000000.0,1000000.0
2025-12-26T00:00:00+00:00,ionq,qpu.forte-enterprise-1,36,1,,0.0147,0.0053,188000000.0,950000.0
2025-12-26T12:00:00+00:00,ibm,ibm_marrakesh,156,1,,0.01977,0.03363,184.7,115.1
2025-12-26T12:00:00+00:00,ibm,ibm_marrakesh,156,1,,0.01977,0.03363,184.7,115.1
2025-12-26T12:00:00+00:00,ibm,ibm_fez,156,1,,0.03076,0.0198,145.4,98.1
2025-12-26T12:00:00+00:00,ibm,ibm_fez,156,1,,0.03076,0.0198,145.4,98.1
2025-12-26T12:00:00+00:00,ibm,ibm_kingston,156,1,,0.04666,0.02939,258.8,134.1
2025-12-26T12:00:00+00:00,ibm,ibm_kingston,156,1,,0.04666,0.02939,258.8,134.1
2025-12-27T00:00:00+00:00,ionq,qpu.forte-1,36,1,,0.007,0.004,100000000.0,1000000.0
2025-12-27T00:00:00+00:00,ionq,qpu.forte-enterprise-1,36,1,,0.0068,0.0052,188000000.0,950000.0
2025-12-27T12:00:00+00:00,ibm,ibm_marrakesh,156,1,,0.01991,0.03075,195.6,101.0
2025-12-27T12:00:00+00:00,ibm,ibm_marrakesh,156,1,,0.01991,0.03075,195.6,101.0
2025-12-27T12:00:00+00:00,ibm,ibm_fez,156,1,,0.03065,0.01933,145.8,108.3
2025-12-27T12:00:00+00:00,ibm,ibm_fez,156,1,,0.03065,0.01933,145.8,108.3
2025-12-27T12:00:00+00:00,ibm,ibm_kingston,156,1,,0.04666,0.03131,227.7,121.0
2025-12-27T12:00:00+00:00,ibm,ibm_kingston,156,1,,0.04666,0.03131,227.7,121.0
2025-12-28T00:00:00+00:00,ionq,qpu.forte-1,36,1,,0.0069,0.004,100000000.0,1000000.0
2025-12-28T00:00:00+00:00,ionq,qpu.forte-enterprise-1,36,1,,0.0049,0.0053,188000000.0,950000.0
2025-12-28T12:00:00+00:00,ibm,ibm_marrakesh,156,1,,0.01998,0.03058,184.4,104.4
2025-12-28T12:00:00+00:00,ibm,ibm_marrakesh,156,1,,0.01998,0.03058,184.4,104.4
2025-12-28T12:00:00+00:00,ibm,ibm_fez,156,1,,0.03127,0.0191,142.4,101.0
2025-12-28T12:00:00+00:00,ibm,ibm_fez,156,1,,0.03127,0.0191,142.4,101.0
2025-12-28T12:00:00+00:00,ibm,ibm_kingston,156,1,,0.04694,0.0282,227.7,121.0
2025-12-29T00:00:00+00:00,ionq,qpu.forte-1,36,1,,0.0141,0.0039,100000000.0,1000000.0
2025-12-29T00:00:00+00:00,ionq,qpu.forte-enterprise-1,36,1,,0.0046,0.0052,188000000.0,950000.0
2025-12-29T12:00:00+00:00,ibm,ibm_marrakesh,156,1,,0.02231,0.03439,183.4,113.2
2025-12-29T12:00:00+00:00,ibm,ibm_marrakesh,156,1,,0.02231,0.03439,183.4,113.2
2025-12-29T12:00:00+00:00,ibm,ibm_fez,156,1,,0.03147,0.0199,142.4,101.0
2025-12-29T12:00:00+00:00,ibm,ibm_fez,156,1,,0.03147,0.0199,142.4,101.0
2025-12-29T12:00:00+00:00,ibm,ibm_kingston,156,1,,0.04701,0.02835,257.5,121.3
2025-12-29T12:00:00+00:00,ibm,ibm_kingston,156,1,,0.04701,0.02835,257.5,121.3
2025-12-30T00:00:00+00:00,ionq,qpu.forte-1,36,1,,0.0118,0.0039,100000000.0,1000000.0
2025-12-30T00:00:00+00:00,ionq,qpu.forte-enterprise-1,36,1,,0.013,0.0054,188000000.0,950000.0
2025-12-30T12:00:00+00:00,ibm,ibm_marrakesh,156,1,,0.02222,0.03232,189.7,109.3
2025-12-30T12:00:00+00:00,ibm,ibm_marrakesh,156,1,,0.02222,0.03232,189.7,109.3
2025-12-30T12:00:00+00:00,ibm,ibm_fez,156,1,,0.03133,0.01948,144.3,95.9
2025-12-30T12:00:00+00:00,ibm,ibm_fez,156,1,,0.03133,0.01948,144.3,95.9
2025-12-30T12:00:00+00:00,ibm,ibm_kingston,156,1,,0.04701,0.02883,270.6,125.1
2025-12-30T12:00:00+00:00,ibm,ibm_kingston,156,1,,0.04701,0.02883,270.6,125.1
2025-12-31T00:00:00+00:00,ionq,qpu.forte-1,36,1,,0.0096,0.0039,100000000.0,1000000.0
2025-12-31T00:00:00+00:00,ionq,qpu.forte-enterprise-1,36,1,,0.0074,0.0052,188000000.0,950000.0
2025-12-31T12:00:00+00:00,ibm,ibm_marrakesh,156,1,,0.02308,0.02862,191.9,106.5
2025-12-31T12:00:00+00:00,ibm,ibm_marrakesh,156,1,,0.02308,0.02862,191.9,106.5
2025-12-31T12:00:00+00:00,ibm,ibm_fez,156,1,,0.03403,0.01816,145.7,100.4
2025-12-31T12:00:00+00:00,ibm,ibm_kingston,156,1,,0.047,0.02883,256.5,124.3
2025-12-31T12:00:00+00:00,ibm,ibm_kingston,156,1,,0.047,0.02883,256.5,124.3
2026-01-01T00:00:00+00:00,ionq,qpu.forte-1,36,1,,0.0054,0.0039,100000000.0,1000000.0
2026-01-01T00:00:00+00:00,ionq,qpu.forte-enterprise-1,36,1,,0.006,0.0053,188000000.0,950000.0
2026-01-01T12:00:00+00:00,ibm,ibm_marrakesh,156,1,,0.02118,0.03286,180.4,101.9
2026-01-01T12:00:00+00:00,ibm,ibm_marrakesh,156,1,,0.02118,0.03286,180.4,101.9
2026-01-01T12:00:00+00:00,ibm,ibm_fez,156,1,,0.03123,0.01909,141.5,105.9
2026-01-01T12:00:00+00:00,ibm,ibm_fez,156,1,,0.03123,0.01909,141.5,105.9
2026-01-01T12:00:00+00:00,ibm,ibm_kingston,156,1,,0.05062,0.02848,256.5,124.3
2026-01-01T12:00:00+00:00,ibm,ibm_kingston,156,1,,0.05062,0.02848,256.5,124.3
2026-01-02T00:00:00+00:00,ionq,qpu.forte-1,36,1,,0.008,0.0038,100000000.0,1000000.0
2026-01-02T00:00:00+00:00,ionq,qpu.forte-enterprise-1,36,1,,0.0057,0.0054,188000000.0,950000.0
2026-01-02T12:00:00+00:00,ibm,ibm_marrakesh,156,1,,0.02093,0.03237,162.9,97.7
2026-01-02T12:00:00+00:00,ibm,ibm_marrakesh,156,1,,0.02093,0.03237,162.9,97.7
2026-01-02T12:00:00+00:00,ibm,ibm_fez,156,1,,0.03141,0.0172,154.4,115.7
2026-01-02T12:00:00+00:00,ibm,ibm_fez,156,1,,0.03141,0.0172,154.4,115.7
2026-01-02T12:00:00+00:00,ibm,ibm_kingston,156,1,,0.05135,0.02838,231.8,109.9
2026-01-02T12:00:00+00:00,ibm,ibm_kingston,156,1,,0.05135,0.02838,231.8,109.9
2026-01-03T00:00:00+00:00,ionq,qpu.forte-enterprise-1,36,1,,0.0109,0.0052,188000000.0,950000.0
2026-01-03T12:00:00+00:00,ibm,ibm_marrakesh,156,1,,0.02096,0.03247,162.7,80.3
2026-01-03T12:00:00+00:00,ibm,ibm_marrakesh,156,1,,0.02096,0.03247,162.7,80.3
2026-01-03T12:00:00+00:00,ibm,ibm_fez,156,1,,0.03141,0.01798,125.5,90.8
2026-01-03T12:00:00+00:00,ibm,ibm_fez,156,1,,0.03141,0.01798,125.5,90.8
2026-01-03T12:00:00+00:00,ibm,ibm_kingston,156,1,,0.05067,0.02817,215.1,119.8
2026-01-03T12:00:00+00:00,ibm,ibm_kingston,156,1,,0.05067,0.02817,215.1,119.8
2026-01-04T00:00:00+00:00,ionq,qpu.forte-enterprise-1,36,1,,0.0092,0.0053,188000000.0,950000.0
2026-01-04T12:00:00+00:00,ibm,ibm_marrakesh,156,1,,0.02146,0.03632,172.7,97.0
2026-01-04T12:00:00+00:00,ibm,ibm_marrakesh,156,1,,0.02146,0.03632,172.7,97.0
2026-01-04T12:00:00+00:00,ibm,ibm_fez,156,1,,0.03148,0.01782,125.5,90.8
2026-01-04T12:00:00+00:00,ibm,ibm_fez,156,1,,0.03148,0.01782,125.5,90.8
2026-01-04T12:00:00+00:00,ibm,ibm_kingston,156,1,,0.05061,0.02876,207.6,115.2
2026-01-04T12:00:00+00:00,ibm,ibm_kingston,156,1,,0.05061,0.02876,207.6,115.2
2026-01-05T00:00:00+00:00,ionq,qpu.forte-1,36,1,,0.0104,0.0037,100000000.0,1000000.0
2026-01-05T00:00:00+00:00,ionq,qpu.forte-enterprise-1,36,1,,0.0081,0.0048,188000000.0,950000.0
2026-01-05T12:00:00+00:00,ibm,ibm_marrakesh,156,1,,0.02238,0.0338,160.0,83.9
2026-01-05T12:00:00+00:00,ibm,ibm_marrakesh,156,1,,0.02238,0.0338,160.0,83.9
2026-01-05T12:00:00+00:00,ibm,ibm_fez,156,1,,0.03093,0.02049,124.7,93.0
2026-01-05T12:00:00+00:00,ibm,ibm_fez,156,1,,0.03093,0.02049,124.7,93.0
2026-01-05T12:00:00+00:00,ibm,ibm_kingston,156,1,,0.05072,0.02928,222.1,119.8
2026-01-06T00:00:00+00:00,ionq,qpu.forte-1,36,1,,0.0104,0.0038,100000000.0,1000000.0
2026-01-06T00:00:00+00:00,ionq,qpu.forte-enterprise-1,36,1,,0.0062,0.0053,188000000.0,950000.0
2026-01-06T12:00:00+00:00,ibm,ibm_marrakesh,156,1,,0.02597,0.03391,160.0,83.9
2026-01-06T12:00:00+00:00,ibm,ibm_marrakesh,156,1,,0.02597,0.03391,160.0,83.9
2026-01-06T12:00:00+00:00,ibm,ibm_fez,156,1,,0.03095,0.01902,140.9,98.7
2026-01-06T12:00:00+00:00,ibm,ibm_fez,156,1,,0.03095,0.01902,140.9,98.7
2026-01-06T12:00:00+00:00,ibm,ibm_kingston,156,1,,0.05067,0.02768,210.4,119.8
2026-01-06T12:00:00+00:00,ibm,ibm_kingston,156,1,,0.05067,0.02768,210.4,119.8
2026-01-07T00:00:00+00:00,ionq,qpu.forte-1,36,1,,0.0079,0.0037,100000000.0,1000000.0
2026-01-07T00:00:00+00:00,ionq,qpu.forte-enterprise-1,36,1,,0.0063,0.0053,188000000.0,950000.0
2026-01-07T12:00:00+00:00,ibm,ibm_marrakesh,156,1,,0.02676,0.03259,163.1,86.7
2026-01-07T12:00:00+00:00,ibm,ibm_fez,156,1,,0.02936,0.01748,133.3,98.7
2026-01-07T12:00:00+00:00,ibm,ibm_fez,156,1,,0.02936,0.01748,133.3,98.7
2026-01-07T12:00:00+00:00,ibm,ibm_kingston,156,1,,0.05138,0.02925,205.9,116.2
2026-01-07T12:00:00+00:00,ibm,ibm_kingston,156,1,,0.05138,0.02925,205.9,116.2
2026-01-08T00:00:00+00:00,ionq,qpu.forte-1,36,1,,0.008,0.0038,100000000.0,1000000.0
2026-01-08T00:00:00+00:00,ionq,qpu.forte-enterprise-1,36,1,,0.0063,0.0053,188000000.0,950000.0
2026-01-08T12:00:00+00:00,ibm,ibm_marrakesh,156,1,,0.02674,0.03157,151.4,87.0
2026-01-08T12:00:00+00:00,ibm,ibm_fez,156,1,,0.02305,0.01872,127.4,93.6
2026-01-08T12:00:00+00:00,ibm,ibm_fez,156,1,,0.02305,0.01872,127.4,93.6
2026-01-08T12:00:00+00:00,ibm,ibm_kingston,156,1,,0.05118,0.03063,203.5,113.4
2026-01-08T12:00:00+00:00,ibm,ibm_kingston,156,1,,0.05118,0.03063,203.5,113.4
2026-01-09T00:00:00+00:00,ionq,qpu.forte-1,36,1,,0.0091,0.0037,100000000.0,1000000.0
2026-01-09T00:00:00+00:00,ionq,qpu.forte-enterprise-1,36,1,,0.0215,0.0053,188000000.0,950000.0
2026-01-09T12:00:00+00:00,ibm,ibm_marrakesh,156,1,,0.0257,0.02963,194.1,107.0
2026-01-09T12:00:00+00:00,ibm,ibm_marrakesh,156,1,,0.0257,0.02963,194.1,107.0
2026-01-09T12:00:00+00:00,ibm,ibm_fez,156,1,,0.02264,0.01933,145.0,99.9
2026-01-09T12:00:00+00:00,ibm,ibm_fez,156,1,,0.02264,0.01933,145.0,99.9
2026-01-09T12:00:00+00:00,ibm,ibm_kingston,156,1,,0.05108,0.03047,250.2,125.4
2026-01-09T12:00:00+00:00,ibm,ibm_kingston,156,1,,0.05108,0.03047,250.2,125.4
2026-01-10T00:00:00+00:00,ionq,qpu.forte-1,36,1,,0.0085,0.0045,100000000.0,1000000.0
2026-01-10T00:00:00+00:00,ionq,qpu.forte-enterprise-1,36,1,,0.0064,0.0053,188000000.0,950000.0
2026-01-10T12:00:00+00:00,ibm,ibm_marrakesh,156,1,,0.02537,0.0292,195.1,90.6
2026-01-10T12:00:00+00:00,ibm,ibm_marrakesh,156,1,,0.02537,0.0292,195.1,90.6
2026-01-10T12:00:00+00:00,ibm,ibm_fez,156,1,,0.02269,0.0191,148.3,107.1
2026-01-10T12:00:00+00:00,ibm,ibm_fez,156,1,,0.02269,0.0191,148.3,107.1
2026-01-10T12:00:00+00:00,ibm,ibm_kingston,156,1,,0.05108,0.03266,250.2,125.4
2026-01-10T12:00:00+00:00,ibm,ibm_kingston,156,1,,0.05108,0.03266,250.2,125.4
2026-01-11T00:00:00+00:00,ionq,qpu.forte-1,36,1,,0.015,0.004,100000000.0,1000000.0
2026-01-11T00:00:00+00:00,ionq,qpu.forte-enterprise-1,36,1,,0.0058,0.0053,188000000.0,950000.0
2026-01-11T12:00:00+00:00,ibm,ibm_marrakesh,156,1,,0.02516,0.03259,176.5,92.9
2026-01-11T12:00:00+00:00,ibm,ibm_marrakesh,156,1,,0.02516,0.03259,176.5,92.9
2026-01-11T12:00:00+00:00,ibm,ibm_fez,156,1,,0.02344,0.02005,138.5,93.8
2026-01-11T12:00:00+00:00,ibm,ibm_fez,156,1,,0.02344,0.02005,138.5,93.8
2026-01-11T12:00:00+00:00,ibm,ibm_kingston,156,1,,0.0513,0.03081,278.9,121.5
2026-01-11T12:00:00+00:00,ibm,ibm_kingston,156,1,,0.0513,0.03081,278.9,121.5
2026-01-12T00:00:00+00:00,ionq,qpu.forte-1,36,1,,0.0113,0.004,100000000.0,1000000.0
2026-01-12T00:00:00+00:00,ionq,qpu.forte-enterprise-1,36,1,,0.0073,0.0052,188000000.0,950000.0
2026-01-12T12:00:00+00:00,ibm,ibm_marrakesh,156,1,,0.02528,0.03178,188.1,104.9
2026-01-12T12:00:00+00:00,ibm,ibm_marrakesh,156,1,,0.02528,0.03178,188.1,104.9
2026-01-12T12:00:00+00:00,ibm,ibm_fez,156,1,,0.02264,0.02003,150.7,113.9
2026-01-12T12:00:00+00:00,ibm,ibm_fez,156,1,,0.02264,0.02003,150.7,113.9
2026-01-12T12:00:00+00:00,ibm,ibm_kingston,156,1,,0.05116,0.03073,266.2,117.4
2026-01-12T12:00:00+00:00,ibm,ibm_kingston,156,1,,0.05116,0.03073,266.2,117.4
2026-01-13T00:00:00+00:00,ionq,qpu.forte-1,36,1,,0.0093,0.0037,100000000.0,1000000.0
2026-01-13T00:00:00+00:00,ionq,qpu.forte-enterprise-1,36,1,,0.0077,0.0052,188000000.0,950000.0
2026-01-13T12:00:00+00:00,ibm,ibm_marrakesh,156,1,,0.02521,0.03793,188.6,106.9
2026-01-13T12:00:00+00:00,ibm,ibm_marrakesh,156,1,,0.02521,0.03793,188.6,106.9
2026-01-13T12:00:00+00:00,ibm,ibm_fez,156,1,,0.0229,0.01898,151.1,108.5
2026-01-13T12:00:00+00:00,ibm,ibm_fez,156,1,,0.0229,0.01898,151.1,108.5
2026-01-13T12:00:00+00:00,ibm,ibm_kingston,156,1,,0.0511,0.03103,267.1,116.9
2026-01-13T12:00:00+00:00,ibm,ibm_kingston,156,1,,0.0511,0.03103,267.1,116.9
2026-01-14T00:00:00+00:00,ionq,qpu.forte-1,36,1,,0.0266,0.0036,100000000.0,1000000.0
2026-01-14T00:00:00+00:00,ionq,qpu.forte-enterprise-1,36,1,,0.007,0.0052,188000000.0,950000.0
2026-01-14T12:00:00+00:00,ibm,ibm_marrakesh,156,1,,0.02579,0.03235,183.5,103.5
2026-01-14T12:00:00+00:00,ibm,ibm_marrakesh,156,1,,0.02579,0.03235,183.5,103.5
2026-01-14T12:00:00+00:00,ibm,ibm_fez,156,1,,0.02278,0.01879,145.1,104.5
2026-01-14T12:00:00+00:00,ibm,ibm_fez,156,1,,0.02278,0.01879,145.1,104.5
2026-01-14T12:00:00+00:00,ibm,ibm_kingston,156,1,,0.05365,0.03069,262.8,112.3
2026-01-14T12:00:00+00:00,ibm,ibm_kingston,156,1,,0.05365,0.03069,262.8,112.3
2026-01-15T00:00:00+00:00,ionq,qpu.forte-1,36,1,,0.008,0.0036,100000000.0,1000000.0
2026-01-15T00:00:00+00:00,ionq,qpu.forte-enterprise-1,36,1,,0.0061,0.0052,188000000.0,950000.0
2026-01-15T12:00:00+00:00,ibm,ibm_marrakesh,156,1,,0.028,0.0335,174.8,94.9
2026-01-15T12:00:00+00:00,ibm,ibm_marrakesh,156,1,,0.028,0.0335,174.8,94.9
2026-01-15T12:00:00+00:00,ibm,ibm_fez,156,1,,0.02265,0.01881,137.2,93.0
2026-01-15T12:00:00+00:00,ibm,ibm_fez,156,1,,0.02265,0.01881,137.2,93.0
2026-01-15T12:00:00+00:00,ibm,ibm_kingston,156,1,,0.06231,0.03116,267.7,113.8
2026-01-15T12:00:00+00:00,ibm,ibm_kingston,156,1,,0.06231,0.03116,267.7,113.8
2026-01-16T00:00:00+00:00,ionq,qpu.forte-1,36,1,,0.006,0.0037,100000000.0,1000000.0
2026-01-16T00:00:00+00:00,ionq,qpu.forte-enterprise-1,36,1,,0.0081,0.0054,188000000.0,950000.0
2026-01-16T12:00:00+00:00,ibm,ibm_marrakesh,156,1,,0.02756,0.03545,196.0,114.1
2026-01-16T12:00:00+00:00,ibm,ibm_marrakesh,156,1,,0.02756,0.03545,196.0,114.1
2026-01-16T12:00:00+00:00,ibm,ibm_fez,156,1,,0.0229,0.01956,155.0,99.7
2026-01-16T12:00:00+00:00,ibm,ibm_kingston,156,1,,0.06236,0.03268,250.5,112.3
2026-01-16T12:00:00+00:00,ibm,ibm_kingston,156,1,,0.06236,0.03268,250.5,112.3
2026-01-17T00:00:00+00:00,ionq,qpu.forte-1,36,1,,0.0068,0.0037,100000000.0,1000000.0
2026-01-17T00:00:00+00:00,ionq,qpu.forte-enterprise-1,36,1,,0.0059,0.0053,188000000.0,950000.0
2026-01-17T12:00:00+00:00,ibm,ibm_marrakesh,156,1,,0.02773,0.02999,175.4,97.8
2026-01-17T12:00:00+00:00,ibm,ibm_marrakesh,156,1,,0.02773,0.02999,175.4,97.8
2026-01-17T12:00:00+00:00,ibm,ibm_fez,156,1,,0.02259,0.01935,143.7,100.8
2026-01-17T12:00:00+00:00,ibm,ibm_fez,156,1,,0.02259,0.01935,143.7,100.8
2026-01-17T12:00:00+00:00,ibm,ibm_kingston,156,1,,0.06232,0.02763,263.5,115.6
2026-01-17T12:00:00+00:00,ibm,ibm_kingston,156,1,,0.06232,0.02763,263.5,115.6
2026-01-18T00:00:00+00:00,ionq,qpu.forte-1,36,1,,0.0066,0.0037,100000000.0,1000000.0
2026-01-18T00:00:00+00:00,ionq,qpu.forte-enterprise-1,36,1,,0.0045,0.0052,188000000.0,950000.0
2026-01-18T12:00:00+00:00,ibm,ibm_marrakesh,156,1,,0.02749,0.03409,190.5,96.6
2026-01-18T12:00:00+00:00,ibm,ibm_marrakesh,156,1,,0.02749,0.03409,190.5,96.6
2026-01-18T12:00:00+00:00,ibm,ibm_fez,156,1,,0.02305,0.01951,127.8,95.6
2026-01-18T12:00:00+00:00,ibm,ibm_fez,156,1,,0.02305,0.01951,127.8,95.6
2026-01-18T12:00:00+00:00,ibm,ibm_kingston,156,1,,0.05746,0.02637,264.2,132.6
2026-01-18T12:00:00+00:00,ibm,ibm_kingston,156,1,,0.05746,0.02637,264.2,132.6
2026-01-19T00:00:00+00:00,ionq,qpu.forte-1,36,1,,0.006,0.0036,100000000.0,1000000.0
2026-01-19T00:00:00+00:00,ionq,qpu.forte-enterprise-1,36,1,,0.0071,0.0051,188000000.0,950000.0
2026-01-19T12:00:00+00:00,ibm,ibm_marrakesh,156,1,,0.02508,0.03158,198.3,99.9
2026-01-19T12:00:00+00:00,ibm,ibm_marrakesh,156,1,,0.02508,0.03158,198.3,99.9
2026-01-19T12:00:00+00:00,ibm,ibm_fez,156,1,,0.02289,0.02073,152.9,103.9
2026-01-19T12:00:00+00:00,ibm,ibm_fez,156,1,,0.02289,0.02073,152.9,103.9
2026-01-19T12:00:00+00:00,ibm,ibm_kingston,156,1,,0.05445,0.02581,259.7,126.5
2026-01-19T12:00:00+00:00,ibm,ibm_kingston,156,1,,0.05445,0.02581,259.7,126.5
2026-01-20T00:00:00+00:00,ionq,qpu.forte-1,36,1,,0.0063,0.0036,100000000.0,1000000.0
2026-01-20T12:00:00+00:00,ibm,ibm_marrakesh,156,1,,0.02482,0.03189,198.3,99.9
2026-01-20T12:00:00+00:00,ibm,ibm_marrakesh,156,1,,0.02482,0.03189,198.3,99.9
2026-01-20T12:00:00+00:00,ibm,ibm_fez,156,1,,0.02289,0.01932,147.0,100.5
2026-01-20T12:00:00+00:00,ibm,ibm_fez,156,1,,0.02289,0.01932,147.0,100.5
2026-01-20T12:00:00+00:00,ibm,ibm_kingston,156,1,,0.04591,0.02494,278.7,127.5
2026-01-20T12:00:00+00:00,ibm,ibm_kingston,156,1,,0.04591,0.02494,278.7,127.5
2026-01-21T00:00:00+00:00,ionq,qpu.forte-1,36,1,,0.0101,0.0037,100000000.0,1000000.0
2026-01-21T12:00:00+00:00,ibm,ibm_marrakesh,156,1,,0.02483,0.03213,184.1,96.4
2026-01-21T12:00:00+00:00,ibm,ibm_marrakesh,156,1,,0.02483,0.03213,184.1,96.4
2026-01-21T12:00:00+00:00,ibm,ibm_fez,156,1,,0.02521,0.01955,147.0,100.5
2026-01-21T12:00:00+00:00,ibm,ibm_fez,156,1,,0.02521,0.01955,147.0,100.5
2026-01-21T12:00:00+00:00,ibm,ibm_kingston,156,1,,0.0459,0.02579,241.5,129.0
2026-01-22T00:00:00+00:00,ionq,qpu.forte-1,36,1,,0.0129,0.0035,100000000.0,1000000.0
2026-01-22T12:00:00+00:00,ibm,ibm_marrakesh,156,1,,0.02772,0.03316,193.2,114.6
2026-01-22T12:00:00+00:00,ibm,ibm_marrakesh,156,1,,0.02772,0.03316,193.2,114.6
2026-01-22T12:00:00+00:00,ibm,ibm_fez,156,1,,0.02611,0.01827,159.5,110.3
2026-01-22T12:00:00+00:00,ibm,ibm_fez,156,1,,0.02611,0.01827,159.5,110.3
2026-01-22T12:00:00+00:00,ibm,ibm_kingston,156,1,,0.04376,0.02772,241.5,129.0
2026-01-22T12:00:00+00:00,ibm,ibm_kingston,156,1,,0.04376,0.02772,241.5,129.0
2026-01-23T00:00:00+00:00,ionq,qpu.forte-1,36,1,,0.0061,0.0036,100000000.0,1000000.0
2026-01-23T12:00:00+00:00,ibm,ibm_marrakesh,156,1,,0.02507,0.03062,187.9,85.2
2026-01-23T12:00:00+00:00,ibm,ibm_fez,156,1,,0.02608,0.45414,159.5,110.3
2026-01-23T12:00:00+00:00,ibm,ibm_kingston,156,1,,0.04089,0.02753,273.8,141.8
2026-01-24T00:00:00+00:00,ionq,qpu.forte-1,36,1,,0.0081,0.016,100000000.0,1000000.0
2026-01-24T12:00:00+00:00,ibm,ibm_marrakesh,156,1,,0.02778,0.0359,191.1,97.1
2026-01-24T12:00:00+00:00,ibm,ibm_fez,156,1,,0.02608,0.45414,159.5,110.3
2026-01-25T00:00:00+00:00,ionq,qpu.forte-1,36,1,,0.0056,0.0037,100000000.0,1000000.0
2026-01-26T00:00:00+00:00,ionq,qpu.forte-1,36,1,,0.0164,0.0036,100000000.0,1000000.0
2026-01-27T00:00:00+00:00,ionq,qpu.forte-1,36,1,,0.0128,0.0042,100000000.0,1000000.0
2026-01-28T00:00:00+00:00,ionq,qpu.forte-1,36,1,,0.0139,0.0039,100000000.0,1000000.0
2026-01-29T00:00:00+00:00,ionq,qpu.forte-1,36,1,,0.0138,0.0042,100000000.0,1000000.0
2026-01-30T00:00:00+00:00,ionq,qpu.forte-1,36,1,,0.0125,0.0041,100000000.0,1000000.0
2026-01-31T00:00:00+00:00,ionq,qpu.forte-1,36,1,,0.0206,0.0045,100000000.0,1000000.0
2026-02-01T00:00:00+00:00,ionq,qpu.forte-1,36,1,,0.0087,0.0192,100000000.0,1000000.0
2026-02-01T12:00:00+00:00,ibm,ibm_marrakesh,156,1,,0.02672,0.02654,185.8,101.9
2026-02-01T12:00:00+00:00,ibm,ibm_fez,156,1,,0.02582,0.02786,125.7,94.7
2026-02-01T12:00:00+00:00,ibm,ibm_kingston,156,1,,0.038,0.02581,277.6,165.4
2026-02-02T12:00:00+00:00,ibm,ibm_marrakesh,156,1,,0.02614,0.02827,189.0,106.4
2026-02-02T12:00:00+00:00,ibm,ibm_fez,156,1,,0.02564,0.02892,158.0,110.1
2026-02-02T12:00:00+00:00,ibm,ibm_kingston,156,1,,0.038,0.02581,277.6,165.4
2026-02-03T00:00:00+00:00,ionq,qpu.forte-1,36,1,,0.0178,0.0034,100000000.0,1000000.0
2026-02-03T12:00:00+00:00,ibm,ibm_marrakesh,156,1,,0.02612,0.03026,189.5,100.2
2026-02-03T12:00:00+00:00,ibm,ibm_fez,156,1,,0.02575,0.02809,124.9,99.5
2026-02-03T12:00:00+00:00,ibm,ibm_kingston,156,1,,0.038,0.02581,265.6,145.7
2026-02-04T00:00:00+00:00,ionq,qpu.forte-1,36,1,,0.0061,0.0032,100000000.0,1000000.0
2026-02-04T12:00:00+00:00,ibm,ibm_marrakesh,156,1,,0.02053,0.03003,165.7,91.8
2026-02-04T12:00:00+00:00,ibm,ibm_fez,156,1,,0.02623,0.02895,124.9,99.5
2026-02-04T12:00:00+00:00,ibm,ibm_kingston,156,1,,0.03799,0.02581,265.6,145.7
2026-02-05T00:00:00+00:00,ionq,qpu.forte-1,36,1,,0.0037,0.0032,100000000.0,1000000.0
2026-02-05T12:00:00+00:00,ibm,ibm_marrakesh,156,1,,0.02646,0.03078,187.1,98.3
2026-02-05T12:00:00+00:00,ibm,ibm_fez,156,1,,0.02641,0.02838,142.4,104.3
2026-02-05T12:00:00+00:00,ibm,ibm_kingston,156,1,,0.03799,0.02487,265.6,145.7
2026-02-06T00:00:00+00:00,ionq,qpu.forte-1,36,1,,0.0117,0.0031,100000000.0,1000000.0
2026-02-06T12:00:00+00:00,ibm,ibm_marrakesh,156,1,,0.0298,0.02786,186.9,89.6
2026-02-06T12:00:00+00:00,ibm,ibm_fez,156,1,,0.02575,0.02804,155.5,110.4
2026-02-06T12:00:00+00:00,ibm,ibm_kingston,156,1,,0.04088,0.02614,230.8,126.5
2026-02-07T00:00:00+00:00,ionq,qpu.forte-1,36,1,,0.0057,0.0032,100000000.0,1000000.0
2026-02-07T00:00:00+00:00,ionq,qpu.forte-enterprise-1,36,1,,0.0062,0.0036,188000000.0,950000.0
2026-02-07T12:00:00+00:00,ibm,ibm_marrakesh,156,1,,0.02835,0.03134,191.8,98.5
2026-02-07T12:00:00+00:00,ibm,ibm_fez,156,1,,0.02569,0.02785,149.4,105.2
2026-02-07T12:00:00+00:00,ibm,ibm_kingston,156,1,,0.04049,0.02614,230.8,126.5
2026-02-08T00:00:00+00:00,ionq,qpu.forte-1,36,1,,0.0118,0.0033,100000000.0,1000000.0
2026-02-08T00:00:00+00:00,ionq,qpu.forte-enterprise-1,36,1,,0.0062,0.0035,188000000.0,950000.0
2026-02-08T12:00:00+00:00,ibm,ibm_marrakesh,156,1,,0.03084,0.02933,196.0,113.7
2026-02-08T12:00:00+00:00,ibm,ibm_fez,156,1,,0.0264,0.02998,147.1,103.9
2026-02-08T12:00:00+00:00,ibm,ibm_kingston,156,1,,0.04049,0.02825,230.8,126.5
2026-02-09T00:00:00+00:00,ionq,qpu.forte-1,36,1,,0.0089,0.0058,100000000.0,1000000.0
2026-02-09T00:00:00+00:00,ionq,qpu.forte-enterprise-1,36,1,,0.0054,0.0035,188000000.0,950000.0
2026-02-09T12:00:00+00:00,ibm,ibm_marrakesh,156,1,,0.03054,0.02886,179.7,94.5
2026-02-09T12:00:00+00:00,ibm,ibm_fez,156,1,,0.02565,0.02835,145.9,103.8
2026-02-09T12:00:00+00:00,ibm,ibm_kingston,156,1,,0.04049,0.02825,230.8,126.5
2026-02-10T00:00:00+00:00,ionq,qpu.forte-1,36,1,,0.0054,0.0033,100000000.0,1000000.0
2026-02-10T00:00:00+00:00,ionq,qpu.forte-enterprise-1,36,1,,0.0067,0.0036,188000000.0,950000.0
2026-02-10T12:00:00+00:00,ibm,ibm_marrakesh,156,1,,0.03054,0.02886,179.7,94.5
2026-02-10T12:00:00+00:00,ibm,ibm_fez,156,1,,0.02572,0.02795,146.7,111.2
2026-02-10T12:00:00+00:00,ibm,ibm_kingston,156,1,,0.04054,0.02575,234.3,128.6
2026-02-11T00:00:00+00:00,ionq,qpu.forte-1,36,1,,0.0176,0.0032,100000000.0,1000000.0
2026-02-11T00:00:00+00:00,ionq,qpu.forte-enterprise-1,36,1,,0.0063,0.0034,188000000.0,950000.0
2026-02-11T12:00:00+00:00,ibm,ibm_marrakesh,156,1,,0.0309,0.02684,175.2,93.5
2026-02-11T12:00:00+00:00,ibm,ibm_fez,156,1,,0.02572,0.0283,146.7,111.2
2026-02-11T12:00:00+00:00,ibm,ibm_kingston,156,1,,0.04042,0.02575,234.3,128.6
2026-02-12T00:00:00+00:00,ionq,qpu.forte-1,36,1,,0.0045,0.0032,100000000.0,1000000.0
2026-02-12T00:00:00+00:00,ionq,qpu.forte-enterprise-1,36,1,,0.0058,0.0035,188000000.0,950000.0
2026-02-12T12:00:00+00:00,ibm,ibm_marrakesh,156,1,,0.03107,0.02918,180.7,95.0
2026-02-12T12:00:00+00:00,ibm,ibm_fez,156,1,,0.02595,0.02956,158.6,113.9
2026-02-12T12:00:00+00:00,ibm,ibm_kingston,156,1,,0.04609,0.02569,234.3,128.6
2026-02-13T00:00:00+00:00,ionq,qpu.forte-1,36,1,,0.0084,0.0033,100000000.0,1000000.0
2026-02-13T00:00:00+00:00,ionq,qpu.forte-enterprise-1,36,1,,0.0077,0.0034,188000000.0,950000.0
2026-02-13T12:00:00+00:00,ibm,ibm_marrakesh,156,1,,0.03327,0.03378,171.9,97.7
2026-02-13T12:00:00+00:00,ibm,ibm_fez,156,1,,0.02556,0.03186,146.3,101.6
2026-02-13T12:00:00+00:00,ibm,ibm_kingston,156,1,,0.04872,0.02638,234.3,128.6
2026-02-14T00:00:00+00:00,ionq,qpu.forte-1,36,1,,0.0116,0.0032,100000000.0,1000000.0
2026-02-14T00:00:00+00:00,ionq,qpu.forte-enterprise-1,36,1,,0.0065,0.0034,188000000.0,950000.0
2026-02-14T12:00:00+00:00,ibm,ibm_marrakesh,156,1,,0.03325,0.02989,188.6,101.8
2026-02-14T12:00:00+00:00,ibm,ibm_fez,156,1,,0.02585,0.03377,149.8,107.3
2026-02-14T12:00:00+00:00,ibm,ibm_kingston,156,1,,0.04905,0.02748,234.3,128.6
2026-02-15T00:00:00+00:00,ionq,qpu.forte-1,36,1,,0.0176,0.0032,100000000.0,1000000.0
2026-02-15T00:00:00+00:00,ionq,qpu.forte-enterprise-1,36,1,,0.0073,0.0031,188000000.0,950000.0
2026-02-15T12:00:00+00:00,ibm,ibm_marrakesh,156,1,,0.03331,0.02931,181.0,98.3
2026-02-15T12:00:00+00:00,ibm,ibm_fez,156,1,,0.02591,0.02917,153.9,100.9
2026-02-15T12:00:00+00:00,ibm,ibm_kingston,156,1,,0.04309,0.02748,225.4,131.3
2026-02-16T00:00:00+00:00,ionq,qpu.forte-1,36,1,,0.0149,0.0034,100000000.0,1000000.0
2026-02-16T00:00:00+00:00,ionq,qpu.forte-enterprise-1,36,1,,0.022,0.0031,188000000.0,950000.0
2026-02-16T12:00:00+00:00,ibm,ibm_marrakesh,156,1,,0.03314,0.02799,183.4,95.9
2026-02-16T12:00:00+00:00,ibm,ibm_fez,156,1,,0.02571,0.02978,141.7,103.0
2026-02-16T12:00:00+00:00,ibm,ibm_kingston,156,1,,0.04309,0.02748,225.4,131.3
2026-02-17T00:00:00+00:00,ionq,qpu.forte-1,36,1,,0.0148,0.0033,100000000.0,1000000.0
2026-02-17T00:00:00+00:00,ionq,qpu.aria-1,25,1,,,0.0065,100000000.0,1000000.0
2026-02-17T00:00:00+00:00,ionq,qpu.forte-enterprise-1,36,1,,0.0083,0.0033,188000000.0,950000.0
2026-02-17T12:00:00+00:00,ibm,ibm_marrakesh,156,1,,0.03264,0.02644,182.6,106.3
2026-02-17T12:00:00+00:00,ibm,ibm_fez,156,1,,0.02571,0.03177,142.1,105.7
2026-02-17T12:00:00+00:00,ibm,ibm_kingston,156,1,,0.04309,0.02589,225.4,131.3
2026-02-18T00:00:00+00:00,ionq,qpu.forte-1,36,1,,0.0275,0.0034,100000000.0,1000000.0
2026-02-18T00:00:00+00:00,ionq,qpu.aria-1,25,1,,,0.0071,100000000.0,1000000.0
2026-02-18T12:00:00+00:00,ibm,ibm_marrakesh,156,1,,0.03294,0.02737,188.5,103.2
2026-02-18T12:00:00+00:00,ibm,ibm_fez,156,1,,0.02553,0.03089,155.4,111.9
2026-02-18T12:00:00+00:00,ibm,ibm_kingston,156,1,,0.04584,0.02552,264.7,150.4
2026-02-19T00:00:00+00:00,ionq,qpu.forte-1,36,1,,0.0048,0.0032,100000000.0,1000000.0
2026-02-19T00:00:00+00:00,ionq,qpu.aria-1,25,1,,,,100000000.0,1000000.0
2026-02-19T12:00:00+00:00,ibm,ibm_marrakesh,156,1,,0.03254,0.03038,188.5,103.2
2026-02-19T12:00:00+00:00,ibm,ibm_fez,156,1,,0.02542,0.02942,155.4,111.9
2026-02-19T12:00:00+00:00,ibm,ibm_kingston,156,1,,0.04599,0.02552,264.7,150.4
2026-02-20T00:00:00+00:00,ionq,qpu.forte-1,36,1,,0.0058,0.0032,100000000.0,1000000.0
2026-02-20T12:00:00+00:00,ibm,ibm_marrakesh,156,1,,0.03337,0.02986,181.5,105.6
2026-02-20T12:00:00+00:00,ibm,ibm_fez,156,1,,0.02473,0.02904,142.0,100.9
2026-02-20T12:00:00+00:00,ibm,ibm_kingston,156,1,,0.04594,0.02552,264.7,150.4
2026-02-21T00:00:00+00:00,ionq,qpu.forte-enterprise-1,36,1,,0.0058,0.0038,188000000.0,950000.0
2026-02-21T12:00:00+00:00,ibm,ibm_marrakesh,156,1,,0.03337,0.03021,181.5,105.6
2026-02-21T12:00:00+00:00,ibm,ibm_fez,156,1,,0.02462,0.02919,149.6,107.9
2026-02-21T12:00:00+00:00,ibm,ibm_kingston,156,1,,0.04594,0.02552,264.7,150.4
2026-02-22T00:00:00+00:00,ionq,qpu.forte-enterprise-1,36,1,,0.0058,0.004,188000000.0,950000.0
2026-02-22T12:00:00+00:00,ibm,ibm_marrakesh,156,1,,0.03337,0.03021,181.5,105.6
2026-02-22T12:00:00+00:00,ibm,ibm_fez,156,1,,0.02461,0.02926,148.7,105.9
2026-02-22T12:00:00+00:00,ibm,ibm_kingston,156,1,,0.04649,0.02604,264.7,150.4
2026-02-23T00:00:00+00:00,ionq,qpu.forte-enterprise-1,36,1,,0.0061,0.0038,188000000.0,950000.0
2026-02-23T12:00:00+00:00,ibm,ibm_marrakesh,156,1,,0.03337,0.03021,181.5,105.6
2026-02-23T12:00:00+00:00,ibm,ibm_fez,156,1,,0.02497,0.02934,139.0,106.9
2026-02-23T12:00:00+00:00,ibm,ibm_kingston,156,1,,0.04649,0.02604,264.7,150.4
2026-02-24T00:00:00+00:00,ionq,qpu.forte-enterprise-1,36,1,,0.0114,0.0038,188000000.0,950000.0
2026-02-24T12:00:00+00:00,ibm,ibm_marrakesh,156,1,,0.03337,0.0398,181.5,105.6
2026-02-24T12:00:00+00:00,ibm,ibm_fez,156,1,,0.02497,0.02854,146.0,107.6
2026-02-24T12:00:00+00:00,ibm,ibm_kingston,156,1,,0.04348,0.27949,248.5,139.8
2026-02-25T00:00:00+00:00,ionq,qpu.forte-enterprise-1,36,1,,0.0078,0.0037,188000000.0,950000.0
2026-02-25T12:00:00+00:00,ibm,ibm_marrakesh,156,1,,0.03337,0.0398,181.5,105.6
2026-02-25T12:00:00+00:00,ibm,ibm_fez,156,1,,0.02486,0.03228,143.2,105.7
2026-02-25T12:00:00+00:00,ibm,ibm_kingston,156,1,,0.04557,0.03663,248.5,139.8
2026-02-26T00:00:00+00:00,ionq,qpu.forte-enterprise-1,36,1,,0.0107,0.0036,188000000.0,950000.0
2026-02-26T12:00:00+00:00,ibm,ibm_marrakesh,156,1,,0.03289,0.0309,193.8,100.7
2026-02-26T12:00:00+00:00,ibm,ibm_fez,156,1,,0.02509,0.02753,139.4,101.8
2026-02-26T12:00:00+00:00,ibm,ibm_kingston,156,1,,0.04557,0.03663,248.5,139.8
2026-02-27T12:00:00+00:00,ibm,ibm_marrakesh,156,1,,0.03571,0.02712,200.1,99.4
2026-02-27T12:00:00+00:00,ibm,ibm_fez,156,1,,0.02531,0.02909,139.4,101.8
2026-02-27T12:00:00+00:00,ibm,ibm_kingston,156,1,,0.04557,0.03663,248.5,139.8
2026-02-28T00:00:00+00:00,ionq,qpu.forte-enterprise-1,36,1,,0.011,0.003,188000000.0,950000.0
2026-02-28T12:00:00+00:00,ibm,ibm_marrakesh,156,1,,0.03571,0.0307,196.3,93.7
2026-02-28T12:00:00+00:00,ibm,ibm_fez,156,1,,0.02504,0.02759,145.4,108.0
2026-02-28T12:00:00+00:00,ibm,ibm_kingston,156,1,,0.04557,0.03663,248.5,139.8
2026-03-01T00:00:00+00:00,ionq,qpu.forte-enterprise-1,36,1,,0.0083,0.003,188000000.0,950000.0
2026-03-01T12:00:00+00:00,ibm,ibm_marrakesh,156,1,,0.03568,0.03076,202.8,103.0
2026-03-01T12:00:00+00:00,ibm,ibm_fez,156,1,,0.02519,0.02867,150.5,108.3
2026-03-01T12:00:00+00:00,ibm,ibm_kingston,156,1,,0.04557,0.03663,248.5,139.8
2026-03-02T00:00:00+00:00,ionq,qpu.forte-enterprise-1,36,1,,0.0154,0.0031,188000000.0,950000.0
2026-03-02T12:00:00+00:00,ibm,ibm_marrakesh,156,1,,0.03582,0.02745,191.7,106.6
2026-03-02T12:00:00+00:00,ibm,ibm_fez,156,1,,0.02489,0.02886,147.4,110.7
2026-03-02T12:00:00+00:00,ibm,ibm_kingston,156,1,,0.04557,0.03663,248.5,139.8
2026-03-03T00:00:00+00:00,ionq,qpu.forte-enterprise-1,36,1,,0.0168,0.004,188000000.0,950000.0
2026-03-03T12:00:00+00:00,ibm,ibm_marrakesh,156,1,,0.03625,0.02797,191.7,106.6
2026-03-03T12:00:00+00:00,ibm,ibm_fez,156,1,,0.0248,0.02898,138.9,99.5
2026-03-03T12:00:00+00:00,ibm,ibm_kingston,156,1,,0.04557,0.03663,248.5,139.8
2026-03-04T00:00:00+00:00,ionq,qpu.forte-enterprise-1,36,1,,0.0088,0.0046,188000000.0,950000.0
2026-03-04T12:00:00+00:00,ibm,ibm_marrakesh,156,1,,0.03577,0.03716,196.1,103.3
2026-03-04T12:00:00+00:00,ibm,ibm_fez,156,1,,0.02518,0.03135,143.3,98.2
2026-03-04T12:00:00+00:00,ibm,ibm_kingston,156,1,,0.04557,0.03663,248.5,139.8
2026-03-05T00:00:00+00:00,ionq,qpu.forte-enterprise-1,36,1,,0.0081,0.0041,188000000.0,950000.0
2026-03-05T12:00:00+00:00,ibm,ibm_marrakesh,156,1,,0.03576,0.03153,181.1,97.3
2026-03-05T12:00:00+00:00,ibm,ibm_fez,156,1,,0.02518,0.02835,142.8,103.6
2026-03-05T12:00:00+00:00,ibm,ibm_kingston,156,1,,0.04557,0.03663,248.5,139.8
2026-03-06T00:00:00+00:00,ionq,qpu.forte-enterprise-1,36,1,,0.0048,0.0033,188000000.0,950000.0
2026-03-06T12:00:00+00:00,ibm,ibm_marrakesh,156,1,,0.04231,0.03441,181.1,97.3
2026-03-06T12:00:00+00:00,ibm,ibm_fez,156,1,,0.02601,0.02837,148.8,102.4
2026-03-06T12:00:00+00:00,ibm,ibm_kingston,156,1,,0.04557,0.03663,248.5,139.8
2026-03-07T12:00:00+00:00,ibm,ibm_marrakesh,156,1,,0.05018,0.02939,192.5,103.9
2026-03-07T12:00:00+00:00,ibm,ibm_fez,156,1,,0.02567,0.03049,149.0,109.5
2026-03-07T12:00:00+00:00,ibm,ibm_kingston,156,1,,0.04943,0.04006,217.3,117.6
2026-03-08T12:00:00+00:00,ibm,ibm_marrakesh,156,1,,0.04991,0.02898,189.7,101.2
2026-03-08T12:00:00+00:00,ibm,ibm_fez,156,1,,0.0258,0.02849,149.0,109.5
2026-03-08T12:00:00+00:00,ibm,ibm_kingston,156,1,,0.04943,0.04006,217.3,117.6
2026-03-09T12:00:00+00:00,ibm,ibm_marrakesh,156,1,,0.05018,0.03032,184.4,89.8
2026-03-09T12:00:00+00:00,ibm,ibm_fez,156,1,,0.02616,0.02812,142.4,98.7
2026-03-09T12:00:00+00:00,ibm,ibm_kingston,156,1,,0.04943,0.04006,217.3,117.6
2026-03-10T12:00:00+00:00,ibm,ibm_marrakesh,156,1,,0.04982,0.03141,192.4,96.9
2026-03-10T12:00:00+00:00,ibm,ibm_fez,156,1,,0.02591,0.02789,143.0,103.1
2026-03-10T12:00:00+00:00,ibm,ibm_kingston,156,1,,0.04943,0.04006,217.3,117.6
2026-03-11T12:00:00+00:00,ibm,ibm_marrakesh,156,1,,0.04982,0.02911,192.4,96.9
2026-03-11T12:00:00+00:00,ibm,ibm_fez,156,1,,0.02604,0.02789,136.5,106.0
2026-03-11T12:00:00+00:00,ibm,ibm_kingston,156,1,,0.04943,0.04006,217.3,117.6
2026-03-12T00:00:00+00:00,ionq,qpu.forte-1,36,1,,0.0069,0.0042,100000000.0,1000000.0
2026-03-12T12:00:00+00:00,ibm,ibm_marrakesh,156,1,,0.05054,0.03247,185.6,108.1
2026-03-12T12:00:00+00:00,ibm,ibm_fez,156,1,,0.0265,0.02911,124.8,93.2
2026-03-12T12:00:00+00:00,ibm,ibm_kingston,156,1,,0.05755,0.03037,214.8,115.8
2026-03-13T00:00:00+00:00,ionq,qpu.forte-1,36,1,,0.0064,0.0037,100000000.0,1000000.0
2026-03-13T12:00:00+00:00,ibm,ibm_marrakesh,156,1,,0.05507,0.03198,179.0,86.6
2026-03-13T12:00:00+00:00,ibm,ibm_fez,156,1,,0.02657,0.03155,144.9,103.2
2026-03-13T12:00:00+00:00,ibm,ibm_kingston,156,1,,0.04943,0.04006,217.3,117.6
2026-03-14T00:00:00+00:00,ionq,qpu.forte-1,36,1,,0.0193,0.0036,100000000.0,1000000.0
2026-03-14T12:00:00+00:00,ibm,ibm_marrakesh,156,1,,0.05396,0.02456,189.4,99.5
2026-03-14T12:00:00+00:00,ibm,ibm_fez,156,1,,0.02662,0.02634,142.6,100.1
2026-03-14T12:00:00+00:00,ibm,ibm_kingston,156,1,,0.04943,0.04006,217.3,117.6
2026-03-15T00:00:00+00:00,ionq,qpu.forte-1,36,1,,0.0072,0.0034,100000000.0,1000000.0
2026-03-15T12:00:00+00:00,ibm,ibm_marrakesh,156,1,,0.05396,0.03275,180.7,95.7
2026-03-15T12:00:00+00:00,ibm,ibm_fez,156,1,,0.02612,0.02875,144.7,100.3
2026-03-15T12:00:00+00:00,ibm,ibm_kingston,156,1,,0.04623,0.02,238.2,123.2
2026-03-16T00:00:00+00:00,ionq,qpu.forte-1,36,1,,0.0116,0.0037,100000000.0,1000000.0
2026-03-16T12:00:00+00:00,ibm,ibm_marrakesh,156,1,,0.05363,0.02336,197.9,96.9
2026-03-16T12:00:00+00:00,ibm,ibm_fez,156,1,,0.02619,0.02897,146.8,107.7
2026-03-16T12:00:00+00:00,ibm,ibm_kingston,156,1,,0.04623,0.02,238.2,123.2
2026-03-17T00:00:00+00:00,ionq,qpu.forte-1,36,1,,0.0174,0.0036,100000000.0,1000000.0
2026-03-17T12:00:00+00:00,ibm,ibm_marrakesh,156,1,,0.05657,0.03049,196.1,89.4
2026-03-17T12:00:00+00:00,ibm,ibm_fez,156,1,,0.02629,0.0285,146.8,107.7
2026-03-17T12:00:00+00:00,ibm,ibm_kingston,156,1,,0.09132,0.01824,225.2,123.6
2026-03-18T00:00:00+00:00,ionq,qpu.forte-1,36,1,,0.0054,0.0035,100000000.0,1000000.0
2026-03-18T12:00:00+00:00,ibm,ibm_marrakesh,156,1,,0.05612,0.02833,183.2,103.5
2026-03-18T12:00:00+00:00,ibm,ibm_fez,156,1,,0.02586,0.02887,150.4,106.0
2026-03-18T12:00:00+00:00,ibm,ibm_kingston,156,1,,0.09154,0.01824,225.2,123.6
2026-03-19T00:00:00+00:00,ionq,qpu.forte-1,36,1,,0.0052,0.0033,100000000.0,1000000.0
2026-03-19T12:00:00+00:00,ibm,ibm_marrakesh,156,1,,0.05612,0.02833,183.2,103.5
2026-03-19T12:00:00+00:00,ibm,ibm_fez,156,1,,0.02628,0.02887,150.4,106.0
2026-03-19T12:00:00+00:00,ibm,ibm_kingston,156,1,,0.09154,0.01897,273.3,145.1
2026-03-20T00:00:00+00:00,ionq,qpu.forte-1,36,1,,0.0063,0.0035,100000000.0,1000000.0
2026-03-20T12:00:00+00:00,ibm,ibm_marrakesh,156,1,,0.05599,0.03162,194.0,105.1
2026-03-20T12:00:00+00:00,ibm,ibm_fez,156,1,,0.02607,0.02902,152.8,104.8
2026-03-20T12:00:00+00:00,ibm,ibm_kingston,156,1,,0.09154,0.01792,267.9,138.8
2026-03-21T00:00:00+00:00,ionq,qpu.forte-1,36,1,,0.0054,0.0044,100000000.0,1000000.0
2026-03-21T12:00:00+00:00,ibm,ibm_marrakesh,156,1,,0.05681,0.02853,193.5,109.9
2026-03-21T12:00:00+00:00,ibm,ibm_fez,156,1,,0.0259,0.03177,136.4,96.8
2026-03-21T12:00:00+00:00,ibm,ibm_kingston,156,1,,0.04297,0.01888,267.7,138.8
2026-03-22T00:00:00+00:00,ionq,qpu.forte-1,36,1,,0.0073,0.0035,100000000.0,1000000.0
2026-03-22T12:00:00+00:00,ibm,ibm_marrakesh,156,1,,0.05662,0.02385,179.5,100.6
2026-03-22T12:00:00+00:00,ibm,ibm_fez,156,1,,0.02609,0.02753,138.7,110.2
2026-03-22T12:00:00+00:00,ibm,ibm_kingston,156,1,,0.04365,0.01985,267.7,131.1
2026-03-23T00:00:00+00:00,ionq,qpu.forte-1,36,1,,0.0076,0.0039,100000000.0,1000000.0
2026-03-23T12:00:00+00:00,ibm,ibm_marrakesh,156,1,,0.05647,0.02621,190.8,96.5
2026-03-23T12:00:00+00:00,ibm,ibm_fez,156,1,,0.02604,0.02811,147.6,106.8
2026-03-23T12:00:00+00:00,ibm,ibm_kingston,156,1,,0.04336,0.01901,235.2,127.1
2026-03-24T00:00:00+00:00,ionq,qpu.forte-1,36,1,,0.0074,0.0037,100000000.0,1000000.0
2026-03-24T00:00:00+00:00,ionq,qpu.forte-enterprise-1,36,1,,0.0128,0.0043,188000000.0,950000.0
2026-03-24T12:00:00+00:00,ibm,ibm_marrakesh,156,1,,0.05635,0.03511,186.8,97.7
2026-03-24T12:00:00+00:00,ibm,ibm_fez,156,1,,0.02653,0.02769,134.9,99.3
2026-03-24T12:00:00+00:00,ibm,ibm_kingston,156,1,,0.04599,0.01769,240.4,116.8
2026-03-25T00:00:00+00:00,ionq,qpu.forte-1,36,1,,0.0071,0.0036,100000000.0,1000000.0
2026-03-25T00:00:00+00:00,ionq,qpu.forte-enterprise-1,36,1,,0.0054,0.0041,188000000.0,950000.0
2026-03-25T12:00:00+00:00,ibm,ibm_marrakesh,156,1,,0.05662,0.03402,191.7,101.2
2026-03-25T12:00:00+00:00,ibm,ibm_fez,156,1,,0.02564,0.03016,139.6,96.3
2026-03-25T12:00:00+00:00,ibm,ibm_kingston,156,1,,0.04599,0.01688,240.4,116.8
2026-03-26T00:00:00+00:00,ionq,qpu.forte-1,36,1,,0.0106,0.0034,100000000.0,1000000.0
2026-03-26T00:00:00+00:00,ionq,qpu.forte-enterprise-1,36,1,,0.0106,0.0046,188000000.0,950000.0
2026-03-26T12:00:00+00:00,ibm,ibm_marrakesh,156,1,,0.05945,0.03074,185.6,110.5
2026-03-26T12:00:00+00:00,ibm,ibm_fez,156,1,,0.0288,0.02769,143.9,102.0
2026-03-26T12:00:00+00:00,ibm,ibm_kingston,156,1,,0.04627,0.0245,240.4,116.8
2026-03-27T00:00:00+00:00,ionq,qpu.forte-1,36,1,,0.0074,0.0036,100000000.0,1000000.0
2026-03-27T00:00:00+00:00,ionq,qpu.forte-enterprise-1,36,1,,0.0155,0.0046,188000000.0,950000.0
2026-03-27T12:00:00+00:00,ibm,ibm_marrakesh,156,1,,0.06667,0.02898,185.6,110.5
2026-03-27T12:00:00+00:00,ibm,ibm_fez,156,1,,0.03594,0.0292,152.5,114.0
2026-03-27T12:00:00+00:00,ibm,ibm_kingston,156,1,,0.04588,0.02711,264.4,141.5
2026-03-28T00:00:00+00:00,ionq,qpu.forte-1,36,1,,0.0114,0.0036,100000000.0,1000000.0
2026-03-28T00:00:00+00:00,ionq,qpu.forte-enterprise-1,36,1,,0.0102,0.0044,188000000.0,950000.0
2026-03-28T12:00:00+00:00,ibm,ibm_marrakesh,156,1,,0.06654,0.03411,186.1,87.1
2026-03-28T12:00:00+00:00,ibm,ibm_fez,156,1,,0.03623,0.02856,144.6,109.3
2026-03-28T12:00:00+00:00,ibm,ibm_kingston,156,1,,0.04586,0.02387,280.3,138.4
2026-03-29T00:00:00+00:00,ionq,qpu.forte-1,36,1,,0.006,0.0034,100000000.0,1000000.0
2026-03-29T00:00:00+00:00,ionq,qpu.forte-enterprise-1,36,1,,0.0121,0.0048,188000000.0,950000.0
2026-03-29T12:00:00+00:00,ibm,ibm_marrakesh,156,1,,0.06692,0.02651,184.0,94.7
2026-03-29T12:00:00+00:00,ibm,ibm_fez,156,1,,0.03621,0.02822,146.7,109.3
2026-03-29T12:00:00+00:00,ibm,ibm_kingston,156,1,,0.04604,0.02489,220.8,137.9
2026-03-30T00:00:00+00:00,ionq,qpu.forte-1,36,1,,0.009,0.0035,100000000.0,1000000.0
2026-03-30T00:00:00+00:00,ionq,qpu.forte-enterprise-1,36,1,,0.0083,0.004,188000000.0,950000.0
2026-03-30T12:00:00+00:00,ibm,ibm_marrakesh,156,1,,0.06432,0.03733,178.3,85.5
2026-03-30T12:00:00+00:00,ibm,ibm_fez,156,1,,0.03587,0.02711,142.4,97.7
2026-03-30T12:00:00+00:00,ibm,ibm_kingston,156,1,,0.04596,0.02557,264.9,148.1
2026-03-31T00:00:00+00:00,ionq,qpu.forte-1,36,1,,0.0087,0.0036,100000000.0,1000000.0
2026-03-31T00:00:00+00:00,ionq,qpu.forte-enterprise-1,36,1,,0.0064,0.0044,188000000.0,950000.0
2026-03-31T12:00:00+00:00,ibm,ibm_marrakesh,156,1,,0.06479,0.02653,179.5,99.8
2026-03-31T12:00:00+00:00,ibm,ibm_fez,156,1,,0.03597,0.02778,138.7,100.9
2026-03-31T12:00:00+00:00,ibm,ibm_kingston,156,1,,0.04587,0.02208,280.2,134.3
2026-04-01T00:00:00+00:00,ionq,qpu.forte-1,36,1,,0.0147,0.0038,100000000.0,1000000.0
2026-04-01T00:00:00+00:00,ionq,qpu.forte-enterprise-1,36,1,,0.0055,0.0043,188000000.0,950000.0
2026-04-01T12:00:00+00:00,ibm,ibm_marrakesh,156,1,,0.06203,0.02799,198.4,103.1
2026-04-01T12:00:00+00:00,ibm,ibm_fez,156,1,,0.03594,0.02913,131.9,99.1
2026-04-01T12:00:00+00:00,ibm,ibm_kingston,156,1,,0.04635,0.02579,267.7,148.3
2026-04-02T00:00:00+00:00,ionq,qpu.forte-1,36,1,,0.005,0.0054,100000000.0,1000000.0
2026-04-02T00:00:00+00:00,ionq,qpu.forte-enterprise-1,36,1,,0.0057,0.004,188000000.0,950000.0
2026-04-02T12:00:00+00:00,ibm,ibm_marrakesh,156,1,,0.06237,0.02588,195.9,103.2
2026-04-02T12:00:00+00:00,ibm,ibm_fez,156,1,,0.03624,0.02819,137.6,96.5
2026-04-02T12:00:00+00:00,ibm,ibm_kingston,156,1,,0.0458,0.02415,278.2,145.5
2026-04-03T00:00:00+00:00,ionq,qpu.forte-1,36,1,,0.0122,0.006,100000000.0,1000000.0
2026-04-03T00:00:00+00:00,ionq,qpu.forte-enterprise-1,36,1,,0.0086,0.0043,188000000.0,950000.0
2026-04-03T12:00:00+00:00,ibm,ibm_marrakesh,156,1,,0.06213,0.03292,191.1,111.3
2026-04-03T12:00:00+00:00,ibm,ibm_fez,156,1,,0.03606,0.02807,148.2,101.9
2026-04-03T12:00:00+00:00,ibm,ibm_kingston,156,1,,0.04597,0.02479,275.7,144.1
2026-04-04T00:00:00+00:00,ionq,qpu.forte-1,36,1,,0.0077,0.0094,100000000.0,1000000.0
2026-04-04T00:00:00+00:00,ionq,qpu.forte-enterprise-1,36,1,,0.0051,0.0041,188000000.0,950000.0
2026-04-04T12:00:00+00:00,ibm,ibm_marrakesh,156,1,,0.06274,0.02551,182.7,94.2
2026-04-04T12:00:00+00:00,ibm,ibm_fez,156,1,,0.03594,0.02734,142.0,99.8
2026-04-04T12:00:00+00:00,ibm,ibm_kingston,156,1,,0.04641,0.02325,260.3,134.5
2026-04-05T00:00:00+00:00,ionq,qpu.forte-1,36,1,,0.0076,0.0063,100000000.0,1000000.0
2026-04-05T00:00:00+00:00,ionq,qpu.forte-enterprise-1,36,1,,0.0101,0.0043,188000000.0,950000.0
2026-04-05T12:00:00+00:00,ibm,ibm_marrakesh,156,1,,0.06239,0.02635,189.9,97.5
2026-04-05T12:00:00+00:00,ibm,ibm_fez,156,1,,0.03593,0.02859,140.3,98.4
2026-04-05T12:00:00+00:00,ibm,ibm_kingston,156,1,,0.0462,0.02295,275.8,133.0
2026-04-06T00:00:00+00:00,ionq,qpu.forte-1,36,1,,0.0072,0.0044,100000000.0,1000000.0
2026-04-06T00:00:00+00:00,ionq,qpu.forte-enterprise-1,36,1,,0.0082,0.004,188000000.0,950000.0
2026-04-06T12:00:00+00:00,ibm,ibm_marrakesh,156,1,,0.06239,0.02635,189.9,97.5
2026-04-06T12:00:00+00:00,ibm,ibm_fez,156,1,,0.03593,0.02859,140.3,98.4
2026-04-06T12:00:00+00:00,ibm,ibm_kingston,156,1,,0.0462,0.02295,275.8,133.0
2026-04-07T00:00:00+00:00,ionq,qpu.forte-1,36,1,,0.0074,0.0033,100000000.0,1000000.0
2026-04-07T00:00:00+00:00,ionq,qpu.forte-enterprise-1,36,1,,0.0074,0.0042,188000000.0,950000.0
2026-04-07T12:00:00+00:00,ibm,ibm_marrakesh,156,1,,0.06236,0.03108,168.5,94.8
2026-04-07T12:00:00+00:00,ibm,ibm_fez,156,1,,0.03851,0.03043,127.9,94.7
2026-04-07T12:00:00+00:00,ibm,ibm_kingston,156,1,,0.05174,0.02326,275.7,131.4
2026-04-08T00:00:00+00:00,ionq,qpu.forte-1,36,1,,0.0087,0.0032,100000000.0,1000000.0
2026-04-08T00:00:00+00:00,ionq,qpu.forte-enterprise-1,36,1,,0.0069,0.0039,188000000.0,950000.0
2026-04-08T12:00:00+00:00,ibm,ibm_marrakesh,156,1,,0.06235,0.02913,179.0,89.5
2026-04-08T12:00:00+00:00,ibm,ibm_fez,156,1,,0.03825,0.02836,150.0,106.7
2026-04-08T12:00:00+00:00,ibm,ibm_kingston,156,1,,0.05166,0.02497,271.4,136.5
2026-04-09T00:00:00+00:00,ionq,qpu.forte-enterprise-1,36,1,,0.0055,0.004,188000000.0,950000.0
2026-04-09T12:00:00+00:00,ibm,ibm_marrakesh,156,1,,0.06184,0.02798,185.0,97.7
2026-04-09T12:00:00+00:00,ibm,ibm_fez,156,1,,0.0384,0.02991,141.2,100.8
2026-04-09T12:00:00+00:00,ibm,ibm_kingston,156,1,,0.05739,0.02328,288.5,152.1
2026-04-10T00:00:00+00:00,ionq,qpu.forte-1,36,1,,0.0072,0.003,100000000.0,1000000.0
2026-04-10T00:00:00+00:00,ionq,qpu.forte-enterprise-1,36,1,,0.005,0.0041,188000000.0,950000.0
2026-04-10T12:00:00+00:00,ibm,ibm_marrakesh,156,1,,0.06176,0.02669,178.6,93.4
2026-04-10T12:00:00+00:00,ibm,ibm_fez,156,1,,0.03899,0.02931,141.4,90.8
2026-04-10T12:00:00+00:00,ibm,ibm_kingston,156,1,,0.05713,0.02302,265.6,132.3
2026-04-11T00:00:00+00:00,ionq,qpu.forte-1,36,1,,0.0072,0.0031,100000000.0,1000000.0
2026-04-11T00:00:00+00:00,ionq,qpu.forte-enterprise-1,36,1,,0.005,0.004,188000000.0,950000.0
2026-04-11T12:00:00+00:00,ibm,ibm_marrakesh,156,1,,0.06154,0.03318,179.7,88.4
2026-04-11T12:00:00+00:00,ibm,ibm_fez,156,1,,0.03882,0.02817,143.8,103.2
2026-04-11T12:00:00+00:00,ibm,ibm_kingston,156,1,,0.05715,0.02281,279.5,140.1
2026-04-12T00:00:00+00:00,ionq,qpu.forte-1,36,1,,0.0072,0.0039,100000000.0,1000000.0
2026-04-12T00:00:00+00:00,ionq,qpu.forte-enterprise-1,36,1,,0.0052,0.0041,188000000.0,950000.0
2026-04-12T12:00:00+00:00,ibm,ibm_marrakesh,156,1,,0.06384,0.02366,184.8,98.4
2026-04-12T12:00:00+00:00,ibm,ibm_fez,156,1,,0.03857,0.02718,138.6,104.8
2026-04-12T12:00:00+00:00,ibm,ibm_kingston,156,1,,0.05462,0.02361,262.9,133.8
2026-04-13T00:00:00+00:00,ionq,qpu.forte-1,36,1,,0.0125,0.0129,100000000.0,1000000.0
2026-04-13T00:00:00+00:00,ionq,qpu.forte-enterprise-1,36,1,,0.0055,0.0042,188000000.0,950000.0
2026-04-13T12:00:00+00:00,ibm,ibm_marrakesh,156,1,,0.06427,0.0301,172.9,86.6
2026-04-13T12:00:00+00:00,ibm,ibm_fez,156,1,,0.03847,0.02837,155.2,104.0
2026-04-13T12:00:00+00:00,ibm,ibm_kingston,156,1,,0.05467,0.02491,275.4,144.8
2026-04-14T00:00:00+00:00,ionq,qpu.forte-1,36,1,,0.0123,0.0039,100000000.0,1000000.0
2026-04-14T00:00:00+00:00,ionq,qpu.forte-enterprise-1,36,1,,0.0064,0.0044,188000000.0,950000.0
2026-04-14T12:00:00+00:00,ibm,ibm_marrakesh,156,1,,0.06686,0.0259,176.2,93.5
2026-04-14T12:00:00+00:00,ibm,ibm_fez,156,1,,0.03825,0.02841,148.5,101.4
2026-04-14T12:00:00+00:00,ibm,ibm_kingston,156,1,,0.05463,0.02451,272.5,147.8
2026-04-15T00:00:00+00:00,ionq,qpu.forte-1,36,1,,0.0081,0.0042,100000000.0,1000000.0
2026-04-15T00:00:00+00:00,ionq,qpu.forte-enterprise-1,36,1,,0.0057,0.0044,188000000.0,950000.0
2026-04-15T12:00:00+00:00,ibm,ibm_marrakesh,156,1,,0.06727,0.03311,188.9,102.9
2026-04-15T12:00:00+00:00,ibm,ibm_fez,156,1,,0.03834,0.03002,144.0,102.6
2026-04-15T12:00:00+00:00,ibm,ibm_kingston,156,1,,0.05463,0.0231,282.8,144.2
2026-04-16T00:00:00+00:00,ionq,qpu.forte-1,36,1,,0.0054,0.0055,100000000.0,1000000.0
2026-04-16T00:00:00+00:00,ionq,qpu.forte-enterprise-1,36,1,,0.0052,0.0045,188000000.0,950000.0
2026-04-16T12:00:00+00:00,ibm,ibm_marrakesh,156,1,,0.07025,0.0369,182.6,94.9
2026-04-16T12:00:00+00:00,ibm,ibm_fez,156,1,,0.03861,0.03068,153.9,109.4
2026-04-16T12:00:00+00:00,ibm,ibm_kingston,156,1,,0.05437,0.02648,275.7,131.0
2026-04-17T00:00:00+00:00,ionq,qpu.forte-1,36,1,,0.0139,0.0057,100000000.0,1000000.0
2026-04-17T00:00:00+00:00,ionq,qpu.forte-enterprise-1,36,1,,0.005,0.0043,188000000.0,950000.0
2026-04-17T12:00:00+00:00,ibm,ibm_marrakesh,156,1,,0.06736,0.02391,182.6,94.9
2026-04-17T12:00:00+00:00,ibm,ibm_fez,156,1,,0.03857,0.03097,140.7,102.6
2026-04-17T12:00:00+00:00,ibm,ibm_kingston,156,1,,0.0548,0.02674,275.7,131.0
2026-04-18T00:00:00+00:00,ionq,qpu.forte-1,36,1,,0.0059,0.0108,100000000.0,1000000.0
2026-04-18T12:00:00+00:00,ibm,ibm_marrakesh,156,1,,0.06716,0.0267,177.2,102.1
2026-04-18T12:00:00+00:00,ibm,ibm_fez,156,1,,0.03865,0.02852,147.9,106.9
2026-04-18T12:00:00+00:00,ibm,ibm_kingston,156,1,,0.05464,0.027,272.3,134.3
2026-04-19T00:00:00+00:00,ionq,qpu.forte-1,36,1,,0.011,0.0135,100000000.0,1000000.0
2026-04-19T12:00:00+00:00,ibm,ibm_marrakesh,156,1,,0.06712,0.03125,197.6,101.6
2026-04-19T12:00:00+00:00,ibm,ibm_fez,156,1,,0.03865,0.02996,144.5,104.0
2026-04-19T12:00:00+00:00,ibm,ibm_kingston,156,1,,0.05493,0.0289,273.6,127.0
2026-04-20T00:00:00+00:00,ionq,qpu.forte-1,36,1,,0.0078,0.0063,100000000.0,1000000.0
2026-04-20T00:00:00+00:00,ionq,qpu.forte-enterprise-1,36,1,,0.0067,0.0045,188000000.0,950000.0
2026-04-20T12:00:00+00:00,ibm,ibm_marrakesh,156,1,,0.06685,0.02996,181.5,97.1
2026-04-20T12:00:00+00:00,ibm,ibm_fez,156,1,,0.03853,0.03241,138.3,94.7
2026-04-20T12:00:00+00:00,ibm,ibm_kingston,156,1,,0.04933,0.02746,264.3,133.7
2026-04-21T00:00:00+00:00,ionq,qpu.forte-1,36,1,,0.0058,0.0071,100000000.0,1000000.0
2026-04-21T00:00:00+00:00,ionq,qpu.forte-enterprise-1,36,1,,0.0074,0.0045,188000000.0,950000.0
2026-04-21T12:00:00+00:00,ibm,ibm_marrakesh,156,1,,0.06686,0.0274,182.8,93.0
2026-04-21T12:00:00+00:00,ibm,ibm_fez,156,1,,0.03856,0.03269,141.3,103.5
2026-04-21T12:00:00+00:00,ibm,ibm_kingston,156,1,,0.04944,0.02579,278.7,139.7
2026-04-22T00:00:00+00:00,ionq,qpu.forte-1,36,1,,0.0052,0.0081,100000000.0,1000000.0
2026-04-22T00:00:00+00:00,ionq,qpu.forte-enterprise-1,36,1,,0.0055,0.0051,188000000.0,950000.0
2026-04-22T12:00:00+00:00,ibm,ibm_marrakesh,156,1,,0.06722,0.02979,187.6,105.7
2026-04-22T12:00:00+00:00,ibm,ibm_fez,156,1,,0.03838,0.02976,150.2,107.0
2026-04-22T12:00:00+00:00,ibm,ibm_kingston,156,1,,0.04936,0.02686,273.2,135.6
2026-04-23T00:00:00+00:00,ionq,qpu.forte-1,36,1,,0.0083,0.0111,100000000.0,1000000.0
2026-04-23T00:00:00+00:00,ionq,qpu.forte-enterprise-1,36,1,,0.0098,0.0052,188000000.0,950000.0
2026-04-23T12:00:00+00:00,ibm,ibm_marrakesh,156,1,,0.06712,0.02567,172.7,90.8
2026-04-23T12:00:00+00:00,ibm,ibm_fez,156,1,,0.03842,0.02912,141.4,99.2
2026-04-23T12:00:00+00:00,ibm,ibm_kingston,156,1,,0.04919,0.03145,269.6,141.1
2026-04-24T00:00:00+00:00,ionq,qpu.forte-1,36,1,,0.0153,0.0049,100000000.0,1000000.0
2026-04-24T00:00:00+00:00,ionq,qpu.forte-enterprise-1,36,1,,0.0059,0.005,188000000.0,950000.0
2026-04-24T12:00:00+00:00,ibm,ibm_marrakesh,156,1,,0.06483,0.02555,194.7,108.2
2026-04-24T12:00:00+00:00,ibm,ibm_fez,156,1,,0.03846,0.0339,142.3,102.1
2026-04-24T12:00:00+00:00,ibm,ibm_kingston,156,1,,0.04919,0.02644,274.8,143.6
2026-04-25T00:00:00+00:00,ionq,qpu.forte-1,36,1,,0.0057,0.0071,100000000.0,1000000.0
2026-04-25T00:00:00+00:00,ionq,qpu.forte-enterprise-1,36,1,,0.0047,0.0048,188000000.0,950000.0
2026-04-25T12:00:00+00:00,ibm,ibm_marrakesh,156,1,,0.06448,0.02772,194.7,108.2
2026-04-25T12:00:00+00:00,ibm,ibm_fez,156,1,,0.03842,0.03013,142.3,102.1
2026-04-25T12:00:00+00:00,ibm,ibm_kingston,156,1,,0.04941,0.02581,266.6,149.8
2026-04-26T00:00:00+00:00,ionq,qpu.forte-1,36,1,,0.0177,0.0066,100000000.0,1000000.0
2026-04-26T00:00:00+00:00,ionq,qpu.forte-enterprise-1,36,1,,0.0047,0.0055,188000000.0,950000.0
2026-04-26T12:00:00+00:00,ibm,ibm_marrakesh,156,1,,0.06431,0.02363,189.2,98.9
2026-04-26T12:00:00+00:00,ibm,ibm_fez,156,1,,0.03866,0.02658,123.1,101.2
2026-04-26T12:00:00+00:00,ibm,ibm_kingston,156,1,,0.04961,0.02645,266.6,149.8
2026-04-27T00:00:00+00:00,ionq,qpu.forte-1,36,1,,0.008,0.0046,100000000.0,1000000.0
2026-04-27T00:00:00+00:00,ionq,qpu.forte-enterprise-1,36,1,,0.0052,0.0055,188000000.0,950000.0
2026-04-27T12:00:00+00:00,ibm,ibm_marrakesh,156,1,,0.0643,0.02774,182.4,93.3
2026-04-27T12:00:00+00:00,ibm,ibm_fez,156,1,,0.03866,0.03104,123.1,101.2
2026-04-27T12:00:00+00:00,ibm,ibm_kingston,156,1,,0.05001,0.02655,271.2,147.9
2026-04-28T00:00:00+00:00,ionq,qpu.forte-1,36,1,,0.0058,0.0104,100000000.0,1000000.0
2026-04-28T00:00:00+00:00,ionq,qpu.forte-enterprise-1,36,1,,0.0057,0.0048,188000000.0,950000.0
2026-04-28T12:00:00+00:00,ibm,ibm_marrakesh,156,1,,0.06417,0.02906,199.7,102.0
2026-04-28T12:00:00+00:00,ibm,ibm_fez,156,1,,0.03885,0.03144,116.0,84.8
2026-04-28T12:00:00+00:00,ibm,ibm_kingston,156,1,,0.05026,0.02639,269.7,148.7
2026-04-29T00:00:00+00:00,ionq,qpu.forte-1,36,1,,0.008,0.0048,100000000.0,1000000.0
2026-04-29T00:00:00+00:00,ionq,qpu.forte-enterprise-1,36,1,,0.0075,0.0046,188000000.0,950000.0
2026-04-29T12:00:00+00:00,ibm,ibm_marrakesh,156,1,,0.0647,0.03575,190.5,101.9
2026-04-29T12:00:00+00:00,ibm,ibm_fez,156,1,,0.03885,0.03013,150.6,105.1
2026-04-29T12:00:00+00:00,ibm,ibm_kingston,156,1,,0.05058,0.02522,273.3,149.6
2026-04-30T00:00:00+00:00,ionq,qpu.forte-enterprise-1,36,1,,0.0112,0.0045,188000000.0,950000.0
2026-04-30T12:00:00+00:00,ibm,ibm_marrakesh,156,1,,0.0619,0.03789,193.1,107.9
2026-04-30T12:00:00+00:00,ibm,ibm_fez,156,1,,0.03885,0.03061,150.6,105.1
2026-04-30T12:00:00+00:00,ibm,ibm_kingston,156,1,,0.05915,0.02791,282.2,140.1
2026-05-01T00:00:00+00:00,ionq,qpu.forte-1,36,1,,0.0053,0.0062,100000000.0,1000000.0
2026-05-01T00:00:00+00:00,ionq,qpu.forte-enterprise-1,36,1,,0.0051,0.0049,188000000.0,950000.0
2026-05-01T12:00:00+00:00,ibm,ibm_marrakesh,156,1,,0.06434,0.02372,190.4,94.2
2026-05-01T12:00:00+00:00,ibm,ibm_fez,156,1,,0.03845,0.03354,148.6,109.9
2026-05-01T12:00:00+00:00,ibm,ibm_kingston,156,1,,0.0532,0.03083,267.8,135.4
2026-05-02T00:00:00+00:00,ionq,qpu.forte-1,36,1,,0.0102,0.0038,100000000.0,1000000.0
2026-05-02T00:00:00+00:00,ionq,qpu.forte-enterprise-1,36,1,,0.0052,0.0046,188000000.0,950000.0
2026-05-02T12:00:00+00:00,ibm,ibm_marrakesh,156,1,,0.06448,0.04021,192.1,103.1
2026-05-02T12:00:00+00:00,ibm,ibm_fez,156,1,,0.03813,0.02912,145.5,106.0
2026-05-02T12:00:00+00:00,ibm,ibm_kingston,156,1,,0.05341,0.02763,276.3,137.3
2026-05-03T00:00:00+00:00,ionq,qpu.forte-1,36,1,,0.0124,0.0038,100000000.0,1000000.0
2026-05-03T00:00:00+00:00,ionq,qpu.forte-enterprise-1,36,1,,0.0075,0.0045,188000000.0,950000.0
2026-05-03T12:00:00+00:00,ibm,ibm_marrakesh,156,1,,0.06467,0.02479,184.8,87.1
2026-05-03T12:00:00+00:00,ibm,ibm_fez,156,1,,0.03864,0.03028,139.4,107.4
2026-05-03T12:00:00+00:00,ibm,ibm_kingston,156,1,,0.05313,0.02922,266.6,142.0
2026-05-04T00:00:00+00:00,ionq,qpu.forte-1,36,1,,0.0158,0.0037,100000000.0,1000000.0
2026-05-04T00:00:00+00:00,ionq,qpu.forte-enterprise-1,36,1,,0.0048,0.0031,188000000.0,950000.0
2026-05-04T12:00:00+00:00,ibm,ibm_marrakesh,156,1,,0.06455,0.02792,194.2,98.3
2026-05-04T12:00:00+00:00,ibm,ibm_fez,156,1,,0.04387,0.03142,129.2,101.1
2026-05-04T12:00:00+00:00,ibm,ibm_kingston,156,1,,0.05063,0.02957,274.9,136.5
2026-05-05T00:00:00+00:00,ionq,qpu.forte-1,36,1,,0.0191,0.0037,100000000.0,1000000.0
2026-05-05T12:00:00+00:00,ibm,ibm_marrakesh,156,1,,0.06419,0.02521,191.2,100.6
2026-05-05T12:00:00+00:00,ibm,ibm_fez,156,1,,0.0496,0.03059,136.5,99.4
2026-05-05T12:00:00+00:00,ibm,ibm_kingston,156,1,,0.04773,0.02744,272.6,133.3
2026-05-06T00:00:00+00:00,ionq,qpu.forte-1,36,1,,0.0122,0.0039,100000000.0,1000000.0
2026-05-06T12:00:00+00:00,ibm,ibm_marrakesh,156,1,,0.06445,0.02501,180.8,98.5
2026-05-06T12:00:00+00:00,ibm,ibm_fez,156,1,,0.04395,0.02961,147.4,109.8
2026-05-06T12:00:00+00:00,ibm,ibm_kingston,156,1,,0.04786,0.02701,261.5,128.8
2026-05-07T00:00:00+00:00,ionq,qpu.forte-1,36,1,,0.0179,0.0059,100000000.0,1000000.0
2026-05-07T12:00:00+00:00,ibm,ibm_marrakesh,156,1,,0.06433,0.03654,189.4,111.3
2026-05-07T12:00:00+00:00,ibm,ibm_fez,156,1,,0.04403,0.03104,148.0,100.0
2026-05-07T12:00:00+00:00,ibm,ibm_kingston,156,1,,0.04742,0.02846,276.7,141.9
2026-05-08T00:00:00+00:00,ionq,qpu.forte-1,36,1,,0.0133,0.0039,100000000.0,1000000.0
2026-05-08T12:00:00+00:00,ibm,ibm_marrakesh,156,1,,0.0645,0.02571,192.8,103.6
2026-05-08T12:00:00+00:00,ibm,ibm_fez,156,1,,0.04408,0.03088,135.0,95.5
2026-05-08T12:00:00+00:00,ibm,ibm_kingston,156,1,,0.04732,0.02737,280.1,154.6
2026-05-09T12:00:00+00:00,ibm,ibm_marrakesh,156,1,,0.06432,0.03646,194.6,104.9
2026-05-09T12:00:00+00:00,ibm,ibm_fez,156,1,,0.04408,0.03086,153.8,110.8
2026-05-09T12:00:00+00:00,ibm,ibm_kingston,156,1,,0.04732,0.02774,280.1,154.6
2026-05-10T12:00:00+00:00,ibm,ibm_marrakesh,156,1,,0.06691,0.03586,194.6,104.9
2026-05-10T12:00:00+00:00,ibm,ibm_fez,156,1,,0.04408,0.02978,153.8,110.8
2026-05-10T12:00:00+00:00,ibm,ibm_kingston,156,1,,0.04732,0.03094,280.1,154.6
2026-05-11T12:00:00+00:00,ibm,ibm_marrakesh,156,1,,0.06691,0.02354,194.6,104.9
2026-05-11T12:00:00+00:00,ibm,ibm_fez,156,1,,0.04408,0.03092,153.8,110.8
2026-05-11T12:00:00+00:00,ibm,ibm_kingston,156,1,,0.05006,0.02662,280.1,154.6
2026-05-12T12:00:00+00:00,ibm,ibm_marrakesh,156,1,,0.06691,0.02407,194.6,104.9
2026-05-12T12:00:00+00:00,ibm,ibm_fez,156,1,,0.04408,0.02981,153.8,110.8
2026-05-12T12:00:00+00:00,ibm,ibm_kingston,156,1,,0.05006,0.02601,280.1,154.6
2026-05-13T12:00:00+00:00,ibm,ibm_marrakesh,156,1,,0.06915,0.03658,194.6,104.9
2026-05-13T12:00:00+00:00,ibm,ibm_fez,156,1,,0.04408,0.03199,153.8,110.8
2026-05-13T12:00:00+00:00,ibm,ibm_kingston,156,1,,0.05006,0.02571,280.1,154.6
2026-05-14T12:00:00+00:00,ibm,ibm_marrakesh,156,1,,0.06915,0.03792,194.6,104.9
2026-05-14T12:00:00+00:00,ibm,ibm_fez,156,1,,0.04425,0.03421,156.5,112.3
2026-05-14T12:00:00+00:00,ibm,ibm_kingston,156,1,,0.05006,0.02637,271.2,127.3
2026-05-15T12:00:00+00:00,ibm,ibm_marrakesh,156,1,,0.06053,0.03624,180.7,106.1
2026-05-15T12:00:00+00:00,ibm,ibm_fez,156,1,,0.04705,0.03606,147.5,107.8
2026-05-15T12:00:00+00:00,ibm,ibm_kingston,156,1,,0.05269,0.02727,275.1,138.1
2026-05-16T12:00:00+00:00,ibm,ibm_marrakesh,156,1,,0.05833,0.03863,187.0,92.6
2026-05-16T12:00:00+00:00,ibm,ibm_fez,156,1,,0.0473,0.03688,102.1,90.2
2026-05-16T12:00:00+00:00,ibm,ibm_kingston,156,1,,0.05296,0.02316,171.7,108.4
2026-05-17T12:00:00+00:00,ibm,ibm_marrakesh,156,1,,0.05798,0.03902,196.0,98.8
2026-05-17T12:00:00+00:00,ibm,ibm_fez,156,1,,0.04717,0.03581,101.8,87.6
2026-05-17T12:00:00+00:00,ibm,ibm_kingston,156,1,,0.03904,0.02569,175.1,116.7
2026-05-18T12:00:00+00:00,ibm,ibm_marrakesh,156,1,,0.05856,0.03809,195.7,96.1
2026-05-18T12:00:00+00:00,ibm,ibm_fez,156,1,,0.04726,0.03073,102.2,89.9
2026-05-18T12:00:00+00:00,ibm,ibm_kingston,156,1,,0.03913,0.03045,173.4,115.9
2026-05-19T12:00:00+00:00,ibm,ibm_marrakesh,156,1,,0.0584,0.03007,195.6,96.8
2026-05-19T12:00:00+00:00,ibm,ibm_fez,156,1,,0.04679,0.02944,101.0,86.4
2026-05-19T12:00:00+00:00,ibm,ibm_kingston,156,1,,0.03917,0.03003,177.0,113.1
2026-05-20T12:00:00+00:00,ibm,ibm_marrakesh,156,1,,0.05852,0.02674,186.5,109.2
2026-05-20T12:00:00+00:00,ibm,ibm_fez,156,1,,0.04992,0.02952,98.1,67.1
2026-05-20T12:00:00+00:00,ibm,ibm_kingston,156,1,,0.03917,0.02241,173.7,114.0
2026-05-21T12:00:00+00:00,ibm,ibm_marrakesh,156,1,,0.05825,0.02959,186.3,96.4
2026-05-21T12:00:00+00:00,ibm,ibm_fez,156,1,,0.04994,0.03024,98.0,69.3
2026-05-21T12:00:00+00:00,ibm,ibm_kingston,156,1,,0.04131,0.02513,176.0,112.6
2026-05-22T12:00:00+00:00,ibm,ibm_marrakesh,156,1,,0.05824,0.03024,180.9,94.1
2026-05-22T12:00:00+00:00,ibm,ibm_fez,156,1,,0.05014,0.02891,98.6,69.5
2026-05-22T12:00:00+00:00,ibm,ibm_kingston,156,1,,0.03623,0.02276,176.6,117.2
2026-05-23T12:00:00+00:00,ibm,ibm_marrakesh,156,1,,0.05836,0.03151,167.9,89.5
2026-05-23T12:00:00+00:00,ibm,ibm_fez,156,1,,0.05,0.03234,97.1,70.3
2026-05-23T12:00:00+00:00,ibm,ibm_kingston,156,1,,0.03581,0.02298,173.4,111.3
2026-05-24T12:00:00+00:00,ibm,ibm_marrakesh,156,1,,0.05818,0.03174,176.4,102.5
2026-05-24T12:00:00+00:00,ibm,ibm_fez,156,1,,0.04978,0.02936,101.7,87.0
2026-05-24T12:00:00+00:00,ibm,ibm_kingston,156,1,,0.03608,0.02434,176.4,120.8
2026-05-25T12:00:00+00:00,ibm,ibm_marrakesh,156,1,,0.0586,0.03381,179.7,97.8
2026-05-25T12:00:00+00:00,ibm,ibm_fez,156,1,,0.04975,0.03012,101.7,87.0
2026-05-25T12:00:00+00:00,ibm,ibm_kingston,156,1,,0.03601,0.02756,174.1,115.4
2026-05-26T12:00:00+00:00,ibm,ibm_marrakesh,156,1,,0.05849,0.02892,191.9,107.2
2026-05-26T12:00:00+00:00,ibm,ibm_fez,156,1,,0.04989,0.02841,100.9,88.1
2026-05-26T12:00:00+00:00,ibm,ibm_kingston,156,1,,0.03617,0.02436,176.2,114.4
2026-05-27T00:00:00+00:00,ionq,qpu.forte-enterprise-1,36,1,,0.0082,0.0031,188000000.0,950000.0
2026-05-27T12:00:00+00:00,ibm,ibm_marrakesh,156,1,,0.05559,0.03022,187.8,96.7
2026-05-27T12:00:00+00:00,ibm,ibm_fez,156,1,,0.0499,0.03442,100.4,84.7
2026-05-27T12:00:00+00:00,ibm,ibm_kingston,156,1,,0.03627,0.02344,174.7,119.0
2026-05-28T00:00:00+00:00,ionq,qpu.forte-enterprise-1,36,1,,0.0082,0.0036,188000000.0,950000.0
2026-05-28T12:00:00+00:00,ibm,ibm_marrakesh,156,1,,0.05339,0.0442,183.3,91.1
2026-05-28T12:00:00+00:00,ibm,ibm_fez,156,1,,0.04676,0.02786,100.8,88.4
2026-05-28T12:00:00+00:00,ibm,ibm_kingston,156,1,,0.03657,0.01861,248.0,123.2
2026-05-29T00:00:00+00:00,ionq,qpu.forte-enterprise-1,36,1,,0.0062,0.0032,188000000.0,950000.0
2026-05-29T12:00:00+00:00,ibm,ibm_marrakesh,156,1,,0.05565,0.02844,174.6,76.7
2026-05-29T12:00:00+00:00,ibm,ibm_fez,156,1,,0.04948,0.03185,129.2,96.1
2026-05-29T12:00:00+00:00,ibm,ibm_kingston,156,1,,0.03647,0.02108,175.7,111.0
2026-05-30T00:00:00+00:00,ionq,qpu.forte-enterprise-1,36,1,,0.0089,0.0034,188000000.0,950000.0
2026-05-30T12:00:00+00:00,ibm,ibm_marrakesh,156,1,,0.05565,0.03388,177.7,99.2
2026-05-30T12:00:00+00:00,ibm,ibm_fez,156,1,,0.04719,0.03113,141.1,102.0
2026-05-30T12:00:00+00:00,ibm,ibm_kingston,156,1,,0.03612,0.0256,173.6,113.6
2026-05-31T00:00:00+00:00,ionq,qpu.forte-enterprise-1,36,1,,0.0083,0.0037,188000000.0,950000.0
2026-05-31T12:00:00+00:00,ibm,ibm_marrakesh,156,1,,0.05551,0.03553,181.2,97.7
2026-05-31T12:00:00+00:00,ibm,ibm_fez,156,1,,0.04472,0.03151,149.4,107.5
2026-05-31T12:00:00+00:00,ibm,ibm_kingston,156,1,,0.03624,0.02256,173.1,116.1
2026-06-01T00:00:00+00:00,ionq,qpu.forte-enterprise-1,36,1,,0.0071,0.0033,188000000.0,950000.0
2026-06-02T00:00:00+00:00,ionq,qpu.forte-enterprise-1,36,1,,0.0092,0.0037,188000000.0,950000.0
2026-06-03T00:00:00+00:00,ionq,qpu.forte-enterprise-1,36,1,,0.0116,0.0029,188000000.0,950000.0
2026-06-04T00:00:00+00:00,ionq,qpu.forte-enterprise-1,36,1,,0.0068,0.0036,188000000.0,950000.0
2026-06-05T00:00:00+00:00,ionq,qpu.forte-enterprise-1,36,1,,0.0058,0.0041,188000000.0,950000.0
2026-06-06T00:00:00+00:00,ionq,qpu.forte-enterprise-1,36,1,,0.0076,0.005,188000000.0,950000.0
2026-06-07T00:00:00+00:00,ionq,qpu.forte-enterprise-1,36,1,,0.0071,0.0056,188000000.0,950000.0
2026-06-08T00:00:00+00:00,ionq,qpu.forte-enterprise-1,36,1,,0.0068,0.0066,188000000.0,950000.0
2026-06-09T00:00:00+00:00,ionq,qpu.forte-enterprise-1,36,1,,0.0086,0.0057,188000000.0,950000.0
2026-06-10T00:00:00+00:00,ionq,qpu.forte-enterprise-1,36,1,,0.0068,0.0048,188000000.0,950000.0
2026-06-10T21:27:22.750485+00:00,ibm,ibm_fez,156,1,1,,,,
2026-06-10T21:27:22.750485+00:00,ibm,ibm_marrakesh,156,1,15,,,,
2026-06-10T21:27:22.750485+00:00,ibm,ibm_kingston,156,1,24,,,,
2026-06-10T22:02:27.031776+00:00,ibm,ibm_fez,156,1,0,,0.02406,,
2026-06-10T22:02:27.031776+00:00,ibm,ibm_marrakesh,156,1,7,,0.02693,,
2026-06-10T22:02:27.031776+00:00,ibm,ibm_kingston,156,1,28,,0.01688,,
2026-06-10T22:03:14.518642+00:00,ibm,ibm_fez,156,1,0,,0.02406,,
2026-06-10T22:03:14.518642+00:00,ibm,ibm_marrakesh,156,1,5,,0.02693,,
2026-06-10T22:03:14.518642+00:00,ibm,ibm_kingston,156,1,28,,0.01688,,
2026-06-10T22:50:09.624769+00:00,ibm,ibm_fez,156,1,0,,0.02406,,
2026-06-10T22:50:09.624769+00:00,ibm,ibm_marrakesh,156,1,2,,0.02693,,
2026-06-10T22:50:09.624769+00:00,ibm,ibm_kingston,156,1,28,,0.01688,,
2026-06-11T00:00:00+00:00,ionq,qpu.forte-enterprise-1,36,1,,0.0078,0.005,188000000.0,950000.0
2026-06-11T01:42:38.141706+00:00,ibm,ibm_marrakesh,156,1,0,,,,
2026-06-11T01:42:38.141706+00:00,ibm,ibm_fez,156,1,1,,,,
2026-06-11T01:42:38.141706+00:00,ibm,ibm_kingston,156,1,1,,,,
2026-06-11T01:43:40.522248+00:00,ibm,ibm_kingston,156,1,1,0.02981,,,
2026-06-11T01:43:40.522248+00:00,ibm,ibm_fez,156,1,2,0.03351,,,
2026-06-11T01:43:40.522248+00:00,ibm,ibm_marrakesh,156,1,0,0.0411,,,
2026-06-11T07:13:17.091495+00:00,ibm,ibm_fez,156,1,1,,0.0206,,
2026-06-11T07:13:17.091495+00:00,ibm,ibm_marrakesh,156,1,1,,0.02749,,
2026-06-11T07:13:17.091495+00:00,ibm,ibm_kingston,156,1,0,,0.01918,,
2026-06-11T17:29:00.594008+00:00,ibm,ibm_fez,156,1,4,,0.01929,,
2026-06-11T17:29:00.594008+00:00,ibm,ibm_marrakesh,156,1,2,,0.02645,,
2026-06-11T17:29:00.594008+00:00,ibm,ibm_kingston,156,1,15,,0.04508,,
2026-06-12T00:00:00+00:00,ionq,qpu.forte-enterprise-1,36,1,,0.0072,0.0053,188000000.0,950000.0
2026-06-12T12:02:27.213368+00:00,ibm,ibm_fez,156,1,0,,0.02278,,
2026-06-12T12:02:27.213368+00:00,ibm,ibm_marrakesh,156,1,0,,0.02797,,
2026-06-12T12:02:27.213368+00:00,ibm,ibm_kingston,156,1,0,,0.04057,,
2026-06-12T19:48:35.461002+00:00,ibm,ibm_fez,156,1,2,,0.02041,,
2026-06-12T19:48:35.461002+00:00,ibm,ibm_marrakesh,156,1,4,,0.02797,,
2026-06-12T19:48:35.461002+00:00,ibm,ibm_kingston,156,1,2,,0.01918,,
2026-06-13T00:00:00+00:00,ionq,qpu.forte-enterprise-1,36,1,,0.0075,0.0055,188000000.0,950000.0
2026-06-13T19:07:10.001312+00:00,ibm,ibm_fez,156,1,0,,0.02327,,
2026-06-13T19:07:10.001312+00:00,ibm,ibm_marrakesh,156,1,0,,0.02483,,
2026-06-13T19:07:10.001312+00:00,ibm,ibm_kingston,156,1,0,,0.01722,,
2026-06-14T00:00:00+00:00,ionq,qpu.forte-enterprise-1,36,1,,0.006,0.0098,188000000.0,950000.0
2026-06-15T00:00:00+00:00,ionq,qpu.forte-enterprise-1,36,1,,0.0074,0.0049,188000000.0,950000.0
2026-06-15T01:01:39.827666+00:00,ibm,ibm_fez,156,1,0,,0.0183,,
2026-06-15T01:01:39.827666+00:00,ibm,ibm_marrakesh,156,1,0,,0.02763,,
2026-06-15T01:01:39.827666+00:00,ibm,ibm_kingston,156,1,0,,0.01961,,
2026-06-15T18:12:58.210735+00:00,ibm,ibm_fez,156,1,0,,0.01841,,
2026-06-15T18:12:58.210735+00:00,ibm,ibm_marrakesh,156,1,0,,0.02996,,
2026-06-15T18:12:58.210735+00:00,ibm,ibm_kingston,156,1,40,,0.01868,,
2026-06-16T00:00:00+00:00,ionq,qpu.forte-enterprise-1,36,1,,0.0086,0.0045,188000000.0,950000.0
2026-06-16T19:08:18.795021+00:00,ibm,ibm_fez,156,1,35,,0.01997,,
2026-06-16T19:08:18.795021+00:00,ibm,ibm_marrakesh,156,1,8,,0.04127,,
2026-06-16T19:08:18.795021+00:00,ibm,ibm_kingston,156,1,18,,0.01629,,
2026-06-17T00:00:00+00:00,ionq,qpu.forte-enterprise-1,36,1,,0.0087,0.0042,188000000.0,950000.0
2026-06-17T03:18:47.688865+00:00,ibm,ibm_fez,156,1,1,,0.01915,,
2026-06-17T03:18:47.688865+00:00,ibm,ibm_marrakesh,156,1,4,,0.0365,,
2026-06-17T03:18:47.688865+00:00,ibm,ibm_kingston,156,1,1,,0.01935,,
2026-06-17T18:28:16.107752+00:00,ibm,ibm_fez,156,1,0,,0.02035,,
2026-06-17T18:28:16.107752+00:00,ibm,ibm_marrakesh,156,1,1,,0.02924,,
2026-06-17T18:28:16.107752+00:00,ibm,ibm_kingston,156,1,54,,0.01714,,
2026-06-18T00:00:00+00:00,ionq,qpu.forte-enterprise-1,36,1,,0.006,0.0037,188000000.0,950000.0
2026-06-18T18:37:57.164139+00:00,ibm,ibm_fez,156,1,13,,0.01924,,
2026-06-18T18:37:57.164139+00:00,ibm,ibm_marrakesh,156,1,3,,0.02576,,
2026-06-18T18:37:57.164139+00:00,ibm,ibm_kingston,156,1,63,,0.01648,,
2026-06-19T00:00:00+00:00,ionq,qpu.forte-enterprise-1,36,1,,0.0051,0.0034,188000000.0,950000.0
2026-06-19T19:14:30.084525+00:00,ibm,ibm_fez,156,1,9,,0.01991,,
2026-06-19T19:14:30.084525+00:00,ibm,ibm_marrakesh,156,1,22,,0.02576,,
2026-06-19T19:14:30.084525+00:00,ibm,ibm_kingston,156,1,48,,0.01614,,
2026-06-20T00:00:00+00:00,ionq,qpu.forte-enterprise-1,36,1,,0.0099,0.0038,188000000.0,950000.0
2026-06-20T16:09:33.165535+00:00,ibm,ibm_fez,156,1,1,,0.02065,,
2026-06-20T16:09:33.165535+00:00,ibm,ibm_marrakesh,156,1,0,,0.02759,,
2026-06-20T16:09:33.165535+00:00,ibm,ibm_kingston,156,1,1,,0.0171,,
2026-06-21T00:00:00+00:00,ionq,qpu.forte-enterprise-1,36,1,,0.0065,0.0041,188000000.0,950000.0
2026-06-22T00:00:00+00:00,ionq,qpu.forte-enterprise-1,36,1,,0.0166,0.0038,188000000.0,950000.0
2026-06-22T16:26:05.117635+00:00,ibm,ibm_fez,156,1,2,,0.01772,,
2026-06-22T16:26:05.117635+00:00,ibm,ibm_marrakesh,156,1,2,,0.03232,,
2026-06-22T16:26:05.117635+00:00,ibm,ibm_kingston,156,1,30,,0.01865,,
2026-06-22T19:19:10.082112+00:00,ibm,ibm_fez,156,1,1,0.04253,0.01772,,
2026-06-22T19:19:10.082112+00:00,ibm,ibm_marrakesh,156,1,24,0.05314,0.03232,,
2026-06-22T19:19:10.082112+00:00,ibm,ibm_kingston,156,1,21,0.03667,0.01865,,
2026-06-22T22:26:13.695760+00:00,ibm,ibm_fez,156,1,5,0.04253,0.02227,,
2026-06-22T22:26:13.695760+00:00,ibm,ibm_marrakesh,156,1,0,0.05314,0.02929,,
2026-06-22T22:26:13.695760+00:00,ibm,ibm_kingston,156,1,0,0.03667,0.01709,,
2026-06-23T00:00:00+00:00,ionq,qpu.forte-1,36,1,,0.0167,0.004,100000000.0,1000000.0
2026-06-23T15:09:43.956429+00:00,ibm,ibm_fez,156,1,5,0.04253,0.01782,,
2026-06-23T15:09:43.956429+00:00,ibm,ibm_marrakesh,156,1,42,0.0557,0.02732,,
2026-06-23T15:09:43.956429+00:00,ibm,ibm_kingston,156,1,0,0.03674,0.01961,,
2026-06-23T21:09:51.652016+00:00,ibm,ibm_fez,156,1,4,0.04253,0.02343,,
2026-06-23T21:09:51.652016+00:00,ibm,ibm_marrakesh,156,1,5,0.0557,0.03937,,
2026-06-23T21:09:51.652016+00:00,ibm,ibm_kingston,156,1,89,0.03674,0.01794,,
2026-06-24T00:00:00+00:00,ionq,qpu.forte-1,36,1,,0.0141,0.0042,100000000.0,1000000.0
2026-06-24T15:56:18.331468+00:00,ibm,ibm_kingston,156,1,0,,,,
2026-06-24T15:56:18.331468+00:00,ibm,ibm_fez,156,1,1,,,,
2026-06-24T15:56:18.331468+00:00,ibm,ibm_marrakesh,156,1,4,,,,
2026-06-24T16:34:45.414385+00:00,ibm,ibm_fez,156,1,1,0.04275,0.01869,,
2026-06-24T16:34:45.414385+00:00,ibm,ibm_marrakesh,156,1,2,0.05595,0.02717,,
2026-06-24T16:34:45.414385+00:00,ibm,ibm_kingston,156,1,4,0.03683,0.0175,,
2026-06-24T18:51:16.354689+00:00,ibm,ibm_fez,156,1,0,,,,
2026-06-24T18:51:16.354689+00:00,ibm,ibm_marrakesh,156,1,1,,,,
2026-06-24T18:51:16.354689+00:00,ibm,ibm_kingston,156,1,14,,,,
2026-06-24T19:02:27.932357+00:00,ibm,ibm_marrakesh,156,1,3,,,,
2026-06-24T19:02:27.932357+00:00,ibm,ibm_fez,156,1,5,,,,
2026-06-24T19:02:27.932357+00:00,ibm,ibm_kingston,156,1,14,,,,
2026-06-24T19:02:32.326823+00:00,ibm,ibm_marrakesh,156,1,3,0.04468,0.02626,,
2026-06-24T19:03:30.664099+00:00,ibm,ibm_marrakesh,156,1,3,,,,
2026-06-24T19:03:30.664099+00:00,ibm,ibm_fez,156,1,5,,,,
2026-06-24T19:03:30.664099+00:00,ibm,ibm_kingston,156,1,14,,,,
2026-06-24T19:05:46.476723+00:00,ibm,ibm_fez,156,1,3,,,,
2026-06-24T19:05:46.476723+00:00,ibm,ibm_marrakesh,156,1,4,,,,
2026-06-24T19:05:46.476723+00:00,ibm,ibm_kingston,156,1,14,,,,
2026-06-24T19:08:11.865882+00:00,ibm,ibm_marrakesh,156,1,1,,,,
2026-06-24T19:08:11.865882+00:00,ibm,ibm_fez,156,1,3,,,,
2026-06-24T19:08:11.865882+00:00,ibm,ibm_kingston,156,1,14,,,,
2026-06-25T00:00:00+00:00,ionq,qpu.forte-1,36,1,,0.0076,0.0052,100000000.0,1000000.0
2026-06-25T00:07:38.675320+00:00,ibm,ibm_fez,156,1,1,0.04275,0.01795,,
2026-06-25T00:07:38.675320+00:00,ibm,ibm_marrakesh,156,1,63,0.05595,0.02626,,
2026-06-25T00:07:38.675320+00:00,ibm,ibm_kingston,156,1,89,0.03683,0.02006,,
2026-06-25T18:05:09.223957+00:00,ibm,ibm_fez,156,1,50,0.04275,0.02106,,
2026-06-25T18:05:09.223957+00:00,ibm,ibm_marrakesh,156,1,48,0.05837,0.03586,,
2026-06-25T18:05:09.223957+00:00,ibm,ibm_kingston,156,1,47,0.03941,0.01988,,
2026-06-26T00:00:00+00:00,ionq,qpu.forte-1,36,1,,0.0171,0.004,100000000.0,1000000.0
2026-06-26T00:47:32.776122+00:00,ibm,ibm_fez,156,1,29,,,,
2026-06-26T00:47:32.776122+00:00,ibm,ibm_marrakesh,156,1,26,,,,
2026-06-26T00:47:32.776122+00:00,ibm,ibm_kingston,156,1,0,,,,
2026-06-26T00:47:38.458984+00:00,ibm,ibm_fez,156,1,29,,,,
2026-06-26T00:47:38.458984+00:00,ibm,ibm_marrakesh,156,1,26,,,,
2026-06-26T00:47:38.458984+00:00,ibm,ibm_kingston,156,1,1,,,,
2026-06-26T00:47:44.501171+00:00,ibm,ibm_kingston,156,1,1,0.02931,,,
2026-06-26T00:47:44.501171+00:00,ibm,ibm_fez,156,1,29,0.03364,,,
2026-06-26T00:47:44.501171+00:00,ibm,ibm_marrakesh,156,1,26,0.04454,,,
2026-06-26T00:47:49.747535+00:00,ibm,ibm_kingston,156,1,1,,,,
2026-06-26T00:47:49.747535+00:00,ibm,ibm_marrakesh,156,1,26,,,,
2026-06-26T00:47:49.747535+00:00,ibm,ibm_fez,156,1,29,,,,
2026-06-26T00:47:54.994420+00:00,ibm,ibm_fez,156,1,29,,,,
2026-06-26T00:47:54.994420+00:00,ibm,ibm_marrakesh,156,1,26,,,,
2026-06-26T00:47:54.994420+00:00,ibm,ibm_kingston,156,1,1,,,,
2026-06-26T00:48:00.522970+00:00,ibm,ibm_kingston,156,1,1,0.02931,,,
2026-06-26T00:48:00.522970+00:00,ibm,ibm_fez,156,1,29,0.03364,,,
2026-06-26T00:48:00.522970+00:00,ibm,ibm_marrakesh,156,1,26,0.04454,,,
2026-06-26T00:48:05.981684+00:00,ibm,ibm_kingston,156,1,1,,,,
2026-06-26T00:48:05.981684+00:00,ibm,ibm_marrakesh,156,1,26,,,,
2026-06-26T00:48:05.981684+00:00,ibm,ibm_fez,156,1,29,,,,
2026-06-26T00:48:36.760072+00:00,ibm,ibm_fez,156,1,29,,,,
2026-06-26T00:48:36.760072+00:00,ibm,ibm_marrakesh,156,1,26,,,,
2026-06-26T00:48:36.760072+00:00,ibm,ibm_kingston,156,1,0,,,,
2026-06-26T00:48:42.373080+00:00,ibm,ibm_kingston,156,1,0,0.02931,,,
2026-06-26T00:48:42.373080+00:00,ibm,ibm_fez,156,1,29,0.03364,,,
2026-06-26T00:48:42.373080+00:00,ibm,ibm_marrakesh,156,1,26,0.04454,,,
2026-06-26T00:48:48.020483+00:00,ibm,ibm_kingston,156,1,1,,,,
2026-06-26T00:48:48.020483+00:00,ibm,ibm_marrakesh,156,1,26,,,,
2026-06-26T00:48:48.020483+00:00,ibm,ibm_fez,156,1,30,,,,
2026-06-26T00:49:29.744909+00:00,ibm,ibm_fez,156,1,30,,,,
2026-06-26T00:49:29.744909+00:00,ibm,ibm_marrakesh,156,1,26,,,,
2026-06-26T00:49:29.744909+00:00,ibm,ibm_kingston,156,1,1,,,,
2026-06-26T00:49:35.424018+00:00,ibm,ibm_fez,156,1,30,,,,
2026-06-26T00:49:35.424018+00:00,ibm,ibm_marrakesh,156,1,26,,,,
2026-06-26T00:49:35.424018+00:00,ibm,ibm_kingston,156,1,0,,,,
2026-06-26T00:49:46.279564+00:00,ibm,ibm_kingston,156,1,0,0.02931,,,
2026-06-26T00:49:46.279564+00:00,ibm,ibm_fez,156,1,30,0.03364,,,
2026-06-26T00:49:46.279564+00:00,ibm,ibm_marrakesh,156,1,26,0.04454,,,
2026-06-26T00:49:51.475219+00:00,ibm,ibm_kingston,156,1,0,,,,
2026-06-26T00:49:51.475219+00:00,ibm,ibm_marrakesh,156,1,26,,,,
2026-06-26T00:49:51.475219+00:00,ibm,ibm_fez,156,1,30,,,,
2026-06-26T00:49:56.816913+00:00,ibm,ibm_fez,156,1,30,,,,
2026-06-26T00:49:56.816913+00:00,ibm,ibm_marrakesh,156,1,26,,,,
2026-06-26T00:49:56.816913+00:00,ibm,ibm_kingston,156,1,0,,,,
2026-06-26T00:50:02.234913+00:00,ibm,ibm_kingston,156,1,0,0.02931,,,
2026-06-26T00:50:02.234913+00:00,ibm,ibm_fez,156,1,30,0.03364,,,
2026-06-26T00:50:02.234913+00:00,ibm,ibm_marrakesh,156,1,26,0.04454,,,
2026-06-26T00:50:08.614802+00:00,ibm,ibm_kingston,156,1,0,,,,
2026-06-26T00:50:08.614802+00:00,ibm,ibm_marrakesh,156,1,26,,,,
2026-06-26T00:50:08.614802+00:00,ibm,ibm_fez,156,1,30,,,,
2026-06-26T00:51:44.161013+00:00,ibm,ibm_fez,156,1,33,,,,
2026-06-26T00:51:44.161013+00:00,ibm,ibm_marrakesh,156,1,26,,,,
2026-06-26T00:51:44.161013+00:00,ibm,ibm_kingston,156,1,0,,,,
2026-06-26T00:51:49.514910+00:00,ibm,ibm_fez,156,1,33,,,,
2026-06-26T00:51:49.514910+00:00,ibm,ibm_marrakesh,156,1,26,,,,
2026-06-26T00:51:49.514910+00:00,ibm,ibm_kingston,156,1,0,,,,
2026-06-26T00:51:52.663235+00:00,ibm,ibm_fez,156,1,33,0.03364,0.02034,,
2026-06-26T00:52:00.027754+00:00,ibm,ibm_kingston,156,1,0,0.02931,,,
2026-06-26T00:52:00.027754+00:00,ibm,ibm_fez,156,1,33,0.03364,,,
2026-06-26T00:52:00.027754+00:00,ibm,ibm_marrakesh,156,1,26,0.04454,,,
2026-06-26T00:52:05.849451+00:00,ibm,ibm_kingston,156,1,0,,,,
2026-06-26T00:52:05.849451+00:00,ibm,ibm_marrakesh,156,1,26,,,,
2026-06-26T00:52:05.849451+00:00,ibm,ibm_fez,156,1,33,,,,
2026-06-26T00:52:11.068535+00:00,ibm,ibm_fez,156,1,33,,,,
2026-06-26T00:52:11.068535+00:00,ibm,ibm_marrakesh,156,1,26,,,,
2026-06-26T00:52:11.068535+00:00,ibm,ibm_kingston,156,1,0,,,,
2026-06-26T00:52:16.103461+00:00,ibm,ibm_kingston,156,1,0,0.02931,,,
2026-06-26T00:52:16.103461+00:00,ibm,ibm_fez,156,1,33,0.03364,,,
2026-06-26T00:52:16.103461+00:00,ibm,ibm_marrakesh,156,1,26,0.04454,,,
2026-06-26T00:52:21.620034+00:00,ibm,ibm_kingston,156,1,0,,,,
2026-06-26T00:52:21.620034+00:00,ibm,ibm_marrakesh,156,1,26,,,,
2026-06-26T00:52:21.620034+00:00,ibm,ibm_fez,156,1,33,,,,
2026-06-26T01:54:03.370772+00:00,ibm,ibm_fez,156,1,6,0.04271,0.02034,,
2026-06-26T01:54:03.370772+00:00,ibm,ibm_marrakesh,156,1,7,0.05837,0.03586,,
2026-06-26T01:54:03.370772+00:00,ibm,ibm_kingston,156,1,0,0.03941,0.01556,,
2026-06-26T18:29:38.189429+00:00,ibm,ibm_fez,156,1,37,0.04271,0.02105,,
2026-06-26T18:29:38.189429+00:00,ibm,ibm_marrakesh,156,1,33,0.05583,0.03172,,
2026-06-26T18:29:38.189429+00:00,ibm,ibm_kingston,156,1,15,0.03668,0.01921,,
2026-06-26T21:50:15.147018+00:00,ibm,ibm_fez,156,1,5,,,,
2026-06-26T21:50:15.147018+00:00,ibm,ibm_marrakesh,156,1,0,,,,
2026-06-26T21:50:15.147018+00:00,ibm,ibm_kingston,156,1,21,,,,
2026-06-26T21:50:31.186359+00:00,ibm,ibm_fez,156,1,5,,,,
2026-06-26T21:50:31.186359+00:00,ibm,ibm_marrakesh,156,1,1,,,,
2026-06-26T21:50:31.186359+00:00,ibm,ibm_kingston,156,1,22,,,,
2026-06-26T21:50:41.891868+00:00,ibm,ibm_kingston,156,1,21,0.02937,0.01926,,
2026-06-26T21:50:56.437680+00:00,ibm,ibm_marrakesh,156,1,2,,,,
2026-06-26T21:50:56.437680+00:00,ibm,ibm_fez,156,1,4,,,,
2026-06-26T21:50:56.437680+00:00,ibm,ibm_kingston,156,1,22,,,,
2026-06-27T00:00:00+00:00,ionq,qpu.forte-1,36,1,,0.0067,0.0039,100000000.0,1000000.0
2026-06-27T01:12:41.236868+00:00,ibm,ibm_fez,156,1,3,0.04249,0.02232,,
2026-06-27T01:12:41.236868+00:00,ibm,ibm_marrakesh,156,1,1,0.05583,0.03116,,
2026-06-27T01:12:41.236868+00:00,ibm,ibm_kingston,156,1,0,0.03668,0.01881,,
2026-06-27T17:59:16.040624+00:00,ibm,ibm_fez,156,1,5,0.04257,0.02232,,
2026-06-27T17:59:16.040624+00:00,ibm,ibm_marrakesh,156,1,199,0.05583,0.03116,,
2026-06-27T17:59:16.040624+00:00,ibm,ibm_kingston,156,1,239,0.03668,0.01647,,
2026-06-28T00:00:00+00:00,ionq,qpu.forte-1,36,1,,0.0144,0.0038,100000000.0,1000000.0
2026-06-28T00:47:55.527744+00:00,ibm,ibm_fez,156,1,2,0.04257,0.02232,,
2026-06-28T00:47:55.527744+00:00,ibm,ibm_marrakesh,156,1,73,0.05583,0.03116,,
2026-06-28T00:47:55.527744+00:00,ibm,ibm_kingston,156,1,0,0.03668,0.01647,,
2026-06-28T17:31:47.340903+00:00,ibm,ibm_fez,156,1,6,0.04257,0.02232,,
2026-06-28T17:31:47.340903+00:00,ibm,ibm_marrakesh,156,1,109,0.05583,0.03116,,
2026-06-28T17:31:47.340903+00:00,ibm,ibm_kingston,156,1,1,0.03668,0.01647,,
2026-06-28T17:31:47.340903+00:00,ionq,qpu.forte-1,36,1,,,,,
2026-06-28T17:31:47.340903+00:00,ionq,qpu.aria-1,25,0,,,,,
2026-06-28T17:31:47.340903+00:00,ionq,qpu.aria-2,25,0,,,,,
2026-06-28T17:31:47.340903+00:00,ionq,qpu.harmony,11,0,,,,,
2026-06-28T17:31:47.340903+00:00,ionq,qpu.forte-enterprise-1,36,0,,,,,
2026-06-28T18:23:51.440651+00:00,ibm,ibm_fez,156,1,4,0.04257,0.02232,,
2026-06-28T18:23:51.440651+00:00,ibm,ibm_marrakesh,156,1,109,0.05583,0.03116,,
2026-06-28T18:23:51.440651+00:00,ibm,ibm_kingston,156,1,6,0.03668,0.01647,,
2026-06-28T18:23:51.440651+00:00,ionq,qpu.forte-1,36,0,,,,,
2026-06-28T18:23:51.440651+00:00,ionq,qpu.aria-1,25,0,,,,,
2026-06-28T18:23:51.440651+00:00,ionq,qpu.aria-2,25,0,,,,,
2026-06-28T18:23:51.440651+00:00,ionq,qpu.harmony,11,0,,,,,
2026-06-28T18:23:51.440651+00:00,ionq,qpu.forte-enterprise-1,36,0,,,,,
2026-06-28T19:39:14.230573+00:00,ibm,ibm_fez,156,1,1,,,,
2026-06-28T19:39:14.230573+00:00,ibm,ibm_marrakesh,156,1,123,,,,
2026-06-28T19:39:14.230573+00:00,ibm,ibm_kingston,156,1,11,,,,
2026-06-28T19:39:20.667943+00:00,ibm,ibm_fez,156,1,1,,,,
2026-06-28T19:39:20.667943+00:00,ibm,ibm_marrakesh,156,1,123,,,,
2026-06-28T19:39:20.667943+00:00,ibm,ibm_kingston,156,1,11,,,,
2026-06-28T19:39:23.970238+00:00,ibm,ibm_kingston,156,1,11,0.02937,0.01647,,
2026-06-28T19:39:29.868241+00:00,ibm,ibm_kingston,156,1,11,0.02937,,,
2026-06-28T19:39:29.868241+00:00,ibm,ibm_fez,156,1,1,0.03321,,,
2026-06-28T19:39:29.868241+00:00,ibm,ibm_marrakesh,156,1,123,0.04459,,,
2026-06-28T19:39:35.876190+00:00,ibm,ibm_fez,156,1,1,,,,
2026-06-28T19:39:35.876190+00:00,ibm,ibm_kingston,156,1,11,,,,
2026-06-28T19:39:35.876190+00:00,ibm,ibm_marrakesh,156,1,123,,,,
2026-06-28T19:40:39.867774+00:00,ibm,ibm_fez,156,1,1,,,,
2026-06-28T19:40:39.867774+00:00,ibm,ibm_marrakesh,156,1,123,,,,
2026-06-28T19:40:39.867774+00:00,ibm,ibm_kingston,156,1,11,,,,
2026-06-28T19:40:46.537730+00:00,ibm,ibm_fez,156,1,1,,,,
2026-06-28T19:40:46.537730+00:00,ibm,ibm_marrakesh,156,1,123,,,,
2026-06-28T19:40:46.537730+00:00,ibm,ibm_kingston,156,1,11,,,,
2026-06-28T19:40:50.071706+00:00,ibm,ibm_kingston,156,1,11,0.02937,0.01647,,
2026-06-28T19:40:55.717163+00:00,ibm,ibm_kingston,156,1,11,0.02937,,,
2026-06-28T19:40:55.717163+00:00,ibm,ibm_fez,156,1,1,0.03321,,,
2026-06-28T19:40:55.717163+00:00,ibm,ibm_marrakesh,156,1,123,0.04459,,,
2026-06-28T19:41:00.649487+00:00,ibm,ibm_fez,156,1,1,,,,
2026-06-28T19:41:00.649487+00:00,ibm,ibm_kingston,156,1,11,,,,
2026-06-28T19:41:00.649487+00:00,ibm,ibm_marrakesh,156,1,123,,,,
2026-06-29T00:00:00+00:00,ionq,qpu.forte-1,36,1,,0.0217,0.0038,100000000.0,1000000.0
2026-06-29T16:05:38.402651+00:00,ibm,ibm_fez,156,1,22,0.04257,0.02083,,
2026-06-29T16:05:38.402651+00:00,ibm,ibm_marrakesh,156,1,14,0.05583,0.03116,,
2026-06-29T16:05:38.402651+00:00,ibm,ibm_kingston,156,1,112,0.03668,0.01647,,
2026-06-29T16:05:38.402651+00:00,ionq,qpu.forte-1,36,1,,,,,
2026-06-29T16:05:38.402651+00:00,ionq,qpu.aria-1,25,0,,,,,
2026-06-29T16:05:38.402651+00:00,ionq,qpu.aria-2,25,0,,,,,
2026-06-29T16:05:38.402651+00:00,ionq,qpu.harmony,11,0,,,,,
2026-06-29T16:05:38.402651+00:00,ionq,qpu.forte-enterprise-1,36,0,,,,,
2026-06-30T00:00:00+00:00,ionq,qpu.forte-1,36,1,,0.0166,0.0039,100000000.0,1000000.0
2026-07-01T00:00:00+00:00,ionq,qpu.forte-1,36,1,,0.0177,0.0038,100000000.0,1000000.0
2026-07-02T00:00:00+00:00,ionq,qpu.forte-1,36,1,,0.0159,0.0037,100000000.0,1000000.0
2026-07-02T17:06:48.289353+00:00,ibm,ibm_fez,156,1,187,0.0447,0.01987,,
2026-07-02T17:06:48.289353+00:00,ibm,ibm_marrakesh,156,1,159,0.05616,0.02998,,
2026-07-02T17:06:48.289353+00:00,ibm,ibm_kingston,156,1,172,0.03702,0.0195,,
2026-07-02T17:06:48.289353+00:00,ionq,qpu.forte-1,36,1,,,,,
2026-07-02T17:06:48.289353+00:00,ionq,qpu.aria-1,25,0,,,,,
2026-07-02T17:06:48.289353+00:00,ionq,qpu.aria-2,25,0,,,,,
2026-07-02T17:06:48.289353+00:00,ionq,qpu.harmony,11,0,,,,,
2026-07-02T17:06:48.289353+00:00,ionq,qpu.forte-enterprise-1,36,0,,,,,
2026-07-02T20:35:56.042321+00:00,ibm,ibm_kingston,156,1,191,0.02999,0.0195,,
2026-07-02T20:35:56.042321+00:00,ibm,ibm_fez,156,1,201,0.03332,0.01987,,
2026-07-02T20:35:56.042321+00:00,ibm,ibm_marrakesh,156,1,151,0.04508,0.02998,,
2026-07-02T20:36:29.103231+00:00,ibm,ibm_kingston,156,1,190,0.02999,0.0195,,
2026-07-02T20:36:29.103231+00:00,ibm,ibm_fez,156,1,201,0.03332,0.01987,,
2026-07-02T20:36:29.103231+00:00,ibm,ibm_marrakesh,156,1,151,0.04508,0.02998,,
2026-07-02T20:38:28.188383+00:00,ibm,ibm_kingston,156,1,190,0.02999,0.0195,,
2026-07-02T20:38:28.188383+00:00,ibm,ibm_fez,156,1,201,0.03332,0.01987,,
2026-07-02T20:38:28.188383+00:00,ibm,ibm_marrakesh,156,1,152,0.04508,0.02998,,
2026-07-02T20:39:55.256297+00:00,ibm,ibm_kingston,156,1,190,0.02999,0.0195,,
2026-07-02T20:39:55.256297+00:00,ibm,ibm_fez,156,1,201,0.03332,0.01987,,
2026-07-02T20:39:55.256297+00:00,ibm,ibm_marrakesh,156,1,153,0.04508,0.02998,,
2026-07-02T20:40:13.467864+00:00,ibm,ibm_kingston,156,1,190,0.02999,0.0195,,
2026-07-02T20:40:13.467864+00:00,ibm,ibm_fez,156,1,201,0.03332,0.01987,,
2026-07-02T20:40:13.467864+00:00,ibm,ibm_marrakesh,156,1,153,0.04508,0.02998,,
2026-07-02T22:12:37.374160+00:00,ibm,ibm_kingston,156,1,179,0.02999,0.0195,,
2026-07-02T22:12:37.374160+00:00,ibm,ibm_fez,156,1,155,0.03332,0.01986,,
2026-07-02T22:12:37.374160+00:00,ibm,ibm_marrakesh,156,1,174,0.0505,0.03135,,
2026-07-02T22:20:08.029282+00:00,ibm,ibm_fez,156,1,134,0.03332,0.01986,,
2026-07-02T22:20:08.029282+00:00,ibm,ibm_marrakesh,156,1,164,0.0505,0.03135,,
2026-07-02T22:20:08.029282+00:00,ibm,ibm_kingston,156,1,180,0.02999,0.0195,,
2026-07-02T22:21:14.262836+00:00,ibm,ibm_kingston,156,1,180,0.02999,0.0195,,
2026-07-02T22:21:14.262836+00:00,ibm,ibm_fez,156,1,129,0.03332,0.01986,,
2026-07-02T22:21:14.262836+00:00,ibm,ibm_marrakesh,156,1,164,0.0505,0.03135,,
2026-07-02T22:22:19.907208+00:00,ibm,ibm_kingston,156,1,180,0.02999,0.0195,,
2026-07-02T22:22:19.907208+00:00,ibm,ibm_fez,156,1,128,0.03332,0.01986,,
2026-07-02T22:22:19.907208+00:00,ibm,ibm_marrakesh,156,1,164,0.0505,0.03135,,
2026-07-02T22:22:40.273421+00:00,ibm,ibm_kingston,156,1,180,0.02999,0.0195,,
2026-07-02T22:22:40.273421+00:00,ibm,ibm_fez,156,1,124,0.03332,0.01986,,
2026-07-02T22:22:40.273421+00:00,ibm,ibm_marrakesh,156,1,164,0.0505,0.03135,,
2026-07-02T22:22:56.869994+00:00,ibm,ibm_kingston,156,1,179,0.02999,0.0195,,
2026-07-02T22:22:56.869994+00:00,ibm,ibm_fez,156,1,125,0.03332,0.01986,,
2026-07-02T22:22:56.869994+00:00,ibm,ibm_marrakesh,156,1,164,0.0505,0.03135,,
2026-07-02T22:24:40.068701+00:00,ibm,ibm_kingston,156,1,179,0.02999,0.0195,,
2026-07-02T22:24:40.068701+00:00,ibm,ibm_fez,156,1,120,0.03332,0.01986,,
2026-07-02T22:24:40.068701+00:00,ibm,ibm_marrakesh,156,1,164,0.0505,0.03135,,
2026-07-02T22:40:50.402556+00:00,ibm,ibm_kingston,156,1,177,0.02999,0.0195,,
2026-07-02T22:40:50.402556+00:00,ibm,ibm_fez,156,1,128,0.03332,0.01986,,
2026-07-02T22:40:50.402556+00:00,ibm,ibm_marrakesh,156,1,169,0.0505,0.03135,,
2026-07-02T22:40:55.736861+00:00,ibm,ibm_kingston,156,1,177,0.02999,0.0195,,
2026-07-02T22:40:55.736861+00:00,ibm,ibm_fez,156,1,128,0.03332,0.01986,,
2026-07-02T22:40:55.736861+00:00,ibm,ibm_marrakesh,156,1,169,0.0505,0.03135,,
2026-07-02T22:46:22.882654+00:00,ibm,ibm_kingston,156,1,176,0.02999,0.0195,,
2026-07-02T22:46:22.882654+00:00,ibm,ibm_fez,156,1,129,0.03332,0.01986,,
2026-07-02T22:46:22.882654+00:00,ibm,ibm_marrakesh,156,1,170,0.0505,0.03135,,
2026-07-02T22:46:29.086965+00:00,ibm,ibm_kingston,156,1,176,0.02999,0.0195,,
2026-07-02T22:46:29.086965+00:00,ibm,ibm_fez,156,1,129,0.03332,0.01986,,
2026-07-02T22:46:29.086965+00:00,ibm,ibm_marrakesh,156,1,170,0.0505,0.03135,,
2026-07-02T22:46:35.313192+00:00,ibm,ibm_kingston,156,1,176,0.02999,0.0195,,
2026-07-02T22:46:35.313192+00:00,ibm,ibm_fez,156,1,129,0.03332,0.01986,,
2026-07-02T22:46:35.313192+00:00,ibm,ibm_marrakesh,156,1,170,0.0505,0.03135,,
2026-07-02T22:56:30.436019+00:00,ibm,ibm_kingston,156,1,174,0.02999,0.0195,,
2026-07-02T22:56:30.436019+00:00,ibm,ibm_fez,156,1,131,0.03332,0.01986,,
2026-07-02T22:56:30.436019+00:00,ibm,ibm_marrakesh,156,1,173,0.0505,0.03135,,
2026-07-02T22:56:52.904677+00:00,ibm,ibm_kingston,156,1,174,0.02999,0.0195,,
2026-07-02T22:56:52.904677+00:00,ibm,ibm_fez,156,1,131,0.03332,0.01986,,
2026-07-02T22:56:52.904677+00:00,ibm,ibm_marrakesh,156,1,173,0.0505,0.03135,,
2026-07-02T22:57:41.295097+00:00,ibm,ibm_kingston,156,1,174,0.02999,0.0195,,
2026-07-02T22:57:41.295097+00:00,ibm,ibm_fez,156,1,131,0.03332,0.01986,,
2026-07-02T22:57:41.295097+00:00,ibm,ibm_marrakesh,156,1,173,0.0505,0.03135,,
2026-07-02T22:58:25.413013+00:00,ibm,ibm_kingston,156,1,171,0.02999,0.0195,,
2026-07-02T22:58:25.413013+00:00,ibm,ibm_fez,156,1,131,0.03332,0.01986,,
2026-07-02T22:58:25.413013+00:00,ibm,ibm_marrakesh,156,1,173,0.0505,0.03135,,
2026-07-03T00:00:00+00:00,ionq,qpu.forte-1,36,1,,0.0176,0.0037,100000000.0,1000000.0
2026-07-03T00:48:42.790501+00:00,ibm,ibm_kingston,156,1,27,0.02999,0.0195,,
2026-07-03T00:48:42.790501+00:00,ibm,ibm_fez,156,1,149,0.03332,0.01741,,
2026-07-03T00:48:42.790501+00:00,ibm,ibm_marrakesh,156,1,188,0.0505,0.03135,,
2026-07-03T00:51:04.103552+00:00,ibm,ibm_kingston,156,1,24,0.02999,0.0195,,
2026-07-03T00:51:04.103552+00:00,ibm,ibm_fez,156,1,184,0.03332,0.01741,,
2026-07-03T00:51:04.103552+00:00,ibm,ibm_marrakesh,156,1,188,0.0505,0.03135,,
2026-07-03T00:51:32.481888+00:00,ibm,ibm_kingston,156,1,22,0.02999,0.0195,,
2026-07-03T00:51:32.481888+00:00,ibm,ibm_fez,156,1,182,0.03332,0.01741,,
2026-07-03T00:51:32.481888+00:00,ibm,ibm_marrakesh,156,1,188,0.0505,0.03135,,
2026-07-03T00:51:37.557845+00:00,ibm,ibm_kingston,156,1,22,0.02999,0.0195,,
2026-07-03T00:51:37.557845+00:00,ibm,ibm_fez,156,1,182,0.03332,0.01741,,
2026-07-03T00:51:37.557845+00:00,ibm,ibm_marrakesh,156,1,188,0.0505,0.03135,,
2026-07-03T00:51:55.679886+00:00,ibm,ibm_kingston,156,1,22,0.02999,0.0195,,
2026-07-03T00:51:55.679886+00:00,ibm,ibm_fez,156,1,182,0.03332,0.01741,,
2026-07-03T00:51:55.679886+00:00,ibm,ibm_marrakesh,156,1,188,0.0505,0.03135,,
2026-07-03T00:52:54.071301+00:00,ibm,ibm_kingston,156,1,18,0.02999,0.0195,,
2026-07-03T00:52:54.071301+00:00,ibm,ibm_fez,156,1,181,0.03332,0.01741,,
2026-07-03T00:52:54.071301+00:00,ibm,ibm_marrakesh,156,1,188,0.0505,0.03135,,
2026-07-03T00:53:12.598944+00:00,ibm,ibm_kingston,156,1,16,0.02999,0.0195,,
2026-07-03T00:53:12.598944+00:00,ibm,ibm_fez,156,1,179,0.03332,0.01741,,
2026-07-03T00:53:12.598944+00:00,ibm,ibm_marrakesh,156,1,188,0.0505,0.03135,,
2026-07-03T00:54:31.969582+00:00,ibm,ibm_kingston,156,1,11,0.02999,0.0195,,
2026-07-03T00:54:31.969582+00:00,ibm,ibm_fez,156,1,177,0.03332,0.01741,,
2026-07-03T00:54:31.969582+00:00,ibm,ibm_marrakesh,156,1,189,0.0505,0.03135,,
2026-07-03T00:55:04.686272+00:00,ibm,ibm_kingston,156,1,8,0.02999,0.0195,,
2026-07-03T00:55:04.686272+00:00,ibm,ibm_fez,156,1,176,0.03332,0.01741,,
2026-07-03T00:55:04.686272+00:00,ibm,ibm_marrakesh,156,1,187,0.0505,0.03135,,
2026-07-03T00:55:10.309512+00:00,ibm,ibm_kingston,156,1,8,0.02999,0.0195,,
2026-07-03T00:55:10.309512+00:00,ibm,ibm_fez,156,1,176,0.03332,0.01741,,
2026-07-03T00:55:10.309512+00:00,ibm,ibm_marrakesh,156,1,188,0.0505,0.03135,,
2026-07-03T00:56:11.371116+00:00,ibm,ibm_kingston,156,1,4,0.02999,0.0195,,
2026-07-03T00:56:11.371116+00:00,ibm,ibm_fez,156,1,174,0.03332,0.01741,,
2026-07-03T00:56:11.371116+00:00,ibm,ibm_marrakesh,156,1,188,0.0505,0.03135,,
2026-07-03T01:14:27.321120+00:00,ibm,ibm_kingston,156,1,7,0.02999,0.0195,,
2026-07-03T01:14:27.321120+00:00,ibm,ibm_fez,156,1,170,0.03332,0.01714,,
2026-07-03T01:14:27.321120+00:00,ibm,ibm_marrakesh,156,1,196,0.0505,0.03135,,
2026-07-03T01:24:07.708400+00:00,ibm,ibm_kingston,156,1,11,0.02999,0.0199,,
2026-07-03T01:24:07.708400+00:00,ibm,ibm_fez,156,1,172,0.03332,0.01714,,
2026-07-03T01:24:07.708400+00:00,ibm,ibm_marrakesh,156,1,196,0.0505,0.03135,,
2026-07-03T01:25:30.823575+00:00,ibm,ibm_kingston,156,1,10,0.02999,0.0199,,
2026-07-03T01:25:30.823575+00:00,ibm,ibm_fez,156,1,172,0.03332,0.01714,,
2026-07-03T01:25:30.823575+00:00,ibm,ibm_marrakesh,156,1,196,0.0505,0.03135,,
2026-07-03T16:09:37.228928+00:00,ibm,ibm_fez,156,1,200,0.04451,0.02003,,
2026-07-03T16:09:37.228928+00:00,ibm,ibm_marrakesh,156,1,29,0.0587,0.03031,,
2026-07-03T16:09:37.228928+00:00,ibm,ibm_kingston,156,1,597,0.03703,0.01944,,
2026-07-03T16:09:37.228928+00:00,ionq,qpu.forte-1,36,1,,,,,
2026-07-03T16:09:37.228928+00:00,ionq,qpu.aria-1,25,0,,,,,
2026-07-03T16:09:37.228928+00:00,ionq,qpu.aria-2,25,0,,,,,
2026-07-03T16:09:37.228928+00:00,ionq,qpu.harmony,11,0,,,,,
2026-07-03T16:09:37.228928+00:00,ionq,qpu.forte-enterprise-1,36,0,,,,,
2026-07-03T17:47:18.298310+00:00,ibm,ibm_fez,156,1,157,0.04451,0.01992,,
2026-07-03T17:47:18.298310+00:00,ibm,ibm_marrakesh,156,1,14,0.05642,0.03031,,
2026-07-03T17:47:18.298310+00:00,ibm,ibm_kingston,156,1,660,0.03675,0.01944,,
2026-07-03T17:47:18.298310+00:00,ionq,qpu.forte-1,36,1,,,,,
2026-07-03T17:47:18.298310+00:00,ionq,qpu.aria-1,25,0,,,,,
2026-07-03T17:47:18.298310+00:00,ionq,qpu.aria-2,25,0,,,,,
2026-07-03T17:47:18.298310+00:00,ionq,qpu.harmony,11,0,,,,,
2026-07-03T17:47:18.298310+00:00,ionq,qpu.forte-enterprise-1,36,0,,,,,
2026-07-03T17:49:17.352168+00:00,ibm,ibm_fez,156,1,158,0.04451,0.01992,,
2026-07-03T17:49:17.352168+00:00,ibm,ibm_marrakesh,156,1,14,0.05642,0.03031,,
2026-07-03T17:49:17.352168+00:00,ibm,ibm_kingston,156,1,660,0.03675,0.01944,,
2026-07-03T17:49:17.352168+00:00,ionq,qpu.forte-1,36,1,,,,,
2026-07-03T17:49:17.352168+00:00,ionq,qpu.aria-1,25,0,,,,,
2026-07-03T17:49:17.352168+00:00,ionq,qpu.aria-2,25,0,,,,,
2026-07-03T17:49:17.352168+00:00,ionq,qpu.harmony,11,0,,,,,
2026-07-03T17:49:17.352168+00:00,ionq,qpu.forte-enterprise-1,36,0,,,,,
2026-07-03T18:51:02.945018+00:00,ibm,ibm_fez,156,1,152,0.04451,0.01992,121.4,89.1
2026-07-03T18:51:02.945018+00:00,ibm,ibm_marrakesh,156,1,6,0.05642,0.03872,166.8,81.5
2026-07-03T18:51:02.945018+00:00,ibm,ibm_kingston,156,1,662,0.03675,0.01944,223.5,139.8
2026-07-03T18:51:02.945018+00:00,ionq,qpu.forte-1,36,1,,,,,
2026-07-03T18:51:02.945018+00:00,ionq,qpu.aria-1,25,0,,,,,
2026-07-03T18:51:02.945018+00:00,ionq,qpu.aria-2,25,0,,,,,
2026-07-03T18:51:02.945018+00:00,ionq,qpu.harmony,11,0,,,,,
2026-07-03T18:51:02.945018+00:00,ionq,qpu.forte-enterprise-1,36,0,,,,,
2026-07-03T21:03:20.372527+00:00,ibm,ibm_fez,156,1,353,0.04451,0.01992,121.4,89.1
2026-07-03T21:03:20.372527+00:00,ibm,ibm_marrakesh,156,1,85,0.05642,0.03872,166.8,81.5
2026-07-03T21:03:20.372527+00:00,ibm,ibm_kingston,156,1,262,0.03675,0.01944,223.5,139.8
2026-07-03T21:03:20.372527+00:00,ionq,qpu.forte-1,36,1,,,,,
2026-07-03T21:03:20.372527+00:00,ionq,qpu.aria-1,25,0,,,,,
2026-07-03T21:03:20.372527+00:00,ionq,qpu.aria-2,25,0,,,,,
2026-07-03T21:03:20.372527+00:00,ionq,qpu.harmony,11,0,,,,,
2026-07-03T21:03:20.372527+00:00,ionq,qpu.forte-enterprise-1,36,0,,,,,
2026-07-04T00:00:00+00:00,ionq,qpu.forte-1,36,1,,0.0196,0.0036,100000000.0,1000000.0
2026-07-05T00:00:00+00:00,ionq,qpu.forte-1,36,1,,0.0106,0.004,100000000.0,1000000.0
2026-07-05T18:20:24.717374+00:00,ibm,ibm_fez,156,1,5,0.04431,0.02145,130.0,102.8
2026-07-05T18:20:24.717374+00:00,ibm,ibm_marrakesh,156,1,3,0.05372,0.03085,158.1,76.2
2026-07-05T18:20:24.717374+00:00,ibm,ibm_kingston,156,1,9,0.03397,0.01764,213.0,131.9
2026-07-05T18:20:24.717374+00:00,ionq,qpu.forte-1,36,0,,,,,
2026-07-05T18:20:24.717374+00:00,ionq,qpu.aria-1,25,0,,,,,
2026-07-05T18:20:24.717374+00:00,ionq,qpu.aria-2,25,0,,,,,
2026-07-05T18:20:24.717374+00:00,ionq,qpu.harmony,11,0,,,,,
2026-07-05T18:20:24.717374+00:00,ionq,qpu.forte-enterprise-1,36,0,,,,,
2026-07-06T00:00:00+00:00,ionq,qpu.forte-1,36,1,,0.0183,0.0041,100000000.0,1000000.0
2026-07-06T21:18:15.892661+00:00,ibm,ibm_fez,156,1,2320,0.04431,0.02145,130.0,102.8
2026-07-06T21:18:15.892661+00:00,ibm,ibm_marrakesh,156,1,215,0.05372,0.02481,158.1,76.2
2026-07-06T21:18:15.892661+00:00,ibm,ibm_kingston,156,1,202,0.03419,0.01764,213.0,131.9
2026-07-06T21:18:15.892661+00:00,ionq,qpu.forte-1,36,1,,,,,
2026-07-06T21:18:15.892661+00:00,ionq,qpu.aria-1,25,0,,,,,
2026-07-06T21:18:15.892661+00:00,ionq,qpu.aria-2,25,0,,,,,
2026-07-06T21:18:15.892661+00:00,ionq,qpu.harmony,11,0,,,,,
2026-07-06T21:18:15.892661+00:00,ionq,qpu.forte-enterprise-1,36,0,,,,,
2026-07-07T00:00:00+00:00,ionq,qpu.forte-1,36,1,,0.0186,0.0044,100000000.0,1000000.0
2026-07-07T18:48:50.091161+00:00,ibm,ibm_fez,156,1,24,0.04419,0.02395,135.8,99.0
2026-07-07T18:48:50.091161+00:00,ibm,ibm_marrakesh,156,1,17,0.05107,0.02926,153.5,83.8
2026-07-07T18:48:50.091161+00:00,ibm,ibm_kingston,156,1,25,0.0339,0.01783,247.0,141.4
2026-07-07T18:48:50.091161+00:00,ionq,qpu.harmony,11,0,,,,,
2026-07-07T18:48:50.091161+00:00,ionq,qpu.aria-1,25,0,,,,,
2026-07-07T18:48:50.091161+00:00,ionq,qpu.aria-2,25,0,,,,,
2026-07-07T18:48:50.091161+00:00,ionq,qpu.forte-1,36,0,,,,,
2026-07-07T18:48:50.091161+00:00,ionq,qpu.forte-enterprise-1,36,0,,,,,
2026-07-08T00:00:00+00:00,ionq,qpu.forte-1,36,1,,0.0229,0.0037,100000000.0,1000000.0
2026-07-08T22:07:22.804875+00:00,ibm,ibm_fez,156,1,3,0.04396,0.01878,137.6,96.7
2026-07-08T22:07:22.804875+00:00,ibm,ibm_marrakesh,156,1,336,0.05115,0.02675,158.9,78.5
2026-07-08T22:07:22.804875+00:00,ibm,ibm_kingston,156,1,2,0.03374,0.01791,237.9,143.8
2026-07-08T22:07:22.804875+00:00,ionq,qpu.harmony,11,0,,,,,
2026-07-08T22:07:22.804875+00:00,ionq,qpu.aria-1,25,0,,,,,
2026-07-08T22:07:22.804875+00:00,ionq,qpu.aria-2,25,0,,,,,
2026-07-08T22:07:22.804875+00:00,ionq,qpu.forte-1,36,1,,,,,
2026-07-08T22:07:22.804875+00:00,ionq,qpu.forte-enterprise-1,36,0,,,,,
2026-07-09T00:00:00+00:00,ionq,qpu.forte-1,36,1,,0.006,0.0039,100000000.0,1000000.0
2026-07-09T04:23:58.052294+00:00,ibm,ibm_fez,156,1,3,0.04396,0.01861,137.6,96.7
2026-07-09T04:23:58.052294+00:00,ibm,ibm_marrakesh,156,1,2,0.05115,0.02675,158.9,78.5
2026-07-09T04:23:58.052294+00:00,ibm,ibm_kingston,156,1,123,0.03374,0.02264,237.9,143.8
2026-07-09T04:23:58.052294+00:00,ionq,qpu.harmony,11,0,,,,,
2026-07-09T04:23:58.052294+00:00,ionq,qpu.aria-1,25,0,,,,,
2026-07-09T04:23:58.052294+00:00,ionq,qpu.aria-2,25,0,,,,,
2026-07-09T04:23:58.052294+00:00,ionq,qpu.forte-1,36,1,,,,,
2026-07-09T04:23:58.052294+00:00,ionq,qpu.forte-enterprise-1,36,0,,,,,
2026-07-10T00:00:00+00:00,ionq,qpu.forte-1,36,1,,0.0068,0.0037,100000000.0,1000000.0
2026-07-10T05:25:35.818882+00:00,ibm,ibm_fez,156,1,18516,0.04424,0.01997,124.5,93.1
2026-07-10T05:25:35.818882+00:00,ibm,ibm_marrakesh,156,1,1,0.05066,0.02807,156.0,85.1
2026-07-10T05:25:35.818882+00:00,ibm,ibm_kingston,156,1,2,0.03651,0.02478,223.1,128.5
2026-07-10T05:25:35.818882+00:00,ionq,qpu.harmony,11,0,,,,,
2026-07-10T05:25:35.818882+00:00,ionq,qpu.aria-1,25,0,,,,,
2026-07-10T05:25:35.818882+00:00,ionq,qpu.aria-2,25,0,,,,,
2026-07-10T05:25:35.818882+00:00,ionq,qpu.forte-1,36,1,,,,,
2026-07-10T05:25:35.818882+00:00,ionq,qpu.forte-enterprise-1,36,0,,,,,
2026-07-10T11:25:46.323324+00:00,ibm,ibm_fez,156,1,2,0.04424,0.0178,131.1,102.5
2026-07-10T11:25:46.323324+00:00,ibm,ibm_marrakesh,156,1,7,0.05323,0.02394,166.1,88.5
2026-07-10T11:25:46.323324+00:00,ibm,ibm_kingston,156,1,64,0.03651,0.02478,223.1,128.5
2026-07-10T11:25:46.323324+00:00,ionq,qpu.harmony,11,0,,,,,
2026-07-10T11:25:46.323324+00:00,ionq,qpu.aria-1,25,0,,,,,
2026-07-10T11:25:46.323324+00:00,ionq,qpu.aria-2,25,0,,,,,
2026-07-10T11:25:46.323324+00:00,ionq,qpu.forte-1,36,1,,,,,
2026-07-10T11:25:46.323324+00:00,ionq,qpu.forte-enterprise-1,36,0,,,,,
2026-07-10T17:25:58.086014+00:00,ibm,ibm_fez,156,1,0,0.04406,0.01985,131.1,102.5
2026-07-10T17:25:58.086014+00:00,ibm,ibm_marrakesh,156,1,0,0.05344,0.03051,166.1,88.5
2026-07-10T17:25:58.086014+00:00,ibm,ibm_kingston,156,1,10,0.03651,0.01778,243.9,137.0
2026-07-10T17:25:58.086014+00:00,ionq,qpu.harmony,11,0,,,,,
2026-07-10T17:25:58.086014+00:00,ionq,qpu.aria-1,25,0,,,,,
2026-07-10T17:25:58.086014+00:00,ionq,qpu.aria-2,25,0,,,,,
2026-07-10T17:25:58.086014+00:00,ionq,qpu.forte-1,36,1,,,,,
2026-07-10T17:25:58.086014+00:00,ionq,qpu.forte-enterprise-1,36,0,,,,,
2026-07-10T23:10:29.605044+00:00,ibm,ibm_fez,156,1,2,,,,
2026-07-10T23:10:29.605044+00:00,ibm,ibm_marrakesh,156,1,0,,,,
2026-07-10T23:10:29.605044+00:00,ibm,ibm_kingston,156,1,0,,,,
2026-07-11T00:00:00+00:00,ionq,qpu.forte-1,36,1,,0.0106,0.0037,100000000.0,1000000.0
2026-07-12T00:00:00+00:00,ionq,qpu.forte-1,36,1,,0.0183,0.004,100000000.0,1000000.0
2026-07-13T00:00:00+00:00,ionq,qpu.forte-1,36,1,,0.0092,0.0049,100000000.0,1000000.0
2026-07-16T00:00:00+00:00,ionq,qpu.forte-1,36,1,,0.0085,0.0037,100000000.0,1000000.0
2026-07-17T00:00:00+00:00,ionq,qpu.forte-1,36,1,,0.0092,0.0038,100000000.0,1000000.0
2026-07-18T00:00:00+00:00,ionq,qpu.forte-1,36,1,,0.0079,0.0037,100000000.0,1000000.0
2026-07-19T00:00:00+00:00,ionq,qpu.forte-1,36,1,,0.0059,0.0038,100000000.0,1000000.0
2026-07-20T00:00:00+00:00,ionq,qpu.forte-1,36,1,,0.0126,0.0036,100000000.0,1000000.0
2026-07-21T00:00:00+00:00,ionq,qpu.forte-1,36,1,,0.0058,0.0036,100000000.0,1000000.0
2026-07-21T19:04:11.387399+00:00,ibm,ibm_fez,156,1,69,0.03921,0.02111,123.2,94.5
2026-07-21T19:04:11.387399+00:00,ibm,ibm_marrakesh,156,1,3,0.0564,0.0258,164.4,76.9
2026-07-21T19:04:11.387399+00:00,ibm,ibm_kingston,156,1,276,0.03369,0.01789,228.8,133.3
2026-07-21T19:04:11.387399+00:00,ionq,qpu.harmony,11,0,,,,,
2026-07-21T19:04:11.387399+00:00,ionq,qpu.aria-1,25,0,,,,,
2026-07-21T19:04:11.387399+00:00,ionq,qpu.aria-2,25,0,,,,,
2026-07-21T19:04:11.387399+00:00,ionq,qpu.forte-1,36,0,,,,,
2026-07-21T19:04:11.387399+00:00,ionq,qpu.forte-enterprise-1,36,0,,,,,
2026-07-21T21:19:44.534252+00:00,ibm,ibm_fez,156,1,48,0.03921,0.02111,123.2,94.5
2026-07-21T21:19:44.534252+00:00,ibm,ibm_marrakesh,156,1,1,0.0564,0.02739,164.4,76.9
2026-07-21T21:19:44.534252+00:00,ibm,ibm_kingston,156,1,304,0.03369,0.0305,228.8,133.3
2026-07-21T21:19:44.534252+00:00,ionq,qpu.harmony,11,0,,,,,
2026-07-21T21:19:44.534252+00:00,ionq,qpu.aria-1,25,0,,,,,
2026-07-21T21:19:44.534252+00:00,ionq,qpu.aria-2,25,0,,,,,
2026-07-21T21:19:44.534252+00:00,ionq,qpu.forte-1,36,0,,,,,
2026-07-21T21:19:44.534252+00:00,ionq,qpu.forte-enterprise-1,36,0,,,,,
2026-07-21T21:44:09.653332+00:00,ibm,ibm_fez,156,1,46,0.03921,0.02111,123.2,94.5
2026-07-21T21:44:09.653332+00:00,ibm,ibm_marrakesh,156,1,13,0.0564,0.02739,164.4,76.9
2026-07-21T21:44:09.653332+00:00,ibm,ibm_kingston,156,1,311,0.03369,0.0305,228.8,133.3
2026-07-21T21:44:09.653332+00:00,ionq,qpu.harmony,11,0,,,,,
2026-07-21T21:44:09.653332+00:00,ionq,qpu.aria-1,25,0,,,,,
2026-07-21T21:44:09.653332+00:00,ionq,qpu.aria-2,25,0,,,,,
2026-07-21T21:44:09.653332+00:00,ionq,qpu.forte-1,36,0,,,,,
2026-07-21T21:44:09.653332+00:00,ionq,qpu.forte-enterprise-1,36,0,,,,,
2026-07-22T00:00:00+00:00,ionq,qpu.forte-1,36,1,,0.0087,0.0036,100000000.0,1000000.0
2026-07-22T07:27:01.473479+00:00,ibm,ibm_fez,156,1,21,0.03944,0.01839,115.4,89.3
2026-07-22T07:27:01.473479+00:00,ibm,ibm_marrakesh,156,1,2,0.0564,0.03356,160.1,80.0
2026-07-22T07:27:01.473479+00:00,ibm,ibm_kingston,156,1,277,0.03369,0.02549,228.8,133.3
2026-07-22T07:27:01.473479+00:00,ionq,qpu.harmony,11,0,,,,,
2026-07-22T07:27:01.473479+00:00,ionq,qpu.aria-1,25,0,,,,,
2026-07-22T07:27:01.473479+00:00,ionq,qpu.aria-2,25,0,,,,,
2026-07-22T07:27:01.473479+00:00,ionq,qpu.forte-1,36,1,,,,,
2026-07-22T07:27:01.473479+00:00,ionq,qpu.forte-enterprise-1,36,0,,,,,
2026-07-23T00:00:00+00:00,ionq,qpu.forte-1,36,1,,0.0121,0.0037,100000000.0,1000000.0
2026-07-23T15:21:32.098830+00:00,ibm,ibm_fez,156,1,22,0.03944,0.01839,115.4,89.3
2026-07-23T15:21:32.098830+00:00,ibm,ibm_marrakesh,156,1,14,0.05633,0.02826,151.9,75.6
2026-07-23T15:21:32.098830+00:00,ibm,ibm_kingston,156,1,30,0.03367,0.02452,237.8,133.1
2026-07-23T15:21:32.098830+00:00,ionq,qpu.harmony,11,0,,,,,
2026-07-23T15:21:32.098830+00:00,ionq,qpu.aria-1,25,0,,,,,
2026-07-23T15:21:32.098830+00:00,ionq,qpu.aria-2,25,0,,,,,
2026-07-23T15:21:32.098830+00:00,ionq,qpu.forte-1,36,0,,,,,
2026-07-23T15:21:32.098830+00:00,ionq,qpu.forte-enterprise-1,36,0,,,,,
2026-07-23T21:23:00.353073+00:00,ibm,ibm_fez,156,1,48,0.03944,0.01882,115.4,89.3
2026-07-23T21:23:00.353073+00:00,ibm,ibm_marrakesh,156,1,3,0.05633,0.02473,151.9,75.6
2026-07-23T21:23:00.353073+00:00,ibm,ibm_kingston,156,1,113,0.03389,0.02452,237.8,133.1
2026-07-23T21:23:00.353073+00:00,ionq,qpu.harmony,11,0,,,,,
2026-07-23T21:23:00.353073+00:00,ionq,qpu.aria-1,25,0,,,,,
2026-07-23T21:23:00.353073+00:00,ionq,qpu.aria-2,25,0,,,,,
2026-07-23T21:23:00.353073+00:00,ionq,qpu.forte-1,36,0,,,,,
2026-07-23T21:23:00.353073+00:00,ionq,qpu.forte-enterprise-1,36,0,,,,,
2026-07-24T15:10:55.776051+00:00,ibm,ibm_fez,156,1,91,0.03944,0.01762,130.6,91.0
2026-07-24T15:10:55.776051+00:00,ibm,ibm_marrakesh,156,1,120,0.05633,0.02381,157.3,91.6
2026-07-24T15:10:55.776051+00:00,ibm,ibm_kingston,156,1,88,0.03389,0.02473,263.2,139.0
2026-07-24T15:10:55.776051+00:00,ionq,qpu.harmony,11,0,,,,,
2026-07-24T15:10:55.776051+00:00,ionq,qpu.aria-1,25,0,,,,,
2026-07-24T15:10:55.776051+00:00,ionq,qpu.aria-2,25,0,,,,,
2026-07-24T15:10:55.776051+00:00,ionq,qpu.forte-1,36,0,,,,,
2026-07-24T15:10:55.776051+00:00,ionq,qpu.forte-enterprise-1,36,0,,,,,
2026-07-25T17:12:12.469037+00:00,ibm,ibm_fez,156,1,25,0.03956,0.01856,126.3,93.7
2026-07-25T17:12:12.469037+00:00,ibm,ibm_marrakesh,156,1,12,0.05418,0.02726,150.2,80.2
2026-07-25T17:12:12.469037+00:00,ibm,ibm_kingston,156,1,22,0.03418,0.02632,241.9,131.8
2026-07-25T17:12:12.469037+00:00,ionq,qpu.harmony,11,0,,,,,
2026-07-25T17:12:12.469037+00:00,ionq,qpu.aria-1,25,0,,,,,
2026-07-25T17:12:12.469037+00:00,ionq,qpu.aria-2,25,0,,,,,
2026-07-25T17:12:12.469037+00:00,ionq,qpu.forte-1,36,0,,,,,
2026-07-25T17:12:12.469037+00:00,ionq,qpu.forte-enterprise-1,36,0,,,,,
2026-07-26T01:34:26.305034+00:00,ibm,ibm_fez,156,1,4,0.03956,0.0187,126.3,93.7
2026-07-26T01:34:26.305034+00:00,ibm,ibm_marrakesh,156,1,1,0.05418,0.02816,150.2,80.2
2026-07-26T01:34:26.305034+00:00,ibm,ibm_kingston,156,1,155,0.03402,0.02632,241.9,131.8
2026-07-26T01:34:26.305034+00:00,ionq,qpu.harmony,11,0,,,,,
2026-07-26T01:34:26.305034+00:00,ionq,qpu.aria-1,25,0,,,,,
2026-07-26T01:34:26.305034+00:00,ionq,qpu.aria-2,25,0,,,,,
2026-07-26T01:34:26.305034+00:00,ionq,qpu.forte-1,36,0,,,,,
2026-07-26T01:34:26.305034+00:00,ionq,qpu.forte-enterprise-1,36,0,,,,,
2026-07-27T18:02:32.884673+00:00,ibm,ibm_fez,156,1,192,0.03913,0.02073,133.1,98.3
2026-07-27T18:02:32.884673+00:00,ibm,ibm_marrakesh,156,1,107,0.05542,0.0244,155.9,79.8
2026-07-27T18:02:32.884673+00:00,ibm,ibm_kingston,156,1,346,0.03652,0.02451,251.6,138.9
2026-07-27T18:02:32.884673+00:00,ionq,qpu.harmony,11,0,,,,,
2026-07-27T18:02:32.884673+00:00,ionq,qpu.aria-1,25,0,,,,,
2026-07-27T18:02:32.884673+00:00,ionq,qpu.aria-2,25,0,,,,,
2026-07-27T18:02:32.884673+00:00,ionq,qpu.forte-1,36,0,,,,,
2026-07-27T18:02:32.884673+00:00,ionq,qpu.forte-enterprise-1,36,0,,,,,
2026-07-28T04:55:11.559893+00:00,ibm,ibm_fez,156,1,142,0.04138,0.01959,133.1,98.3
2026-07-28T04:55:11.559893+00:00,ibm,ibm_marrakesh,156,1,48,0.05542,0.02292,166.5,85.2
2026-07-28T04:55:11.559893+00:00,ibm,ibm_kingston,156,1,402,0.03914,0.02451,251.6,138.9
2026-07-28T04:55:11.559893+00:00,ionq,qpu.harmony,11,0,,,,,
2026-07-28T04:55:11.559893+00:00,ionq,qpu.aria-1,25,0,,,,,
2026-07-28T04:55:11.559893+00:00,ionq,qpu.aria-2,25,0,,,,,
2026-07-28T04:55:11.559893+00:00,ionq,qpu.forte-1,36,0,,,,,
2026-07-28T04:55:11.559893+00:00,ionq,qpu.forte-enterprise-1,36,0,,,,,
2026-07-28T20:51:43.378021+00:00,ibm,ibm_fez,156,1,393,0.04149,0.01882,119.4,81.0
2026-07-28T20:51:43.378021+00:00,ibm,ibm_marrakesh,156,1,759,0.05542,0.02962,166.5,85.2
2026-07-28T20:51:43.378021+00:00,ibm,ibm_kingston,156,1,555,0.03896,0.02625,256.0,151.6
2026-07-28T20:51:43.378021+00:00,ionq,qpu.harmony,11,0,,,,,
2026-07-28T20:51:43.378021+00:00,ionq,qpu.aria-1,25,0,,,,,
2026-07-28T20:51:43.378021+00:00,ionq,qpu.aria-2,25,0,,,,,
2026-07-28T20:51:43.378021+00:00,ionq,qpu.forte-1,36,0,,,,,
2026-07-28T20:51:43.378021+00:00,ionq,qpu.forte-enterprise-1,36,0,,,,,
2026-07-29T02:51:54.034334+00:00,ibm,ibm_fez,156,1,4981,0.04149,0.01882,119.4,81.0
2026-07-29T02:51:54.034334+00:00,ibm,ibm_marrakesh,156,1,660,0.05542,0.02332,166.5,85.2
2026-07-29T02:51:54.034334+00:00,ibm,ibm_kingston,156,1,658,0.03896,0.02531,256.0,151.6
2026-07-29T02:51:54.034334+00:00,ionq,qpu.harmony,11,0,,,,,
2026-07-29T02:51:54.034334+00:00,ionq,qpu.aria-1,25,0,,,,,
2026-07-29T02:51:54.034334+00:00,ionq,qpu.aria-2,25,0,,,,,
2026-07-29T02:51:54.034334+00:00,ionq,qpu.forte-1,36,0,,,,,
2026-07-29T02:51:54.034334+00:00,ionq,qpu.forte-enterprise-1,36,0,,,,,
2026-07-29T08:52:06.558713+00:00,ibm,ibm_fez,156,1,6,0.04149,0.0201,119.4,81.0
2026-07-29T08:52:06.558713+00:00,ibm,ibm_marrakesh,156,1,769,0.05542,0.02436,158.7,82.3
2026-07-29T08:52:06.558713+00:00,ibm,ibm_kingston,156,1,773,0.03896,0.02531,256.0,151.6
2026-07-29T08:52:06.558713+00:00,ionq,qpu.harmony,11,0,,,,,
2026-07-29T08:52:06.558713+00:00,ionq,qpu.aria-1,25,0,,,,,
2026-07-29T08:52:06.558713+00:00,ionq,qpu.aria-2,25,0,,,,,
2026-07-29T08:52:06.558713+00:00,ionq,qpu.forte-1,36,0,,,,,
2026-07-29T08:52:06.558713+00:00,ionq,qpu.forte-enterprise-1,36,0,,,,,
2026-07-29T14:52:17.388949+00:00,ibm,ibm_fez,156,1,176,0.04149,0.02072,124.4,94.1
2026-07-29T14:52:17.388949+00:00,ibm,ibm_marrakesh,156,1,177,0.05555,0.03071,158.7,82.3
2026-07-29T14:52:17.388949+00:00,ibm,ibm_kingston,156,1,359,0.03896,0.02648,243.6,132.1
2026-07-29T14:52:17.388949+00:00,ionq,qpu.harmony,11,0,,,,,
2026-07-29T14:52:17.388949+00:00,ionq,qpu.aria-1,25,0,,,,,
2026-07-29T14:52:17.388949+00:00,ionq,qpu.aria-2,25,0,,,,,
2026-07-29T14:52:17.388949+00:00,ionq,qpu.forte-1,36,0,,,,,
2026-07-29T14:52:17.388949+00:00,ionq,qpu.forte-enterprise-1,36,0,,,,,
2026-07-29T20:52:28.503734+00:00,ibm,ibm_fez,156,1,143,0.03874,0.01836,124.4,94.1
2026-07-29T20:52:28.503734+00:00,ibm,ibm_marrakesh,156,1,660,0.05555,0.02758,158.7,82.3
2026-07-29T20:52:28.503734+00:00,ibm,ibm_kingston,156,1,170,0.03908,0.02768,243.6,132.1
2026-07-29T20:52:28.503734+00:00,ionq,qpu.harmony,11,0,,,,,
2026-07-29T20:52:28.503734+00:00,ionq,qpu.aria-1,25,0,,,,,
2026-07-29T20:52:28.503734+00:00,ionq,qpu.aria-2,25,0,,,,,
2026-07-29T20:52:28.503734+00:00,ionq,qpu.forte-1,36,0,,,,,
2026-07-29T20:52:28.503734+00:00,ionq,qpu.forte-enterprise-1,36,0,,,,,
2026-07-30T03:13:53.182676+00:00,ibm,ibm_fez,156,1,1,0.03865,0.01856,124.4,94.1
2026-07-30T03:13:53.182676+00:00,ibm,ibm_marrakesh,156,1,21,0.05555,0.02477,158.7,82.3
2026-07-30T03:13:53.182676+00:00,ibm,ibm_kingston,156,1,15,0.03926,0.02549,243.6,132.1
2026-07-30T03:13:53.182676+00:00,ionq,qpu.harmony,11,0,,,,,
2026-07-30T03:13:53.182676+00:00,ionq,qpu.aria-1,25,0,,,,,
2026-07-30T03:13:53.182676+00:00,ionq,qpu.aria-2,25,0,,,,,
2026-07-30T03:13:53.182676+00:00,ionq,qpu.forte-1,36,0,,,,,
2026-07-30T03:13:53.182676+00:00,ionq,qpu.forte-enterprise-1,36,0,,,,,
2026-07-30T19:05:51.344132+00:00,ibm,ibm_fez,156,1,46,0.03865,0.02164,124.4,94.1
2026-07-30T19:05:51.344132+00:00,ibm,ibm_marrakesh,156,1,32,0.05348,0.02499,147.9,77.2
2026-07-30T19:05:51.344132+00:00,ibm,ibm_kingston,156,1,214,0.03926,0.02701,243.6,132.1
2026-07-30T19:05:51.344132+00:00,ionq,qpu.harmony,11,0,,,,,
2026-07-30T19:05:51.344132+00:00,ionq,qpu.aria-1,25,0,,,,,
2026-07-30T19:05:51.344132+00:00,ionq,qpu.aria-2,25,0,,,,,
2026-07-30T19:05:51.344132+00:00,ionq,qpu.forte-1,36,0,,,,,
2026-07-30T19:05:51.344132+00:00,ionq,qpu.forte-enterprise-1,36,0,,,,,
2026-07-31T00:00:00+00:00,ionq,qpu.forte-enterprise-1,36,1,,0.0097,0.0033,188000000.0,950000.0
2026-08-01T00:00:00+00:00,ionq,qpu.forte-enterprise-1,36,1,,0.0097,0.0032,188000000.0,950000.0
2026-08-01T18:59:07.671978+00:00,ibm,ibm_fez,156,1,0,0.03653,0.01729,122.5,88.4
2026-08-01T18:59:07.671978+00:00,ibm,ibm_marrakesh,156,1,0,0.05084,0.03451,174.3,67.2
2026-08-01T18:59:07.671978+00:00,ibm,ibm_kingston,156,1,624,0.03937,0.02707,248.8,140.9
2026-08-01T18:59:07.671978+00:00,ionq,qpu.harmony,11,0,,,,,
2026-08-01T18:59:07.671978+00:00,ionq,qpu.aria-1,25,0,,,,,
2026-08-01T18:59:07.671978+00:00,ionq,qpu.aria-2,25,0,,,,,
2026-08-01T18:59:07.671978+00:00,ionq,qpu.forte-1,36,0,,,,,
2026-08-01T18:59:07.671978+00:00,ionq,qpu.forte-enterprise-1,36,0,,,,,
2026-08-02T00:00:00+00:00,ionq,qpu.forte-enterprise-1,36,1,,0.0103,0.0073,188000000.0,950000.0
2026-08-03T00:00:00+00:00,ionq,qpu.forte-enterprise-1,36,1,,0.0123,0.0031,188000000.0,950000.0
2026-08-03T19:21:17.496490+00:00,ibm,ibm_fez,156,1,6,,,,
2026-08-03T19:21:17.496490+00:00,ibm,ibm_marrakesh,156,1,0,,,,
2026-08-03T19:21:17.496490+00:00,ibm,ibm_kingston,156,1,101,,,,
2026-08-03T19:21:23.339928+00:00,ibm,ibm_fez,156,1,6,,,,
2026-08-03T19:21:23.339928+00:00,ibm,ibm_marrakesh,156,1,1,,,,
2026-08-03T19:21:23.339928+00:00,ibm,ibm_kingston,156,1,102,,,,
2026-08-03T19:21:26.296896+00:00,ibm,ibm_kingston,156,1,102,0.0351,0.02735,,
2026-08-03T19:21:31.242361+00:00,ibm,ibm_fez,156,1,6,0.03284,0.0187,,
2026-08-03T19:21:31.242361+00:00,ibm,ibm_kingston,156,1,102,0.0351,0.02735,,
2026-08-03T19:21:31.242361+00:00,ibm,ibm_marrakesh,156,1,1,0.03996,0.03889,,
2026-08-03T19:21:36.499890+00:00,ibm,ibm_marrakesh,156,1,1,,,,
2026-08-03T19:21:36.499890+00:00,ibm,ibm_fez,156,1,6,,,,
2026-08-03T19:21:36.499890+00:00,ibm,ibm_kingston,156,1,102,,,,
2026-08-03T19:22:47.045248+00:00,ibm,ibm_fez,156,1,1,,,,
2026-08-03T19:22:47.045248+00:00,ibm,ibm_marrakesh,156,1,1,,,,
2026-08-03T19:22:47.045248+00:00,ibm,ibm_kingston,156,1,104,,,,
2026-08-03T19:22:53.434531+00:00,ibm,ibm_fez,156,1,2,,,,
2026-08-03T19:22:53.434531+00:00,ibm,ibm_marrakesh,156,1,0,,,,
2026-08-03T19:22:53.434531+00:00,ibm,ibm_kingston,156,1,104,,,,
2026-08-03T19:22:56.632310+00:00,ibm,ibm_fez,156,1,2,0.03284,0.0187,,
2026-08-03T19:23:04.358296+00:00,ibm,ibm_fez,156,1,1,0.03284,0.0187,,
2026-08-03T19:23:04.358296+00:00,ibm,ibm_kingston,156,1,104,0.0351,0.02735,,
2026-08-03T19:23:04.358296+00:00,ibm,ibm_marrakesh,156,1,1,0.03996,0.03889,,
2026-08-03T19:23:09.049753+00:00,ibm,ibm_fez,156,1,1,0.03284,0.0187,,
2026-08-03T19:23:09.049753+00:00,ibm,ibm_marrakesh,156,1,1,0.03996,0.03889,,
2026-08-03T19:23:09.049753+00:00,ibm,ibm_kingston,156,1,104,0.0351,0.02735,,
2026-08-03T19:23:14.389923+00:00,ibm,ibm_fez,156,1,0,0.03284,0.0187,,
2026-08-03T19:23:14.389923+00:00,ibm,ibm_marrakesh,156,1,1,0.03996,0.03889,,
2026-08-03T19:23:14.389923+00:00,ibm,ibm_kingston,156,1,104,0.0351,0.02735,,
2026-08-03T19:23:18.994692+00:00,ibm,ibm_fez,156,1,0,0.03284,0.0187,,
2026-08-03T19:23:18.994692+00:00,ibm,ibm_kingston,156,1,104,0.0351,0.02735,,
2026-08-03T19:23:18.994692+00:00,ibm,ibm_marrakesh,156,1,1,0.03996,0.03889,,
2026-08-03T19:23:24.594143+00:00,ibm,ibm_fez,156,1,0,,,,
2026-08-03T19:23:24.594143+00:00,ibm,ibm_marrakesh,156,1,1,,,,
2026-08-03T19:23:24.594143+00:00,ibm,ibm_kingston,156,1,104,,,,
2026-08-03T21:00:11.453571+00:00,ibm,ibm_fez,156,1,15,0.03904,0.01806,124.8,93.4
2026-08-03T21:00:11.453571+00:00,ibm,ibm_marrakesh,156,1,1,0.05095,0.03889,183.7,79.0
2026-08-03T21:00:11.453571+00:00,ibm,ibm_kingston,156,1,157,0.03639,0.02735,240.0,144.0
2026-08-03T21:00:11.453571+00:00,ionq,qpu.harmony,11,0,,,,,
2026-08-03T21:00:11.453571+00:00,ionq,qpu.aria-1,25,0,,,,,
2026-08-03T21:00:11.453571+00:00,ionq,qpu.aria-2,25,0,,,,,
2026-08-03T21:00:11.453571+00:00,ionq,qpu.forte-1,36,0,,,,,
2026-08-03T21:00:11.453571+00:00,ionq,qpu.forte-enterprise-1,36,0,,,,,
2026-08-03T21:01:57.490726+00:00,ibm,ibm_fez,156,1,15,,,,
2026-08-03T21:01:57.490726+00:00,ibm,ibm_marrakesh,156,1,2,,,,
2026-08-03T21:01:57.490726+00:00,ibm,ibm_kingston,156,1,156,,,,
2026-08-03T21:02:02.865712+00:00,ibm,ibm_fez,156,1,16,,,,
2026-08-03T21:02:02.865712+00:00,ibm,ibm_marrakesh,156,1,2,,,,
2026-08-03T21:02:02.865712+00:00,ibm,ibm_kingston,156,1,156,,,,
2026-08-03T21:02:06.114061+00:00,ibm,ibm_kingston,156,1,156,0.0351,0.02735,,
2026-08-03T21:02:11.486169+00:00,ibm,ibm_fez,156,1,16,0.03284,0.01806,,
2026-08-03T21:02:11.486169+00:00,ibm,ibm_kingston,156,1,156,0.0351,0.02735,,
2026-08-03T21:02:11.486169+00:00,ibm,ibm_marrakesh,156,1,2,0.03996,0.03889,,
2026-08-03T21:02:16.771612+00:00,ibm,ibm_marrakesh,156,1,2,,,,
2026-08-03T21:02:16.771612+00:00,ibm,ibm_fez,156,1,16,,,,
2026-08-03T21:02:16.771612+00:00,ibm,ibm_kingston,156,1,156,,,,
2026-08-03T21:04:17.809542+00:00,ibm,ibm_fez,156,1,16,,,,
2026-08-03T21:04:17.809542+00:00,ibm,ibm_marrakesh,156,1,4,,,,
2026-08-03T21:04:17.809542+00:00,ibm,ibm_kingston,156,1,158,,,,
2026-08-03T21:04:22.379291+00:00,ibm,ibm_fez,156,1,16,,,,
2026-08-03T21:04:22.379291+00:00,ibm,ibm_marrakesh,156,1,4,,,,
2026-08-03T21:04:22.379291+00:00,ibm,ibm_kingston,156,1,158,,,,
2026-08-03T21:04:25.256581+00:00,ibm,ibm_fez,156,1,16,0.03284,0.01806,,
2026-08-03T21:04:33.088423+00:00,ibm,ibm_fez,156,1,17,0.03284,0.01806,,
2026-08-03T21:04:33.088423+00:00,ibm,ibm_kingston,156,1,158,0.0351,0.02735,,
2026-08-03T21:04:33.088423+00:00,ibm,ibm_marrakesh,156,1,4,0.03996,0.03889,,
2026-08-03T21:04:37.843002+00:00,ibm,ibm_marrakesh,156,1,4,0.03996,0.03889,,
2026-08-03T21:04:37.843002+00:00,ibm,ibm_fez,156,1,17,0.03284,0.01806,,
2026-08-03T21:04:37.843002+00:00,ibm,ibm_kingston,156,1,158,0.0351,0.02735,,
2026-08-03T21:04:43.575933+00:00,ibm,ibm_fez,156,1,17,0.03284,0.01806,,
2026-08-03T21:04:43.575933+00:00,ibm,ibm_marrakesh,156,1,4,0.03996,0.03889,,
2026-08-03T21:04:43.575933+00:00,ibm,ibm_kingston,156,1,154,0.0351,0.02735,,
2026-08-03T21:04:48.609487+00:00,ibm,ibm_fez,156,1,17,0.03284,0.01806,,
2026-08-03T21:04:48.609487+00:00,ibm,ibm_kingston,156,1,154,0.0351,0.02735,,
2026-08-03T21:04:48.609487+00:00,ibm,ibm_marrakesh,156,1,4,0.03996,0.03889,,
2026-08-03T21:04:53.498824+00:00,ibm,ibm_marrakesh,156,1,3,,,,
2026-08-03T21:04:53.498824+00:00,ibm,ibm_fez,156,1,17,,,,
2026-08-03T21:04:53.498824+00:00,ibm,ibm_kingston,156,1,154,,,,
2026-08-04T00:00:00+00:00,ionq,qpu.forte-enterprise-1,36,1,,0.012,0.0032,188000000.0,950000.0
2026-08-04T20:18:36.657213+00:00,ibm,ibm_fez,156,1,1,0.03931,0.01948,133.7,91.6
2026-08-04T20:18:36.657213+00:00,ibm,ibm_marrakesh,156,1,13,0.04813,0.04171,157.4,64.5
2026-08-04T20:18:36.657213+00:00,ibm,ibm_kingston,156,1,228,0.04528,0.0265,249.6,142.5
2026-08-04T20:18:36.657213+00:00,ionq,qpu.harmony,11,0,,,,,
2026-08-04T20:18:36.657213+00:00,ionq,qpu.aria-1,25,0,,,,,
2026-08-04T20:18:36.657213+00:00,ionq,qpu.aria-2,25,0,,,,,
2026-08-04T20:18:36.657213+00:00,ionq,qpu.forte-1,36,0,,,,,
2026-08-04T20:18:36.657213+00:00,ionq,qpu.forte-enterprise-1,36,1,,,,,
2026-08-05T00:00:00+00:00,ionq,qpu.forte-enterprise-1,36,1,,0.0115,0.0033,188000000.0,950000.0
2026-08-06T00:00:00+00:00,ionq,qpu.forte-enterprise-1,36,1,,0.0094,0.0033,188000000.0,950000.0
2026-08-06T00:35:58.279478+00:00,ibm,ibm_fez,156,1,1,0.04203,0.02699,117.5,95.8
2026-08-06T00:35:58.279478+00:00,ibm,ibm_marrakesh,156,1,0,0.04796,0.03079,160.0,68.3
2026-08-06T00:35:58.279478+00:00,ibm,ibm_kingston,156,1,0,0.04516,0.02625,244.0,145.6
2026-08-06T00:35:58.279478+00:00,ionq,qpu.harmony,11,0,,,,,
2026-08-06T00:35:58.279478+00:00,ionq,qpu.aria-1,25,0,,,,,
2026-08-06T00:35:58.279478+00:00,ionq,qpu.aria-2,25,0,,,,,
2026-08-06T00:35:58.279478+00:00,ionq,qpu.forte-1,36,0,,,,,
2026-08-06T00:35:58.279478+00:00,ionq,qpu.forte-enterprise-1,36,1,,,,,
2026-08-07T00:00:00+00:00,ionq,qpu.forte-1,36,1,,0.0103,0.0061,100000000.0,1000000.0
2026-08-07T00:00:00+00:00,ionq,qpu.forte-enterprise-1,36,1,,0.0086,0.0032,188000000.0,950000.0
2026-08-08T00:00:00+00:00,ionq,qpu.forte-1,36,1,,0.0095,0.0062,100000000.0,1000000.0
2026-08-08T00:00:00+00:00,ionq,qpu.forte-enterprise-1,36,1,,0.0088,0.0032,188000000.0,950000.0
2026-08-08T00:23:36.267207+00:00,ibm,ibm_fez,156,1,4,0.04208,0.01833,133.4,97.6
2026-08-08T00:23:36.267207+00:00,ibm,ibm_marrakesh,156,1,0,0.04831,0.0317,143.3,73.9
2026-08-08T00:23:36.267207+00:00,ibm,ibm_kingston,156,1,1,0.04523,0.02582,229.2,122.0
2026-08-08T00:23:36.267207+00:00,ionq,qpu.harmony,11,0,,,,,
2026-08-08T00:23:36.267207+00:00,ionq,qpu.aria-1,25,0,,,,,
2026-08-08T00:23:36.267207+00:00,ionq,qpu.aria-2,25,0,,,,,
2026-08-08T00:23:36.267207+00:00,ionq,qpu.forte-1,36,1,,,,,
2026-08-08T00:23:36.267207+00:00,ionq,qpu.forte-enterprise-1,36,1,,,,,
2026-08-08T21:24:40.424938+00:00,ibm,ibm_fez,156,1,0,,,,
2026-08-08T21:24:40.424938+00:00,ibm,ibm_marrakesh,156,1,0,,,,
2026-08-08T21:24:40.424938+00:00,ibm,ibm_kingston,156,1,2,,,,
2026-08-08T21:24:47.487883+00:00,ibm,ibm_fez,156,1,0,,,,
2026-08-08T21:24:47.487883+00:00,ibm,ibm_marrakesh,156,1,0,,,,
2026-08-08T21:24:47.487883+00:00,ibm,ibm_kingston,156,1,2,,,,
2026-08-08T21:24:51.406656+00:00,ibm,ibm_fez,156,1,0,0.03317,0.01833,,
2026-08-08T21:25:01.352480+00:00,ibm,ibm_fez,156,1,0,0.03317,0.01833,,
2026-08-08T21:25:01.352480+00:00,ibm,ibm_marrakesh,156,1,0,0.03966,0.0317,,
2026-08-08T21:25:01.352480+00:00,ibm,ibm_kingston,156,1,1,0.04063,0.02918,,
2026-08-08T21:25:07.601407+00:00,ibm,ibm_fez,156,1,0,0.03317,0.01833,,
2026-08-08T21:25:07.601407+00:00,ibm,ibm_marrakesh,156,1,0,0.03966,0.0317,,
2026-08-08T21:25:07.601407+00:00,ibm,ibm_kingston,156,1,1,0.04063,0.02918,,
2026-08-08T21:25:13.693976+00:00,ibm,ibm_fez,156,1,0,0.03317,0.01833,,
2026-08-08T21:25:13.693976+00:00,ibm,ibm_marrakesh,156,1,0,0.03966,0.0317,,
2026-08-08T21:25:13.693976+00:00,ibm,ibm_kingston,156,1,1,0.04063,0.02918,,
2026-08-08T21:25:19.455840+00:00,ibm,ibm_fez,156,1,0,0.03317,0.01833,,
2026-08-08T21:25:19.455840+00:00,ibm,ibm_marrakesh,156,1,0,0.03966,0.0317,,
2026-08-08T21:25:19.455840+00:00,ibm,ibm_kingston,156,1,2,0.04063,0.02918,,
2026-08-08T21:25:26.328464+00:00,ibm,ibm_fez,156,1,0,,,,
2026-08-08T21:25:26.328464+00:00,ibm,ibm_marrakesh,156,1,0,,,,
2026-08-08T21:25:26.328464+00:00,ibm,ibm_kingston,156,1,2,,,,
2026-08-08T23:20:51.412709+00:00,ibm,ibm_fez,156,1,0,,,,
2026-08-08T23:20:51.412709+00:00,ibm,ibm_marrakesh,156,1,0,,,,
2026-08-08T23:20:51.412709+00:00,ibm,ibm_kingston,156,1,2,,,,
2026-08-08T23:20:57.520517+00:00,ibm,ibm_fez,156,1,0,,,,
2026-08-08T23:20:57.520517+00:00,ibm,ibm_marrakesh,156,1,0,,,,
2026-08-08T23:20:57.520517+00:00,ibm,ibm_kingston,156,1,2,,,,
2026-08-08T23:21:01.841962+00:00,ibm,ibm_fez,156,1,0,0.03317,0.01833,,
2026-08-08T23:21:10.387436+00:00,ibm,ibm_fez,156,1,0,0.03317,0.01833,,
2026-08-08T23:21:10.387436+00:00,ibm,ibm_marrakesh,156,1,0,0.03966,0.0317,,
2026-08-08T23:21:10.387436+00:00,ibm,ibm_kingston,156,1,2,0.04063,0.03038,,
2026-08-08T23:21:17.306689+00:00,ibm,ibm_fez,156,1,0,0.03317,0.01833,,
2026-08-08T23:21:17.306689+00:00,ibm,ibm_marrakesh,156,1,0,0.03966,0.0317,,
2026-08-08T23:21:17.306689+00:00,ibm,ibm_kingston,156,1,2,0.04063,0.03038,,
2026-08-08T23:21:24.370347+00:00,ibm,ibm_fez,156,1,0,0.03317,0.01833,,
2026-08-08T23:21:24.370347+00:00,ibm,ibm_marrakesh,156,1,0,0.03966,0.0317,,
2026-08-08T23:21:24.370347+00:00,ibm,ibm_kingston,156,1,2,0.04063,0.03038,,
2026-08-08T23:21:29.677621+00:00,ibm,ibm_fez,156,1,0,0.03317,0.01833,,
2026-08-08T23:21:29.677621+00:00,ibm,ibm_marrakesh,156,1,0,0.03966,0.0317,,
2026-08-08T23:21:29.677621+00:00,ibm,ibm_kingston,156,1,2,0.04063,0.03038,,
2026-08-08T23:21:34.957486+00:00,ibm,ibm_fez,156,1,0,,,,
2026-08-08T23:21:34.957486+00:00,ibm,ibm_marrakesh,156,1,0,,,,
2026-08-08T23:21:34.957486+00:00,ibm,ibm_kingston,156,1,2,,,,
2026-08-09T00:00:00+00:00,ionq,qpu.forte-1,36,1,,0.0097,0.0062,100000000.0,1000000.0
2026-08-09T00:00:00+00:00,ionq,qpu.forte-enterprise-1,36,1,,0.0096,0.0032,188000000.0,950000.0
2026-08-09T01:25:40.686150+00:00,ibm,ibm_fez,156,1,0,,,,
2026-08-09T01:25:40.686150+00:00,ibm,ibm_marrakesh,156,1,0,,,,
2026-08-09T01:25:40.686150+00:00,ibm,ibm_kingston,156,1,0,,,,
2026-08-09T01:25:48.644385+00:00,ibm,ibm_fez,156,1,0,,,,
2026-08-09T01:25:48.644385+00:00,ibm,ibm_marrakesh,156,1,0,,,,
2026-08-09T01:25:48.644385+00:00,ibm,ibm_kingston,156,1,1,,,,
2026-08-09T01:25:53.259279+00:00,ibm,ibm_fez,156,1,0,0.03317,0.01833,,
2026-08-09T01:26:08.278086+00:00,ibm,ibm_fez,156,1,0,0.03317,0.01833,,
2026-08-09T01:26:08.278086+00:00,ibm,ibm_marrakesh,156,1,0,0.03966,0.0317,,
2026-08-09T01:26:08.278086+00:00,ibm,ibm_kingston,156,1,1,0.04063,0.03038,,
2026-08-09T01:26:14.852693+00:00,ibm,ibm_fez,156,1,0,0.03317,0.01833,,
2026-08-09T01:26:14.852693+00:00,ibm,ibm_marrakesh,156,1,0,0.03966,0.0317,,
2026-08-09T01:26:14.852693+00:00,ibm,ibm_kingston,156,1,1,0.04063,0.03038,,
2026-08-09T01:26:21.218191+00:00,ibm,ibm_fez,156,1,0,0.03317,0.01833,,
2026-08-09T01:26:21.218191+00:00,ibm,ibm_marrakesh,156,1,0,0.03966,0.0317,,
2026-08-09T01:26:21.218191+00:00,ibm,ibm_kingston,156,1,2,0.04063,0.03038,,
2026-08-09T01:26:27.091714+00:00,ibm,ibm_fez,156,1,0,0.03317,0.01833,,
2026-08-09T01:26:27.091714+00:00,ibm,ibm_marrakesh,156,1,0,0.03966,0.0317,,
2026-08-09T01:26:27.091714+00:00,ibm,ibm_kingston,156,1,2,0.04063,0.03038,,
2026-08-09T01:26:32.855861+00:00,ibm,ibm_fez,156,1,0,,,,
2026-08-09T01:26:32.855861+00:00,ibm,ibm_marrakesh,156,1,0,,,,
2026-08-09T01:26:32.855861+00:00,ibm,ibm_kingston,156,1,2,,,,
2026-08-09T02:27:04.834244+00:00,ibm,ibm_fez,156,1,2,0.04208,0.01833,133.4,97.6
2026-08-09T02:27:04.834244+00:00,ibm,ibm_marrakesh,156,1,0,0.04831,0.0317,143.3,73.9
2026-08-09T02:27:04.834244+00:00,ibm,ibm_kingston,156,1,0,0.04507,0.03038,232.3,135.0
2026-08-09T02:27:04.834244+00:00,ionq,qpu.harmony,11,0,,,,,
2026-08-09T02:27:04.834244+00:00,ionq,qpu.aria-1,25,0,,,,,
2026-08-09T02:27:04.834244+00:00,ionq,qpu.aria-2,25,0,,,,,
2026-08-09T02:27:04.834244+00:00,ionq,qpu.forte-1,36,1,,,,,
2026-08-09T02:27:04.834244+00:00,ionq,qpu.forte-enterprise-1,36,1,,,,,
2026-08-09T08:44:00.821554+00:00,ibm,ibm_fez,156,1,1,,,,
2026-08-09T08:44:00.821554+00:00,ibm,ibm_marrakesh,156,1,8,,,,
2026-08-09T08:44:00.821554+00:00,ibm,ibm_kingston,156,1,3,,,,
2026-08-09T08:45:27.762434+00:00,ibm,ibm_fez,156,1,2,,,,
2026-08-09T08:45:27.762434+00:00,ibm,ibm_marrakesh,156,1,8,,,,
2026-08-09T08:45:27.762434+00:00,ibm,ibm_kingston,156,1,3,,,,
2026-08-09T08:48:32.970076+00:00,ibm,ibm_fez,156,1,0,,,,
2026-08-09T08:48:32.970076+00:00,ibm,ibm_marrakesh,156,1,8,,,,
2026-08-09T08:48:32.970076+00:00,ibm,ibm_kingston,156,1,1,,,,
2026-08-09T08:51:28.083206+00:00,ibm,ibm_fez,156,1,0,,,,
2026-08-09T08:51:28.083206+00:00,ibm,ibm_marrakesh,156,1,8,,,,
2026-08-09T08:51:28.083206+00:00,ibm,ibm_kingston,156,1,1,,,,
2026-08-09T12:25:04.606769+00:00,ibm,ibm_fez,156,1,450,0.04208,0.01833,133.4,97.6
2026-08-09T12:25:04.606769+00:00,ibm,ibm_marrakesh,156,1,26,0.04831,0.0317,143.3,73.9
2026-08-09T12:25:04.606769+00:00,ibm,ibm_kingston,156,1,216,0.04482,0.02743,232.3,135.0
2026-08-09T12:25:04.606769+00:00,ionq,qpu.harmony,11,0,,,,,
2026-08-09T12:25:04.606769+00:00,ionq,qpu.aria-1,25,0,,,,,
2026-08-09T12:25:04.606769+00:00,ionq,qpu.aria-2,25,0,,,,,
2026-08-09T12:25:04.606769+00:00,ionq,qpu.forte-1,36,1,,,,,
2026-08-09T12:25:04.606769+00:00,ionq,qpu.forte-enterprise-1,36,1,,,,,
2026-08-10T00:00:00+00:00,ionq,qpu.forte-1,36,1,,0.007,0.0062,100000000.0,1000000.0
2026-08-10T00:00:00+00:00,ionq,qpu.forte-enterprise-1,36,1,,0.0099,0.0033,188000000.0,950000.0
2026-08-10T01:30:01.133836+00:00,ibm,ibm_fez,156,1,451,0.04208,0.01833,133.4,97.6
2026-08-10T01:30:01.133836+00:00,ibm,ibm_marrakesh,156,1,48,0.04831,0.0317,143.3,73.9
2026-08-10T01:30:01.133836+00:00,ibm,ibm_kingston,156,1,360,0.04482,0.02591,240.2,141.6
2026-08-10T01:30:01.133836+00:00,ionq,qpu.harmony,11,0,,,,,
2026-08-10T01:30:01.133836+00:00,ionq,qpu.aria-1,25,0,,,,,
2026-08-10T01:30:01.133836+00:00,ionq,qpu.aria-2,25,0,,,,,
2026-08-10T01:30:01.133836+00:00,ionq,qpu.forte-1,36,1,,,,,
2026-08-10T01:30:01.133836+00:00,ionq,qpu.forte-enterprise-1,36,1,,,,,
2026-08-11T00:00:00+00:00,ionq,qpu.forte-1,36,1,,0.0074,0.0091,100000000.0,1000000.0
2026-08-11T00:00:00+00:00,ionq,qpu.forte-enterprise-1,36,1,,0.0085,0.0033,188000000.0,950000.0
2026-08-11T19:11:21.938923+00:00,ibm,ibm_fez,156,1,428,0.04226,0.01899,109.9,78.2
2026-08-11T19:11:21.938923+00:00,ibm,ibm_marrakesh,156,1,1,0.04831,0.0317,143.3,73.9
2026-08-11T19:11:21.938923+00:00,ibm,ibm_kingston,156,1,192,0.04508,0.02797,236.2,141.2
2026-08-11T19:11:21.938923+00:00,ionq,qpu.harmony,11,0,,,,,
2026-08-11T19:11:21.938923+00:00,ionq,qpu.aria-1,25,0,,,,,
2026-08-11T19:11:21.938923+00:00,ionq,qpu.aria-2,25,0,,,,,
2026-08-11T19:11:21.938923+00:00,ionq,qpu.forte-1,36,1,,,,,
2026-08-11T19:11:21.938923+00:00,ionq,qpu.forte-enterprise-1,36,0,,,,,
2026-08-12T00:00:00+00:00,ionq,qpu.forte-1,36,1,,0.0099,0.004,100000000.0,1000000.0
2026-08-12T00:00:00+00:00,ionq,qpu.forte-enterprise-1,36,1,,0.008,0.0034,188000000.0,950000.0
2026-08-12T00:17:06.810707+00:00,ibm,ibm_fez,156,1,423,,,,
2026-08-12T00:17:06.810707+00:00,ibm,ibm_marrakesh,156,1,1,,,,
2026-08-12T00:17:06.810707+00:00,ibm,ibm_kingston,156,1,4,,,,
2026-08-12T02:54:07.654638+00:00,ibm,ibm_fez,156,1,430,0.04226,0.01899,109.9,78.2
2026-08-12T02:54:07.654638+00:00,ibm,ibm_marrakesh,156,1,19,0.04886,0.03227,164.9,64.6
2026-08-12T02:54:07.654638+00:00,ibm,ibm_kingston,156,1,19,0.04508,0.02841,241.9,142.7
2026-08-12T02:54:07.654638+00:00,ionq,qpu.harmony,11,0,,,,,
2026-08-12T02:54:07.654638+00:00,ionq,qpu.aria-1,25,0,,,,,
2026-08-12T02:54:07.654638+00:00,ionq,qpu.aria-2,25,0,,,,,
2026-08-12T02:54:07.654638+00:00,ionq,qpu.forte-1,36,1,,,,,
2026-08-12T02:54:07.654638+00:00,ionq,qpu.forte-enterprise-1,36,1,,,,,
2026-08-13T00:00:00+00:00,ionq,qpu.forte-1,36,1,,0.0051,0.004,100000000.0,1000000.0
2026-08-13T00:00:00+00:00,ionq,qpu.forte-enterprise-1,36,1,,0.0078,0.0033,188000000.0,950000.0
2026-08-13T04:26:57.419215+00:00,ibm,ibm_fez,156,1,496,0.03719,0.01985,111.6,80.2
2026-08-13T04:26:57.419215+00:00,ibm,ibm_marrakesh,156,1,2,0.04808,0.02848,160.1,74.1
2026-08-13T04:26:57.419215+00:00,ibm,ibm_kingston,156,1,27,0.04511,0.02739,241.9,142.7
2026-08-13T04:26:57.419215+00:00,ionq,qpu.harmony,11,0,,,,,
2026-08-13T04:26:57.419215+00:00,ionq,qpu.aria-1,25,0,,,,,
2026-08-13T04:26:57.419215+00:00,ionq,qpu.aria-2,25,0,,,,,
2026-08-13T04:26:57.419215+00:00,ionq,qpu.forte-1,36,1,,,,,
2026-08-13T04:26:57.419215+00:00,ionq,qpu.forte-enterprise-1,36,1,,,,,
2026-08-13T05:47:47.045863+00:00,ibm,ibm_fez,156,1,495,,,,
2026-08-13T05:47:47.045863+00:00,ibm,ibm_marrakesh,156,1,18,,,,
2026-08-13T05:47:47.045863+00:00,ibm,ibm_kingston,156,1,32,,,,
2026-08-13T05:47:53.992144+00:00,ibm,ibm_fez,156,1,495,,,,
2026-08-13T05:47:53.992144+00:00,ibm,ibm_marrakesh,156,1,18,,,,
2026-08-13T05:47:53.992144+00:00,ibm,ibm_kingston,156,1,32,,,,
2026-08-13T05:47:57.512077+00:00,ibm,ibm_fez,156,1,495,0.03351,0.01985,,
2026-08-13T05:48:06.874806+00:00,ibm,ibm_fez,156,1,495,0.03351,0.01985,,
2026-08-13T05:48:06.874806+00:00,ibm,ibm_marrakesh,156,1,19,0.03903,0.02848,,
2026-08-13T05:48:06.874806+00:00,ibm,ibm_kingston,156,1,33,0.04076,0.02739,,
2026-08-13T05:48:13.003649+00:00,ibm,ibm_marrakesh,156,1,19,0.03903,0.02848,,
2026-08-13T05:48:13.003649+00:00,ibm,ibm_kingston,156,1,33,0.04076,0.02739,,
2026-08-13T05:48:13.003649+00:00,ibm,ibm_fez,156,1,495,0.03351,0.01985,,
2026-08-13T05:48:19.361937+00:00,ibm,ibm_fez,156,1,495,0.03351,0.01985,,
2026-08-13T05:48:19.361937+00:00,ibm,ibm_marrakesh,156,1,18,0.03903,0.02848,,
2026-08-13T05:48:19.361937+00:00,ibm,ibm_kingston,156,1,33,0.04076,0.02739,,
2026-08-13T05:48:25.088895+00:00,ibm,ibm_fez,156,1,495,0.03351,0.01985,,
2026-08-13T05:48:25.088895+00:00,ibm,ibm_marrakesh,156,1,18,0.03903,0.02848,,
2026-08-13T05:48:25.088895+00:00,ibm,ibm_kingston,156,1,33,0.04076,0.02739,,
2026-08-13T05:48:31.682763+00:00,ibm,ibm_marrakesh,156,1,18,,,,
2026-08-13T05:48:31.682763+00:00,ibm,ibm_kingston,156,1,33,,,,
2026-08-13T05:48:31.682763+00:00,ibm,ibm_fez,156,1,495,,,,
2026-08-13T06:13:58.176382+00:00,ibm,ibm_fez,156,1,501,,,,
2026-08-13T06:13:58.176382+00:00,ibm,ibm_marrakesh,156,1,3,,,,
2026-08-13T06:13:58.176382+00:00,ibm,ibm_kingston,156,1,29,,,,
2026-08-13T06:14:04.855783+00:00,ibm,ibm_fez,156,1,501,,,,
2026-08-13T06:14:04.855783+00:00,ibm,ibm_marrakesh,156,1,1,,,,
2026-08-13T06:14:04.855783+00:00,ibm,ibm_kingston,156,1,29,,,,
2026-08-13T06:14:08.571513+00:00,ibm,ibm_fez,156,1,501,0.03351,0.01985,,
2026-08-13T06:14:18.000678+00:00,ibm,ibm_fez,156,1,502,0.03351,0.01985,,
2026-08-13T06:14:18.000678+00:00,ibm,ibm_marrakesh,156,1,2,0.03903,0.02848,,
2026-08-13T06:14:18.000678+00:00,ibm,ibm_kingston,156,1,29,0.04076,0.02739,,
2026-08-13T06:14:23.838228+00:00,ibm,ibm_marrakesh,156,1,2,0.03904,0.03067,,
2026-08-13T06:14:23.838228+00:00,ibm,ibm_kingston,156,1,29,0.04076,0.02739,,
2026-08-13T06:14:23.838228+00:00,ibm,ibm_fez,156,1,502,0.03351,0.01985,,
2026-08-13T06:14:29.977586+00:00,ibm,ibm_fez,156,1,502,0.03351,0.01985,,
2026-08-13T06:14:29.977586+00:00,ibm,ibm_marrakesh,156,1,2,0.03904,0.03067,,
2026-08-13T06:14:29.977586+00:00,ibm,ibm_kingston,156,1,29,0.04076,0.02739,,
2026-08-13T06:14:35.824026+00:00,ibm,ibm_fez,156,1,502,0.03351,0.01985,,
2026-08-13T06:14:35.824026+00:00,ibm,ibm_marrakesh,156,1,0,0.03904,0.03067,,
2026-08-13T06:14:35.824026+00:00,ibm,ibm_kingston,156,1,29,0.04076,0.02739,,
2026-08-13T06:14:41.645963+00:00,ibm,ibm_marrakesh,156,1,2,,,,
2026-08-13T06:14:41.645963+00:00,ibm,ibm_kingston,156,1,29,,,,
2026-08-13T06:14:41.645963+00:00,ibm,ibm_fez,156,1,502,,,,
2026-08-14T00:00:00+00:00,ionq,qpu.forte-1,36,1,,0.0066,0.0041,100000000.0,1000000.0
2026-08-14T00:00:00+00:00,ionq,qpu.forte-enterprise-1,36,1,,0.0083,0.0033,188000000.0,950000.0
2026-08-14T03:32:09.944769+00:00,ibm,ibm_fez,156,1,24636,0.03663,0.01988,115.9,95.2
2026-08-14T03:32:09.944769+00:00,ibm,ibm_marrakesh,156,1,1,0.05288,0.03241,160.1,71.3
2026-08-14T03:32:09.944769+00:00,ibm,ibm_kingston,156,1,69,0.04526,0.02739,231.0,135.7
2026-08-14T03:32:09.944769+00:00,ionq,qpu.harmony,11,0,,,,,
2026-08-14T03:32:09.944769+00:00,ionq,qpu.aria-1,25,0,,,,,
2026-08-14T03:32:09.944769+00:00,ionq,qpu.aria-2,25,0,,,,,
2026-08-14T03:32:09.944769+00:00,ionq,qpu.forte-1,36,1,,,,,
2026-08-14T03:32:09.944769+00:00,ionq,qpu.forte-enterprise-1,36,1,,,,,
2026-08-14T15:32:43.376190+00:00,ibm,ibm_fez,156,1,24660,0.0368,0.0176,121.1,92.1
2026-08-14T15:32:43.376190+00:00,ibm,ibm_marrakesh,156,1,39,0.05324,0.03746,160.1,71.3
2026-08-14T15:32:43.376190+00:00,ibm,ibm_kingston,156,1,5,0.04526,0.02739,231.0,135.7
2026-08-14T15:32:43.376190+00:00,ionq,qpu.harmony,11,0,,,,,
2026-08-14T15:32:43.376190+00:00,ionq,qpu.aria-1,25,0,,,,,
2026-08-14T15:32:43.376190+00:00,ionq,qpu.aria-2,25,0,,,,,
2026-08-14T15:32:43.376190+00:00,ionq,qpu.forte-1,36,1,,,,,
2026-08-14T15:32:43.376190+00:00,ionq,qpu.forte-enterprise-1,36,0,,,,,
2026-08-15T00:00:00+00:00,ionq,qpu.forte-1,36,1,,0.0063,0.0041,100000000.0,1000000.0
2026-08-15T00:00:00+00:00,ionq,qpu.forte-enterprise-1,36,1,,0.0108,0.0034,188000000.0,950000.0
2026-08-15T03:01:59.708297+00:00,ibm,ibm_fez,156,1,24670,0.03653,0.01764,121.1,92.1
2026-08-15T03:01:59.708297+00:00,ibm,ibm_marrakesh,156,1,0,0.05324,0.03746,160.1,71.3
2026-08-15T03:01:59.708297+00:00,ibm,ibm_kingston,156,1,30,0.04526,0.02739,231.0,135.7
2026-08-15T03:01:59.708297+00:00,ionq,qpu.harmony,11,0,,,,,
2026-08-15T03:01:59.708297+00:00,ionq,qpu.aria-1,25,0,,,,,
2026-08-15T03:01:59.708297+00:00,ionq,qpu.aria-2,25,0,,,,,
2026-08-15T03:01:59.708297+00:00,ionq,qpu.forte-1,36,1,,,,,
2026-08-15T03:01:59.708297+00:00,ionq,qpu.forte-enterprise-1,36,1,,,,,
2026-08-15T17:26:28.836108+00:00,ibm,ibm_fez,156,1,24776,0.03653,0.01764,121.1,92.1
2026-08-15T17:26:28.836108+00:00,ibm,ibm_marrakesh,156,1,0,0.05324,0.03746,160.1,71.3
2026-08-15T17:26:28.836108+00:00,ibm,ibm_kingston,156,1,0,0.04526,0.02739,231.0,135.7
2026-08-15T17:26:28.836108+00:00,ionq,qpu.harmony,11,0,,,,,
2026-08-15T17:26:28.836108+00:00,ionq,qpu.aria-1,25,0,,,,,
2026-08-15T17:26:28.836108+00:00,ionq,qpu.aria-2,25,0,,,,,
2026-08-15T17:26:28.836108+00:00,ionq,qpu.forte-1,36,1,,,,,
2026-08-15T17:26:28.836108+00:00,ionq,qpu.forte-enterprise-1,36,1,,,,,
2026-08-15T23:26:41.221283+00:00,ibm,ibm_fez,156,1,24886,0.03653,0.01764,121.1,92.1
2026-08-15T23:26:41.221283+00:00,ibm,ibm_marrakesh,156,1,0,0.05324,0.03746,160.1,71.3
2026-08-15T23:26:41.221283+00:00,ibm,ibm_kingston,156,1,9,0.04526,0.02739,231.0,135.7
2026-08-15T23:26:41.221283+00:00,ionq,qpu.harmony,11,0,,,,,
2026-08-15T23:26:41.221283+00:00,ionq,qpu.aria-1,25,0,,,,,
2026-08-15T23:26:41.221283+00:00,ionq,qpu.aria-2,25,0,,,,,
2026-08-15T23:26:41.221283+00:00,ionq,qpu.forte-1,36,1,,,,,
2026-08-15T23:26:41.221283+00:00,ionq,qpu.forte-enterprise-1,36,1,,,,,
2026-08-16T00:00:00+00:00,ionq,qpu.forte-1,36,1,,0.0064,0.0041,100000000.0,1000000.0
2026-08-16T00:00:00+00:00,ionq,qpu.forte-enterprise-1,36,1,,0.0096,0.0034,188000000.0,950000.0
2026-08-16T17:06:01.359577+00:00,ibm,ibm_fez,156,1,24862,0.03653,0.01764,121.1,92.1
2026-08-16T17:06:01.359577+00:00,ibm,ibm_marrakesh,156,1,12,0.05324,0.03746,160.1,71.3
2026-08-16T17:06:01.359577+00:00,ibm,ibm_kingston,156,1,28,0.04526,0.02739,231.0,135.7
2026-08-16T17:06:01.359577+00:00,ionq,qpu.harmony,11,0,,,,,
2026-08-16T17:06:01.359577+00:00,ionq,qpu.aria-1,25,0,,,,,
2026-08-16T17:06:01.359577+00:00,ionq,qpu.aria-2,25,0,,,,,
2026-08-16T17:06:01.359577+00:00,ionq,qpu.forte-1,36,1,,,,,
2026-08-16T17:06:01.359577+00:00,ionq,qpu.forte-enterprise-1,36,1,,,,,
2026-08-17T00:00:00+00:00,ionq,qpu.forte-1,36,1,,0.0164,0.0041,100000000.0,1000000.0
2026-08-17T00:00:00+00:00,ionq,qpu.forte-enterprise-1,36,1,,0.0079,0.004,188000000.0,950000.0
2026-08-17T02:15:57.467620+00:00,ibm,ibm_fez,156,1,24832,0.03653,0.01764,121.1,92.1
2026-08-17T02:15:57.467620+00:00,ibm,ibm_marrakesh,156,1,15,0.05324,0.03746,160.1,71.3
2026-08-17T02:15:57.467620+00:00,ibm,ibm_kingston,156,1,126,0.04526,0.02739,231.0,135.7
2026-08-17T02:15:57.467620+00:00,ionq,qpu.harmony,11,0,,,,,
2026-08-17T02:15:57.467620+00:00,ionq,qpu.aria-1,25,0,,,,,
2026-08-17T02:15:57.467620+00:00,ionq,qpu.aria-2,25,0,,,,,
2026-08-17T02:15:57.467620+00:00,ionq,qpu.forte-1,36,1,,,,,
2026-08-17T02:15:57.467620+00:00,ionq,qpu.forte-enterprise-1,36,1,,,,,
2026-08-18T00:00:00+00:00,ionq,qpu.forte-1,36,1,,0.0155,0.0042,100000000.0,1000000.0
2026-08-18T00:00:00+00:00,ionq,qpu.forte-enterprise-1,36,1,,0.0082,0.0039,188000000.0,950000.0
2026-08-18T03:30:10.253295+00:00,ibm,ibm_fez,156,1,24703,0.03861,0.02004,121.0,90.2
2026-08-18T03:30:10.253295+00:00,ibm,ibm_marrakesh,156,1,1,0.05069,0.03794,140.4,61.1
2026-08-18T03:30:10.253295+00:00,ibm,ibm_kingston,156,1,8,0.04585,0.03176,259.2,133.9
2026-08-18T03:30:10.253295+00:00,ionq,qpu.harmony,11,0,,,,,
2026-08-18T03:30:10.253295+00:00,ionq,qpu.aria-1,25,0,,,,,
2026-08-18T03:30:10.253295+00:00,ionq,qpu.aria-2,25,0,,,,,
2026-08-18T03:30:10.253295+00:00,ionq,qpu.forte-1,36,1,,,,,
2026-08-18T03:30:10.253295+00:00,ionq,qpu.forte-enterprise-1,36,1,,,,,
2026-08-18T03:54:33.927888+00:00,ibm,ibm_fez,156,1,24701,,,,
2026-08-18T03:54:33.927888+00:00,ibm,ibm_marrakesh,156,1,1,,,,
2026-08-18T03:54:33.927888+00:00,ibm,ibm_kingston,156,1,6,,,,
2026-08-18T03:58:54.371872+00:00,ibm,ibm_fez,156,1,24699,,,,
2026-08-18T03:58:54.371872+00:00,ibm,ibm_marrakesh,156,1,4,,,,
2026-08-18T03:58:54.371872+00:00,ibm,ibm_kingston,156,1,8,,,,
2026-08-18T04:50:50.065522+00:00,ibm,ibm_fez,156,1,24695,,,,
2026-08-18T04:50:50.065522+00:00,ibm,ibm_marrakesh,156,1,0,,,,
2026-08-18T04:50:50.065522+00:00,ibm,ibm_kingston,156,1,18,,,,
2026-08-18T22:56:15.685951+00:00,ibm,ibm_fez,156,1,8,0.0385,0.01995,135.1,86.7
2026-08-18T22:56:15.685951+00:00,ibm,ibm_marrakesh,156,1,9,0.05333,0.04556,146.9,62.3
2026-08-18T22:56:15.685951+00:00,ibm,ibm_kingston,156,1,4,0.03894,0.02215,235.4,137.4
2026-08-18T22:56:15.685951+00:00,ionq,qpu.harmony,11,0,,,,,
2026-08-18T22:56:15.685951+00:00,ionq,qpu.aria-1,25,0,,,,,
2026-08-18T22:56:15.685951+00:00,ionq,qpu.aria-2,25,0,,,,,
2026-08-18T22:56:15.685951+00:00,ionq,qpu.forte-1,36,1,,,,,
2026-08-18T22:56:15.685951+00:00,ionq,qpu.forte-enterprise-1,36,1,,,,,
2026-08-19T00:00:00+00:00,ionq,qpu.forte-1,36,1,,0.0114,0.0041,100000000.0,1000000.0
2026-08-19T00:00:00+00:00,ionq,qpu.forte-enterprise-1,36,1,,0.0185,0.0039,188000000.0,950000.0
2026-08-19T02:33:39.597129+00:00,ibm,ibm_fez,156,1,0,,,,
2026-08-19T02:33:39.597129+00:00,ibm,ibm_marrakesh,156,1,7,,,,
2026-08-19T02:33:39.597129+00:00,ibm,ibm_kingston,156,1,0,,,,
2026-08-19T02:45:26.826283+00:00,ibm,ibm_fez,156,1,0,,,,
2026-08-19T02:45:26.826283+00:00,ibm,ibm_marrakesh,156,1,8,,,,
2026-08-19T02:45:26.826283+00:00,ibm,ibm_kingston,156,1,0,,,,
2026-08-19T02:48:48.585547+00:00,ibm,ibm_fez,156,1,0,,,,
2026-08-19T02:48:48.585547+00:00,ibm,ibm_marrakesh,156,1,8,,,,
2026-08-19T02:48:48.585547+00:00,ibm,ibm_kingston,156,1,0,,,,
2026-08-19T04:56:27.041891+00:00,ibm,ibm_fez,156,1,1,0.03856,0.01802,135.1,86.7
2026-08-19T04:56:27.041891+00:00,ibm,ibm_marrakesh,156,1,21,0.05418,0.03542,146.9,62.3
2026-08-19T04:56:27.041891+00:00,ibm,ibm_kingston,156,1,0,0.03894,0.01896,235.4,137.4
2026-08-19T04:56:27.041891+00:00,ionq,qpu.harmony,11,0,,,,,
2026-08-19T04:56:27.041891+00:00,ionq,qpu.aria-1,25,0,,,,,
2026-08-19T04:56:27.041891+00:00,ionq,qpu.aria-2,25,0,,,,,
2026-08-19T04:56:27.041891+00:00,ionq,qpu.forte-1,36,1,,,,,
2026-08-19T04:56:27.041891+00:00,ionq,qpu.forte-enterprise-1,36,1,,,,,
2026-08-20T00:00:00+00:00,ionq,qpu.forte-1,36,1,,0.0162,0.0041,100000000.0,1000000.0
2026-08-20T00:00:00+00:00,ionq,qpu.forte-enterprise-1,36,1,,0.0107,0.005,188000000.0,950000.0
2026-08-20T20:42:15.966673+00:00,ibm,ibm_fez,156,1,0,0.03609,0.0192,145.6,95.8
2026-08-20T20:42:15.966673+00:00,ibm,ibm_marrakesh,156,1,3,0.05371,0.02835,176.3,74.6
2026-08-20T20:42:15.966673+00:00,ibm,ibm_kingston,156,1,12,0.0375,0.02318,235.4,122.3
2026-08-20T20:42:15.966673+00:00,ionq,qpu.harmony,11,0,,,,,
2026-08-20T20:42:15.966673+00:00,ionq,qpu.aria-1,25,0,,,,,
2026-08-20T20:42:15.966673+00:00,ionq,qpu.aria-2,25,0,,,,,
2026-08-20T20:42:15.966673+00:00,ionq,qpu.forte-1,36,1,,,,,
2026-08-20T20:42:15.966673+00:00,ionq,qpu.forte-enterprise-1,36,0,,,,,
2026-08-20T21:57:43.048767+00:00,ibm,ibm_fez,156,1,1,,,,
2026-08-20T21:57:43.048767+00:00,ibm,ibm_marrakesh,156,1,0,,,,
2026-08-20T21:57:43.048767+00:00,ibm,ibm_kingston,156,1,9,,,,
2026-08-20T21:57:49.965485+00:00,ibm,ibm_fez,156,1,1,,,,
2026-08-20T21:57:49.965485+00:00,ibm,ibm_marrakesh,156,1,0,,,,
2026-08-20T21:57:49.965485+00:00,ibm,ibm_kingston,156,1,9,,,,
2026-08-20T21:57:54.147755+00:00,ibm,ibm_kingston,156,1,9,0.02839,0.02318,,
2026-08-20T21:58:00.201385+00:00,ibm,ibm_kingston,156,1,9,0.02839,0.02318,,
2026-08-20T21:58:00.201385+00:00,ibm,ibm_fez,156,1,1,0.03321,0.0192,,
2026-08-20T21:58:00.201385+00:00,ibm,ibm_marrakesh,156,1,0,0.03924,0.02835,,
2026-08-20T21:58:08.612864+00:00,ibm,ibm_marrakesh,156,1,0,,,,
2026-08-20T21:58:08.612864+00:00,ibm,ibm_fez,156,1,1,,,,
2026-08-20T21:58:08.612864+00:00,ibm,ibm_kingston,156,1,9,,,,
2026-08-20T22:00:24.446529+00:00,ibm,ibm_fez,156,1,0,,,,
2026-08-20T22:00:24.446529+00:00,ibm,ibm_marrakesh,156,1,1,,,,
2026-08-20T22:00:24.446529+00:00,ibm,ibm_kingston,156,1,10,,,,
2026-08-20T22:00:29.833500+00:00,ibm,ibm_fez,156,1,0,,,,
2026-08-20T22:00:29.833500+00:00,ibm,ibm_marrakesh,156,1,1,,,,
2026-08-20T22:00:29.833500+00:00,ibm,ibm_kingston,156,1,10,,,,
2026-08-20T22:00:33.705384+00:00,ibm,ibm_kingston,156,1,10,0.02839,0.02318,,
2026-08-20T22:00:38.931708+00:00,ibm,ibm_kingston,156,1,10,0.02839,0.02318,,
2026-08-20T22:00:38.931708+00:00,ibm,ibm_fez,156,1,0,0.03321,0.0192,,
2026-08-20T22:00:38.931708+00:00,ibm,ibm_marrakesh,156,1,1,0.03924,0.02835,,
2026-08-20T22:00:44.425029+00:00,ibm,ibm_fez,156,1,0,,,,
2026-08-20T22:00:44.425029+00:00,ibm,ibm_marrakesh,156,1,1,,,,
2026-08-20T22:00:44.425029+00:00,ibm,ibm_kingston,156,1,10,,,,
2026-08-21T00:00:00+00:00,ionq,qpu.forte-1,36,1,,0.0093,0.0042,100000000.0,1000000.0
2026-08-21T00:00:00+00:00,ionq,qpu.forte-enterprise-1,36,1,,0.0112,0.0057,188000000.0,950000.0
2026-08-21T13:15:09.091271+00:00,ibm,ibm_fez,156,1,14,0.03596,0.02083,145.6,95.8
2026-08-21T13:15:09.091271+00:00,ibm,ibm_marrakesh,156,1,2,0.05378,0.03789,145.5,60.8
2026-08-21T13:15:09.091271+00:00,ibm,ibm_kingston,156,1,294,0.03779,0.02466,248.0,141.4
2026-08-21T13:15:09.091271+00:00,ionq,qpu.harmony,11,0,,,,,
2026-08-21T13:15:09.091271+00:00,ionq,qpu.aria-1,25,0,,,,,
2026-08-21T13:15:09.091271+00:00,ionq,qpu.aria-2,25,0,,,,,
2026-08-21T13:15:09.091271+00:00,ionq,qpu.forte-1,36,1,,,,,
2026-08-21T13:15:09.091271+00:00,ionq,qpu.forte-enterprise-1,36,0,,,,,
2026-08-21T19:15:21.101668+00:00,ibm,ibm_fez,156,1,1,0.03596,0.02104,145.6,95.8
2026-08-21T19:15:21.101668+00:00,ibm,ibm_marrakesh,156,1,7,0.05378,0.03789,145.5,60.8
2026-08-21T19:15:21.101668+00:00,ibm,ibm_kingston,156,1,320,0.03779,0.02466,248.0,141.4
2026-08-21T19:15:21.101668+00:00,ionq,qpu.harmony,11,0,,,,,
2026-08-21T19:15:21.101668+00:00,ionq,qpu.aria-1,25,0,,,,,
2026-08-21T19:15:21.101668+00:00,ionq,qpu.aria-2,25,0,,,,,
2026-08-21T19:15:21.101668+00:00,ionq,qpu.forte-1,36,0,,,,,
2026-08-21T19:15:21.101668+00:00,ionq,qpu.forte-enterprise-1,36,1,,,,,
2026-08-22T18:24:56.316906+00:00,ibm,ibm_fez,156,1,0,,,,
2026-08-22T18:24:56.316906+00:00,ibm,ibm_marrakesh,156,1,0,,,,
2026-08-22T18:24:56.316906+00:00,ibm,ibm_kingston,156,1,11,,,,
2026-08-22T18:25:03.256008+00:00,ibm,ibm_fez,156,1,0,,,,
2026-08-22T18:25:03.256008+00:00,ibm,ibm_marrakesh,156,1,0,,,,
2026-08-22T18:25:03.256008+00:00,ibm,ibm_kingston,156,1,11,,,,
2026-08-22T18:25:06.889122+00:00,ibm,ibm_kingston,156,1,11,0.02905,0.02127,,
2026-08-22T18:25:13.544734+00:00,ibm,ibm_kingston,156,1,11,0.02905,0.02127,,
2026-08-22T18:25:13.544734+00:00,ibm,ibm_fez,156,1,0,0.03292,0.01984,,
2026-08-22T18:25:13.544734+00:00,ibm,ibm_marrakesh,156,1,0,0.03981,0.03865,,
2026-08-22T18:25:21.648021+00:00,ibm,ibm_fez,156,1,0,,,,
2026-08-22T18:25:21.648021+00:00,ibm,ibm_marrakesh,156,1,0,,,,
2026-08-22T18:25:21.648021+00:00,ibm,ibm_kingston,156,1,11,,,,
2026-08-22T18:26:31.413193+00:00,ibm,ibm_fez,156,1,0,,,,
2026-08-22T18:26:31.413193+00:00,ibm,ibm_marrakesh,156,1,0,,,,
2026-08-22T18:26:31.413193+00:00,ibm,ibm_kingston,156,1,14,,,,
2026-08-22T18:26:38.203471+00:00,ibm,ibm_fez,156,1,0,,,,
2026-08-22T18:26:38.203471+00:00,ibm,ibm_marrakesh,156,1,0,,,,
2026-08-22T18:26:38.203471+00:00,ibm,ibm_kingston,156,1,14,,,,
2026-08-22T18:26:41.783832+00:00,ibm,ibm_kingston,156,1,14,0.02905,0.02127,,
2026-08-22T18:26:47.413100+00:00,ibm,ibm_kingston,156,1,14,0.02905,0.02127,,
2026-08-22T18:26:47.413100+00:00,ibm,ibm_fez,156,1,0,0.03292,0.01984,,
2026-08-22T18:26:47.413100+00:00,ibm,ibm_marrakesh,156,1,0,0.03981,0.03865,,
2026-08-22T18:26:53.301921+00:00,ibm,ibm_fez,156,1,0,,,,
2026-08-22T18:26:53.301921+00:00,ibm,ibm_marrakesh,156,1,0,,,,
2026-08-22T18:26:53.301921+00:00,ibm,ibm_kingston,156,1,14,,,,
2026-08-22T18:28:12.653437+00:00,ibm,ibm_fez,156,1,1,,,,
2026-08-22T18:28:12.653437+00:00,ibm,ibm_marrakesh,156,1,0,,,,
2026-08-22T18:28:12.653437+00:00,ibm,ibm_kingston,156,1,18,,,,
2026-08-22T18:28:19.008573+00:00,ibm,ibm_fez,156,1,1,,,,
2026-08-22T18:28:19.008573+00:00,ibm,ibm_marrakesh,156,1,0,,,,
2026-08-22T18:28:19.008573+00:00,ibm,ibm_kingston,156,1,18,,,,
2026-08-22T18:28:22.492462+00:00,ibm,ibm_kingston,156,1,18,0.02905,0.02127,,
2026-08-22T18:28:29.375466+00:00,ibm,ibm_kingston,156,1,18,0.02905,0.02127,,
2026-08-22T18:28:29.375466+00:00,ibm,ibm_fez,156,1,1,0.03292,0.01984,,
2026-08-22T18:28:29.375466+00:00,ibm,ibm_marrakesh,156,1,0,0.03981,0.03865,,
2026-08-22T18:28:36.206572+00:00,ibm,ibm_marrakesh,156,1,0,,,,
2026-08-22T18:28:36.206572+00:00,ibm,ibm_fez,156,1,1,,,,
2026-08-22T18:28:36.206572+00:00,ibm,ibm_kingston,156,1,18,,,,
2026-08-22T18:30:45.003564+00:00,ibm,ibm_fez,156,1,1,,,,
2026-08-22T18:30:45.003564+00:00,ibm,ibm_marrakesh,156,1,0,,,,
2026-08-22T18:30:45.003564+00:00,ibm,ibm_kingston,156,1,21,,,,
2026-08-22T18:30:51.053261+00:00,ibm,ibm_fez,156,1,1,,,,
2026-08-22T18:30:51.053261+00:00,ibm,ibm_marrakesh,156,1,0,,,,
2026-08-22T18:30:51.053261+00:00,ibm,ibm_kingston,156,1,21,,,,
2026-08-22T18:30:54.907071+00:00,ibm,ibm_fez,156,1,1,0.03292,0.01984,,
2026-08-22T18:31:05.472526+00:00,ibm,ibm_kingston,156,1,21,0.02905,0.02127,,
2026-08-22T18:31:05.472526+00:00,ibm,ibm_fez,156,1,1,0.03292,0.01984,,
2026-08-22T18:31:05.472526+00:00,ibm,ibm_marrakesh,156,1,0,0.03981,0.03865,,
2026-08-22T18:31:11.176163+00:00,ibm,ibm_marrakesh,156,1,0,0.03981,0.03865,,
2026-08-22T18:31:11.176163+00:00,ibm,ibm_fez,156,1,1,0.03292,0.01984,,
2026-08-22T18:31:11.176163+00:00,ibm,ibm_kingston,156,1,21,0.02905,0.02127,,
2026-08-22T18:31:16.695260+00:00,ibm,ibm_fez,156,1,1,0.03292,0.01984,,
2026-08-22T18:31:16.695260+00:00,ibm,ibm_marrakesh,156,1,0,0.03981,0.03865,,
2026-08-22T18:31:16.695260+00:00,ibm,ibm_kingston,156,1,21,0.02905,0.02127,,
2026-08-22T18:31:22.755298+00:00,ibm,ibm_fez,156,1,1,0.03292,0.01984,,
2026-08-22T18:31:22.755298+00:00,ibm,ibm_kingston,156,1,21,0.02905,0.02127,,
2026-08-22T18:31:22.755298+00:00,ibm,ibm_marrakesh,156,1,0,0.03981,0.03865,,
2026-08-22T18:31:30.602002+00:00,ibm,ibm_marrakesh,156,1,0,,,,
2026-08-22T18:31:30.602002+00:00,ibm,ibm_fez,156,1,1,,,,
2026-08-22T18:31:30.602002+00:00,ibm,ibm_kingston,156,1,21,,,,
2026-08-23T13:28:28.323449+00:00,ibm,ibm_fez,156,1,0,0.03581,0.02007,133.1,97.4
2026-08-23T13:28:28.323449+00:00,ibm,ibm_marrakesh,156,1,0,0.05408,0.03744,146.0,67.9
2026-08-23T13:28:28.323449+00:00,ibm,ibm_kingston,156,1,10,0.0362,0.02122,250.5,139.6
2026-08-23T13:28:28.323449+00:00,ionq,qpu.harmony,11,0,,,,,
2026-08-23T13:28:28.323449+00:00,ionq,qpu.aria-1,25,0,,0.0168,0.0047,100000000.0,1000000.0
2026-08-23T13:28:28.323449+00:00,ionq,qpu.aria-2,25,0,,0.0301,0.0026,10000000.0,1500000.0
2026-08-23T13:28:28.323449+00:00,ionq,qpu.forte-1,36,1,,0.0093,0.0042,100000000.0,1000000.0
2026-08-23T13:28:28.323449+00:00,ionq,qpu.forte-enterprise-1,36,1,,0.0082,0.0071,188000000.0,950000.0
2026-08-24T21:41:56.489538+00:00,ibm,ibm_fez,156,1,9496,,,,
2026-08-24T21:41:56.489538+00:00,ibm,ibm_marrakesh,156,1,11992,,,,
2026-08-24T21:41:56.489538+00:00,ibm,ibm_kingston,156,1,6,,,,
2026-08-24T21:42:02.338222+00:00,ibm,ibm_fez,156,1,9496,,,,
2026-08-24T21:42:02.338222+00:00,ibm,ibm_marrakesh,156,1,11988,,,,
2026-08-24T21:42:02.338222+00:00,ibm,ibm_kingston,156,1,6,,,,
2026-08-24T21:42:07.752931+00:00,ibm,ibm_fez,156,1,9496,0.03273,0.02059,,
2026-08-24T21:42:17.927216+00:00,ibm,ibm_kingston,156,1,4,0.0288,0.02395,,
2026-08-24T21:42:17.927216+00:00,ibm,ibm_fez,156,1,9496,0.03273,0.02059,,
2026-08-24T21:42:17.927216+00:00,ibm,ibm_marrakesh,156,1,11988,0.04559,0.03478,,
2026-08-24T21:42:25.004813+00:00,ibm,ibm_kingston,156,1,2,0.0288,0.02395,,
2026-08-24T21:42:25.004813+00:00,ibm,ibm_fez,156,1,9496,0.03273,0.02059,,
2026-08-24T21:42:25.004813+00:00,ibm,ibm_marrakesh,156,1,11988,0.04559,0.03478,,
2026-08-24T21:42:32.158870+00:00,ibm,ibm_fez,156,1,9496,0.03273,0.02059,,
2026-08-24T21:42:32.158870+00:00,ibm,ibm_marrakesh,156,1,11988,0.04559,0.03478,,
2026-08-24T21:42:32.158870+00:00,ibm,ibm_kingston,156,1,2,0.0288,0.02395,,
2026-08-24T21:42:39.221692+00:00,ibm,ibm_kingston,156,1,3,0.0288,0.02395,,
2026-08-24T21:42:39.221692+00:00,ibm,ibm_fez,156,1,9496,0.03273,0.02059,,
2026-08-24T21:42:39.221692+00:00,ibm,ibm_marrakesh,156,1,11988,0.04559,0.03478,,
2026-08-24T21:42:45.962463+00:00,ibm,ibm_kingston,156,1,2,,,,
2026-08-24T21:42:45.962463+00:00,ibm,ibm_fez,156,1,9496,,,,
2026-08-24T21:42:45.962463+00:00,ibm,ibm_marrakesh,156,1,11988,,,,
2026-08-24T21:54:25.239273+00:00,ibm,ibm_fez,156,1,9443,,,,
2026-08-24T21:54:25.239273+00:00,ibm,ibm_marrakesh,156,1,11985,,,,
2026-08-24T21:54:25.239273+00:00,ibm,ibm_kingston,156,1,4,,,,
2026-08-24T21:54:33.746264+00:00,ibm,ibm_fez,156,1,9443,,,,
2026-08-24T21:54:33.746264+00:00,ibm,ibm_marrakesh,156,1,11985,,,,
2026-08-24T21:54:33.746264+00:00,ibm,ibm_kingston,156,1,4,,,,
2026-08-24T21:54:37.375640+00:00,ibm,ibm_fez,156,1,9443,0.03273,0.02059,,
2026-08-24T21:54:47.261602+00:00,ibm,ibm_kingston,156,1,3,0.0288,0.02395,,
2026-08-24T21:54:47.261602+00:00,ibm,ibm_fez,156,1,9443,0.03273,0.02059,,
2026-08-24T21:54:47.261602+00:00,ibm,ibm_marrakesh,156,1,11985,0.04559,0.03478,,
2026-08-24T21:54:54.276171+00:00,ibm,ibm_kingston,156,1,2,0.0288,0.02395,,
2026-08-24T21:54:54.276171+00:00,ibm,ibm_fez,156,1,9443,0.03273,0.02059,,
2026-08-24T21:54:54.276171+00:00,ibm,ibm_marrakesh,156,1,11985,0.04559,0.03478,,
2026-08-24T21:55:00.709761+00:00,ibm,ibm_fez,156,1,9443,0.03273,0.02059,,
2026-08-24T21:55:00.709761+00:00,ibm,ibm_marrakesh,156,1,11985,0.04559,0.03478,,
2026-08-24T21:55:00.709761+00:00,ibm,ibm_kingston,156,1,3,0.0288,0.02395,,
2026-08-24T21:55:08.100474+00:00,ibm,ibm_kingston,156,1,3,0.0288,0.02395,,
2026-08-24T21:55:08.100474+00:00,ibm,ibm_fez,156,1,9443,0.03273,0.02059,,
2026-08-24T21:55:08.100474+00:00,ibm,ibm_marrakesh,156,1,11985,0.04559,0.03478,,
2026-08-24T21:55:14.575056+00:00,ibm,ibm_kingston,156,1,3,,,,
2026-08-24T21:55:14.575056+00:00,ibm,ibm_fez,156,1,9443,,,,
2026-08-24T21:55:14.575056+00:00,ibm,ibm_marrakesh,156,1,11985,,,,
2026-08-24T22:02:24.883840+00:00,ibm,ibm_fez,156,1,9420,0.03584,0.02059,128.2,85.0
2026-08-24T22:02:24.883840+00:00,ibm,ibm_marrakesh,156,1,11979,0.05718,0.03478,172.9,71.8
2026-08-24T22:02:24.883840+00:00,ibm,ibm_kingston,156,1,2,0.03616,0.02395,258.9,136.6
2026-08-24T22:02:24.883840+00:00,ionq,qpu.harmony,11,0,,,,,
2026-08-24T22:02:24.883840+00:00,ionq,qpu.aria-1,25,0,,0.0168,0.0047,100000000.0,1000000.0
2026-08-24T22:02:24.883840+00:00,ionq,qpu.aria-2,25,0,,0.0301,0.0026,10000000.0,1500000.0
2026-08-24T22:02:24.883840+00:00,ionq,qpu.forte-1,36,0,,0.0098,0.0044,100000000.0,1000000.0
2026-08-24T22:02:24.883840+00:00,ionq,qpu.forte-enterprise-1,36,1,,0.0077,0.0056,188000000.0,950000.0
2026-08-24T22:42:36.755107+00:00,ibm,ibm_fez,156,1,0,,,,
2026-08-24T22:42:36.755107+00:00,ibm,ibm_marrakesh,156,1,2887,,,,
2026-08-24T22:42:36.755107+00:00,ibm,ibm_kingston,156,1,0,,,,
2026-08-25T00:37:43.648581+00:00,ibm,ibm_fez,156,1,1,,,,
2026-08-25T00:37:43.648581+00:00,ibm,ibm_marrakesh,156,1,2869,,,,
2026-08-25T00:37:43.648581+00:00,ibm,ibm_kingston,156,1,16,,,,
2026-08-25T00:49:39.836104+00:00,ibm,ibm_fez,156,1,2,,,,
2026-08-25T00:49:39.836104+00:00,ibm,ibm_marrakesh,156,1,2875,,,,
2026-08-25T00:49:39.836104+00:00,ibm,ibm_kingston,156,1,16,,,,
2026-08-25T04:28:03.824183+00:00,ibm,ibm_fez,156,1,18,0.03584,0.02059,128.2,85.0
2026-08-25T04:28:03.824183+00:00,ibm,ibm_marrakesh,156,1,4182,0.05385,0.03478,172.9,71.8
2026-08-25T04:28:03.824183+00:00,ibm,ibm_kingston,156,1,27,0.03616,0.02395,258.9,136.6
2026-08-25T04:28:03.824183+00:00,ionq,qpu.harmony,11,0,,,,,
2026-08-25T04:28:03.824183+00:00,ionq,qpu.aria-1,25,0,,0.0168,0.0047,100000000.0,1000000.0
2026-08-25T04:28:03.824183+00:00,ionq,qpu.aria-2,25,0,,0.0301,0.0026,10000000.0,1500000.0
2026-08-25T04:28:03.824183+00:00,ionq,qpu.forte-1,36,0,,0.0338,0.0046,100000000.0,1000000.0
2026-08-25T04:28:03.824183+00:00,ionq,qpu.forte-enterprise-1,36,1,,0.0082,0.0059,188000000.0,950000.0
2026-08-25T04:29:57.625495+00:00,ibm,ibm_fez,156,1,19,,,,
2026-08-25T04:29:57.625495+00:00,ibm,ibm_marrakesh,156,1,4182,,,,
2026-08-25T04:29:57.625495+00:00,ibm,ibm_kingston,156,1,29,,,,
2026-08-25T04:35:58.860780+00:00,ibm,ibm_fez,156,1,21,0.03273,0.02059,,
2026-08-25T04:35:58.860780+00:00,ibm,ibm_marrakesh,156,1,4182,0.03892,0.03478,,
2026-08-25T04:35:58.860780+00:00,ibm,ibm_kingston,156,1,30,0.0288,0.02395,,
2026-08-25T04:37:43.252694+00:00,ibm,ibm_fez,156,1,26,,,,
2026-08-25T04:37:43.252694+00:00,ibm,ibm_marrakesh,156,1,4184,,,,
2026-08-25T04:37:43.252694+00:00,ibm,ibm_kingston,156,1,31,,,,
2026-08-25T04:37:50.423361+00:00,ibm,ibm_fez,156,1,26,,,,
2026-08-25T04:37:50.423361+00:00,ibm,ibm_marrakesh,156,1,4184,,,,
2026-08-25T04:37:50.423361+00:00,ibm,ibm_kingston,156,1,31,,,,
2026-08-25T04:37:53.500558+00:00,ibm,ibm_fez,156,1,26,0.03273,0.02059,,
2026-08-25T04:38:02.685198+00:00,ibm,ibm_fez,156,1,26,0.03273,0.02059,,
2026-08-25T04:38:02.685198+00:00,ibm,ibm_marrakesh,156,1,4184,0.03892,0.03478,,
2026-08-25T04:38:02.685198+00:00,ibm,ibm_kingston,156,1,32,0.0288,0.02395,,
2026-08-25T04:38:09.485645+00:00,ibm,ibm_fez,156,1,26,0.03273,0.02059,,
2026-08-25T04:38:09.485645+00:00,ibm,ibm_marrakesh,156,1,4184,0.03892,0.03478,,
2026-08-25T04:38:09.485645+00:00,ibm,ibm_kingston,156,1,33,0.0288,0.02395,,
2026-08-25T04:38:16.428101+00:00,ibm,ibm_fez,156,1,26,0.03273,0.02059,,
2026-08-25T04:38:16.428101+00:00,ibm,ibm_marrakesh,156,1,4184,0.03892,0.03478,,
2026-08-25T04:38:16.428101+00:00,ibm,ibm_kingston,156,1,33,0.0288,0.02395,,
2026-08-25T04:38:23.196389+00:00,ibm,ibm_fez,156,1,26,0.03273,0.02059,,
2026-08-25T04:38:23.196389+00:00,ibm,ibm_marrakesh,156,1,4184,0.03892,0.03478,,
2026-08-25T04:38:23.196389+00:00,ibm,ibm_kingston,156,1,33,0.0288,0.02395,,
2026-08-25T04:38:29.608155+00:00,ibm,ibm_fez,156,1,26,,,,
2026-08-25T04:38:29.608155+00:00,ibm,ibm_kingston,156,1,34,,,,
2026-08-25T04:38:29.608155+00:00,ibm,ibm_marrakesh,156,1,4184,,,,
2026-08-26T23:36:30.880717+00:00,ibm,ibm_fez,156,1,3,0.03583,0.02148,135.4,94.1
2026-08-26T23:36:30.880717+00:00,ibm,ibm_marrakesh,156,1,0,0.05385,0.03296,184.7,73.1
2026-08-26T23:36:30.880717+00:00,ibm,ibm_kingston,156,1,69,0.03588,0.0236,227.9,133.8
2026-08-26T23:36:30.880717+00:00,ionq,qpu.harmony,11,0,,,,,
2026-08-26T23:36:30.880717+00:00,ionq,qpu.aria-1,25,0,,0.0168,0.0047,100000000.0,1000000.0
2026-08-26T23:36:30.880717+00:00,ionq,qpu.aria-2,25,0,,0.0301,0.0026,10000000.0,1500000.0
2026-08-26T23:36:30.880717+00:00,ionq,qpu.forte-1,36,0,,0.0338,0.0046,100000000.0,1000000.0
2026-08-26T23:36:30.880717+00:00,ionq,qpu.forte-enterprise-1,36,1,,0.0135,0.0058,188000000.0,950000.0
2026-08-27T02:43:48.616332+00:00,ibm,ibm_fez,156,1,1,,,,
2026-08-27T02:43:48.616332+00:00,ibm,ibm_marrakesh,156,1,1,,,,
2026-08-27T02:43:48.616332+00:00,ibm,ibm_kingston,156,1,88,,,,
2026-08-27T03:07:38.998375+00:00,ibm,ibm_fez,156,1,2,,,,
2026-08-27T03:07:38.998375+00:00,ibm,ibm_marrakesh,156,1,0,,,,
2026-08-27T03:07:38.998375+00:00,ibm,ibm_kingston,156,1,79,,,,
2026-08-27T03:41:12.554549+00:00,ibm,ibm_fez,156,1,1,,,,
2026-08-27T03:41:12.554549+00:00,ibm,ibm_marrakesh,156,1,0,,,,
2026-08-27T03:41:12.554549+00:00,ibm,ibm_kingston,156,1,71,,,,
2026-08-27T03:51:45.890454+00:00,ibm,ibm_fez,156,1,2,,,,
2026-08-27T03:51:45.890454+00:00,ibm,ibm_marrakesh,156,1,1,,,,
2026-08-27T03:51:45.890454+00:00,ibm,ibm_kingston,156,1,32,,,,
2026-08-27T04:32:32.885669+00:00,ibm,ibm_fez,156,1,1,,,,
2026-08-27T04:32:32.885669+00:00,ibm,ibm_marrakesh,156,1,1,,,,
2026-08-27T04:32:32.885669+00:00,ibm,ibm_kingston,156,1,2,,,,
2026-08-27T05:16:36.238753+00:00,ibm,ibm_fez,156,1,1,,,,
2026-08-27T05:16:36.238753+00:00,ibm,ibm_marrakesh,156,1,12,,,,
2026-08-27T05:16:36.238753+00:00,ibm,ibm_kingston,156,1,1,,,,
2026-08-27T05:24:18.106358+00:00,ibm,ibm_fez,156,1,2,,,,
2026-08-27T05:24:18.106358+00:00,ibm,ibm_marrakesh,156,1,12,,,,
2026-08-27T05:24:18.106358+00:00,ibm,ibm_kingston,156,1,0,,,,
2026-08-27T05:32:30.401674+00:00,ibm,ibm_fez,156,1,1,,,,
2026-08-27T05:32:30.401674+00:00,ibm,ibm_marrakesh,156,1,11,,,,
2026-08-27T05:32:30.401674+00:00,ibm,ibm_kingston,156,1,3,,,,
2026-08-27T05:55:58.279699+00:00,ibm,ibm_fez,156,1,2,0.03583,0.02137,134.4,92.9
2026-08-27T05:55:58.279699+00:00,ibm,ibm_marrakesh,156,1,1,0.05385,0.03931,171.9,66.5
2026-08-27T05:55:58.279699+00:00,ibm,ibm_kingston,156,1,6,0.03588,0.0208,250.1,143.2
2026-08-27T05:55:58.279699+00:00,ionq,qpu.harmony,11,0,,,,,
2026-08-27T05:55:58.279699+00:00,ionq,qpu.aria-1,25,0,,0.0168,0.0047,100000000.0,1000000.0
2026-08-27T05:55:58.279699+00:00,ionq,qpu.aria-2,25,0,,0.0301,0.0026,10000000.0,1500000.0
2026-08-27T05:55:58.279699+00:00,ionq,qpu.forte-1,36,0,,0.0338,0.0046,100000000.0,1000000.0
2026-08-27T05:55:58.279699+00:00,ionq,qpu.forte-enterprise-1,36,1,,0.0082,0.0058,188000000.0,950000.0
2026-08-27T14:16:11.352207+00:00,ibm,ibm_fez,156,1,17,,,,
2026-08-27T14:16:11.352207+00:00,ibm,ibm_marrakesh,156,1,4,,,,
2026-08-27T14:16:11.352207+00:00,ibm,ibm_kingston,156,1,52,,,,
2026-08-27T15:32:39.431057+00:00,ibm,ibm_fez,156,1,29,0.03589,0.02074,134.4,92.9
2026-08-27T15:32:39.431057+00:00,ibm,ibm_marrakesh,156,1,10,0.05375,0.03446,171.9,66.5
2026-08-27T15:32:39.431057+00:00,ibm,ibm_kingston,156,1,69,0.03603,0.0208,250.1,143.2
2026-08-27T15:32:39.431057+00:00,ionq,qpu.harmony,11,0,,,,,
2026-08-27T15:32:39.431057+00:00,ionq,qpu.aria-1,25,0,,0.0168,0.0047,100000000.0,1000000.0
2026-08-27T15:32:39.431057+00:00,ionq,qpu.aria-2,25,0,,0.0301,0.0026,10000000.0,1500000.0
2026-08-27T15:32:39.431057+00:00,ionq,qpu.forte-1,36,0,,0.0338,0.0046,100000000.0,1000000.0
2026-08-27T15:32:39.431057+00:00,ionq,qpu.forte-enterprise-1,36,1,,0.0082,0.0058,188000000.0,950000.0
2026-08-28T00:48:52.789337+00:00,ibm,ibm_fez,156,1,6,0.03589,0.02042,134.4,92.9
2026-08-28T00:48:52.789337+00:00,ibm,ibm_marrakesh,156,1,0,0.05375,0.03524,171.9,66.5
2026-08-28T00:48:52.789337+00:00,ibm,ibm_kingston,156,1,63,0.03603,0.02307,250.1,143.2
2026-08-28T00:48:52.789337+00:00,ionq,qpu.harmony,11,0,,,,,
2026-08-28T00:48:52.789337+00:00,ionq,qpu.aria-1,25,0,,0.0168,0.0047,100000000.0,1000000.0
2026-08-28T00:48:52.789337+00:00,ionq,qpu.aria-2,25,0,,0.0301,0.0026,10000000.0,1500000.0
2026-08-28T00:48:52.789337+00:00,ionq,qpu.forte-1,36,0,,0.0338,0.0046,100000000.0,1000000.0
2026-08-28T00:48:52.789337+00:00,ionq,qpu.forte-enterprise-1,36,1,,0.0082,0.0058,188000000.0,950000.0
2026-08-28T04:31:02.980215+00:00,ibm,ibm_fez,156,1,0,,,,
2026-08-28T04:31:02.980215+00:00,ibm,ibm_marrakesh,156,1,0,,,,
2026-08-28T04:31:02.980215+00:00,ibm,ibm_kingston,156,1,0,,,,
2026-08-28T05:00:03.897212+00:00,ibm,ibm_fez,156,1,3,,,,
2026-08-28T05:00:03.897212+00:00,ibm,ibm_marrakesh,156,1,1,,,,
2026-08-28T05:00:03.897212+00:00,ibm,ibm_kingston,156,1,2,,,,
2026-08-28T18:13:54.154557+00:00,ibm,ibm_fez,156,1,3,0.03601,0.02269,137.2,93.9
2026-08-28T18:13:54.154557+00:00,ibm,ibm_marrakesh,156,1,2,0.05375,0.04455,171.9,66.5
2026-08-28T18:13:54.154557+00:00,ibm,ibm_kingston,156,1,3,0.03603,0.02051,250.7,138.6
2026-08-28T18:13:54.154557+00:00,ionq,qpu.harmony,11,0,,,,,
2026-08-28T18:13:54.154557+00:00,ionq,qpu.aria-1,25,0,,0.0168,0.0047,100000000.0,1000000.0
2026-08-28T18:13:54.154557+00:00,ionq,qpu.aria-2,25,0,,0.0301,0.0026,10000000.0,1500000.0
2026-08-28T18:13:54.154557+00:00,ionq,qpu.forte-1,36,0,,0.0338,0.0046,100000000.0,1000000.0
2026-08-28T18:13:54.154557+00:00,ionq,qpu.forte-enterprise-1,36,1,,0.0118,0.006,188000000.0,950000.0
2026-08-29T04:19:14.688181+00:00,ibm,ibm_fez,156,1,2,0.03601,0.0221,134.0,94.1
2026-08-29T04:19:14.688181+00:00,ibm,ibm_marrakesh,156,1,2,0.05375,0.04455,171.9,66.5
2026-08-29T04:19:14.688181+00:00,ibm,ibm_kingston,156,1,16,0.03603,0.02,254.9,139.7
2026-08-29T04:19:14.688181+00:00,ionq,qpu.harmony,11,0,,,,,
2026-08-29T04:19:14.688181+00:00,ionq,qpu.aria-1,25,0,,0.0168,0.0047,100000000.0,1000000.0
2026-08-29T04:19:14.688181+00:00,ionq,qpu.aria-2,25,0,,0.0301,0.0026,10000000.0,1500000.0
2026-08-29T04:19:14.688181+00:00,ionq,qpu.forte-1,36,0,,0.0338,0.0046,100000000.0,1000000.0
2026-08-29T04:19:14.688181+00:00,ionq,qpu.forte-enterprise-1,36,1,,0.0087,0.0093,188000000.0,950000.0
2026-08-29T21:58:40.225536+00:00,ibm,ibm_fez,156,1,42,,,,
2026-08-29T21:58:40.225536+00:00,ibm,ibm_marrakesh,156,1,2,,,,
2026-08-29T21:58:40.225536+00:00,ibm,ibm_kingston,156,1,1,,,,
2026-08-30T01:54:55.326902+00:00,ibm,ibm_fez,156,1,0,0.03614,0.02092,126.3,88.8
2026-08-30T01:54:55.326902+00:00,ibm,ibm_marrakesh,156,1,1,0.05378,0.03854,153.6,62.2
2026-08-30T01:54:55.326902+00:00,ibm,ibm_kingston,156,1,0,0.03595,0.01929,254.9,139.7
2026-08-30T01:54:55.326902+00:00,ionq,qpu.harmony,11,0,,,,,
2026-08-30T01:54:55.326902+00:00,ionq,qpu.aria-1,25,0,,0.0168,0.0047,100000000.0,1000000.0
2026-08-30T01:54:55.326902+00:00,ionq,qpu.aria-2,25,0,,0.0301,0.0026,10000000.0,1500000.0
2026-08-30T01:54:55.326902+00:00,ionq,qpu.forte-1,36,0,,0.0338,0.0046,100000000.0,1000000.0
2026-08-30T01:54:55.326902+00:00,ionq,qpu.forte-enterprise-1,36,1,,0.0087,0.0093,188000000.0,950000.0
2026-08-30T10:08:09.443431+00:00,ibm,ibm_fez,156,1,1,0.03619,0.02092,126.3,88.8
2026-08-30T10:08:09.443431+00:00,ibm,ibm_marrakesh,156,1,2,0.05378,0.02977,153.6,62.2
2026-08-30T10:08:09.443431+00:00,ibm,ibm_kingston,156,1,1,0.03595,0.01929,246.3,142.0
2026-08-30T10:08:09.443431+00:00,ionq,qpu.harmony,11,0,,,,,
2026-08-30T10:08:09.443431+00:00,ionq,qpu.aria-1,25,0,,0.0168,0.0047,100000000.0,1000000.0
2026-08-30T10:08:09.443431+00:00,ionq,qpu.aria-2,25,0,,0.0301,0.0026,10000000.0,1500000.0
2026-08-30T10:08:09.443431+00:00,ionq,qpu.forte-1,36,0,,0.0338,0.0046,100000000.0,1000000.0
2026-08-30T10:08:09.443431+00:00,ionq,qpu.forte-enterprise-1,36,1,,0.0108,0.0059,188000000.0,950000.0
2026-08-30T23:16:43.761914+00:00,ibm,ibm_fez,156,1,0,0.03619,0.02546,126.3,88.8
2026-08-30T23:16:43.761914+00:00,ibm,ibm_marrakesh,156,1,1,0.05385,0.03588,170.6,67.3
2026-08-30T23:16:43.761914+00:00,ibm,ibm_kingston,156,1,24,0.03606,0.02602,246.3,142.0
2026-08-30T23:16:43.761914+00:00,ionq,qpu.harmony,11,0,,,,,
2026-08-30T23:16:43.761914+00:00,ionq,qpu.aria-1,25,0,,0.0168,0.0047,100000000.0,1000000.0
2026-08-30T23:16:43.761914+00:00,ionq,qpu.aria-2,25,0,,0.0301,0.0026,10000000.0,1500000.0
2026-08-30T23:16:43.761914+00:00,ionq,qpu.forte-1,36,0,,0.0338,0.0046,100000000.0,1000000.0
2026-08-30T23:16:43.761914+00:00,ionq,qpu.forte-enterprise-1,36,1,,0.0108,0.0059,188000000.0,950000.0
2026-08-31T00:15:07.072189+00:00,ibm,ibm_fez,156,1,0,,,,
2026-08-31T00:15:07.072189+00:00,ibm,ibm_marrakesh,156,1,2,,,,
2026-08-31T00:15:07.072189+00:00,ibm,ibm_kingston,156,1,26,,,,
2026-08-31T02:29:56.558193+00:00,ibm,ibm_fez,156,1,8,0.03343,0.02081,121.4,91.5
2026-08-31T02:29:56.558193+00:00,ibm,ibm_marrakesh,156,1,3,0.03893,0.03588,178.3,94.7
2026-08-31T02:29:56.558193+00:00,ibm,ibm_kingston,156,1,3,0.02861,0.02602,245.6,167.4
2026-08-31T02:30:22.815419+00:00,ionq,qpu.harmony,11,0,,,,,
2026-08-31T02:30:22.815419+00:00,ionq,qpu.aria-1,25,0,,0.0168,0.0047,100000000.0,1000000.0
2026-08-31T02:30:22.815419+00:00,ionq,qpu.aria-2,25,0,,0.0301,0.0026,10000000.0,1500000.0
2026-08-31T02:30:22.815419+00:00,ionq,qpu.forte-1,36,0,,0.0338,0.0046,100000000.0,1000000.0
2026-08-31T02:30:22.815419+00:00,ionq,qpu.forte-enterprise-1,36,1,,0.0108,0.0059,188000000.0,950000.0
2026-08-31T02:30:22.815419+00:00,ionq,simulator,29,1,,,,,
2026-08-31T03:00:23.125301+00:00,ibm,ibm_fez,156,1,2,0.03343,0.02081,121.4,91.5
2026-08-31T03:00:23.125301+00:00,ibm,ibm_marrakesh,156,1,4,0.03893,0.03588,178.3,94.7
2026-08-31T03:00:23.125301+00:00,ibm,ibm_kingston,156,1,6,0.02861,0.02602,245.6,167.4
2026-08-31T03:00:51.410102+00:00,ionq,qpu.harmony,11,0,,,,,
2026-08-31T03:00:51.410102+00:00,ionq,qpu.aria-1,25,0,,0.0168,0.0047,100000000.0,1000000.0
2026-08-31T03:00:51.410102+00:00,ionq,qpu.aria-2,25,0,,0.0301,0.0026,10000000.0,1500000.0
2026-08-31T03:00:51.410102+00:00,ionq,qpu.forte-1,36,0,,0.0338,0.0046,100000000.0,1000000.0
2026-08-31T03:00:51.410102+00:00,ionq,qpu.forte-enterprise-1,36,1,,0.0108,0.0059,188000000.0,950000.0
2026-08-31T03:00:51.410102+00:00,ionq,simulator,29,1,,,,,
2026-08-31T07:59:32.748875+00:00,ibm,ibm_fez,156,1,1,0.03343,0.02063,121.4,91.5
2026-08-31T07:59:32.748875+00:00,ibm,ibm_marrakesh,156,1,0,0.03893,0.04851,178.3,94.7
2026-08-31T07:59:32.748875+00:00,ibm,ibm_kingston,156,1,38,0.02861,0.02283,262.5,180.6
2026-08-31T07:59:49.263153+00:00,ionq,qpu.harmony,11,0,,,,,
2026-08-31T07:59:49.263153+00:00,ionq,qpu.aria-1,25,0,,0.0168,0.0047,100000000.0,1000000.0
2026-08-31T07:59:49.263153+00:00,ionq,qpu.aria-2,25,0,,0.0301,0.0026,10000000.0,1500000.0
2026-08-31T07:59:49.263153+00:00,ionq,qpu.forte-1,36,0,,0.0338,0.0046,100000000.0,1000000.0
2026-08-31T07:59:49.263153+00:00,ionq,qpu.forte-enterprise-1,36,1,,0.0108,0.0059,188000000.0,950000.0
2026-08-31T07:59:49.263153+00:00,ionq,simulator,29,1,,,,,
2026-08-31T16:02:28.794832+00:00,ibm,ibm_fez,156,1,3,0.03329,0.02063,121.4,91.5
2026-08-31T16:02:28.794832+00:00,ibm,ibm_marrakesh,156,1,2,0.03893,0.02964,160.9,89.8
2026-08-31T16:02:28.794832+00:00,ibm,ibm_kingston,156,1,2,0.02861,0.02328,262.5,180.6
2026-08-31T16:02:48.481625+00:00,ionq,qpu.harmony,11,0,,,,,
2026-08-31T16:02:48.481625+00:00,ionq,qpu.aria-1,25,0,,0.0168,0.0047,100000000.0,1000000.0
2026-08-31T16:02:48.481625+00:00,ionq,qpu.aria-2,25,0,,0.0301,0.0026,10000000.0,1500000.0
2026-08-31T16:02:48.481625+00:00,ionq,qpu.forte-1,36,0,,0.0338,0.0046,100000000.0,1000000.0
2026-08-31T16:02:48.481625+00:00,ionq,qpu.forte-enterprise-1,36,1,,0.0108,0.0059,188000000.0,950000.0
2026-08-31T16:02:48.481625+00:00,ionq,simulator,29,1,,,,,
2026-08-31T22:17:42.181586+00:00,ibm,ibm_fez,156,1,0,0.03329,0.01936,121.4,91.5
2026-08-31T22:17:42.181586+00:00,ibm,ibm_marrakesh,156,1,0,0.03893,0.03013,174.3,94.8
2026-08-31T22:17:42.181586+00:00,ibm,ibm_kingston,156,1,1,0.02826,0.01941,262.5,180.6
2026-08-31T22:17:58.831825+00:00,ionq,qpu.harmony,11,0,,,,,
2026-08-31T22:17:58.831825+00:00,ionq,qpu.aria-1,25,0,,0.0168,0.0047,100000000.0,1000000.0
2026-08-31T22:17:58.831825+00:00,ionq,qpu.aria-2,25,0,,0.0301,0.0026,10000000.0,1500000.0
2026-08-31T22:17:58.831825+00:00,ionq,qpu.forte-1,36,0,,0.0338,0.0046,100000000.0,1000000.0
2026-08-31T22:17:58.831825+00:00,ionq,qpu.forte-enterprise-1,36,1,,0.0108,0.0059,188000000.0,950000.0
2026-08-31T22:17:58.831825+00:00,ionq,simulator,29,1,,,,,
2026-09-01T03:07:24.040697+00:00,ibm,ibm_fez,156,1,0,0.03329,0.0192,143.6,100.5
2026-09-01T03:07:24.040697+00:00,ibm,ibm_marrakesh,156,1,1,0.03424,0.03137,174.3,94.8
2026-09-01T03:07:24.040697+00:00,ibm,ibm_kingston,156,1,0,0.02826,0.01853,262.5,180.6
2026-09-01T03:07:37.483035+00:00,ionq,qpu.harmony,11,0,,,,,
2026-09-01T03:07:37.483035+00:00,ionq,qpu.aria-1,25,0,,0.0168,0.0047,100000000.0,1000000.0
2026-09-01T03:07:37.483035+00:00,ionq,qpu.aria-2,25,0,,0.0301,0.0026,10000000.0,1500000.0
2026-09-01T03:07:37.483035+00:00,ionq,qpu.forte-1,36,0,,0.0338,0.0046,100000000.0,1000000.0
2026-09-01T03:07:37.483035+00:00,ionq,qpu.forte-enterprise-1,36,1,,0.0108,0.0059,188000000.0,950000.0
2026-09-01T03:07:37.483035+00:00,ionq,simulator,29,1,,,,,
2026-09-01T09:05:19.684994+00:00,ibm,ibm_fez,156,1,18,0.03329,0.02329,143.6,100.5
2026-09-01T09:05:19.684994+00:00,ibm,ibm_marrakesh,156,1,19,0.03424,0.03137,174.3,94.8
2026-09-01T09:05:19.684994+00:00,ibm,ibm_kingston,156,1,40,0.02826,0.01916,229.1,161.3
2026-09-01T09:05:34.524160+00:00,ionq,qpu.harmony,11,0,,,,,
2026-09-01T09:05:34.524160+00:00,ionq,qpu.aria-1,25,0,,0.0168,0.0047,100000000.0,1000000.0
2026-09-01T09:05:34.524160+00:00,ionq,qpu.aria-2,25,0,,0.0301,0.0026,10000000.0,1500000.0
2026-09-01T09:05:34.524160+00:00,ionq,qpu.forte-1,36,0,,0.0338,0.0046,100000000.0,1000000.0
2026-09-01T09:05:34.524160+00:00,ionq,qpu.forte-enterprise-1,36,1,,0.0101,0.0059,188000000.0,950000.0
2026-09-01T09:05:34.524160+00:00,ionq,simulator,29,1,,,,,
2026-09-01T14:27:57.098617+00:00,ibm,ibm_fez,156,1,0,0.03329,0.01869,143.6,100.5
2026-09-01T14:27:57.098617+00:00,ibm,ibm_marrakesh,156,1,0,0.03424,0.04087,174.3,94.8
2026-09-01T14:27:57.098617+00:00,ibm,ibm_kingston,156,1,0,0.02826,0.02116,229.1,161.3
2026-09-01T14:29:42.982825+00:00,ionq,qpu.harmony,11,0,,,,,
2026-09-01T14:29:42.982825+00:00,ionq,qpu.aria-1,25,0,,0.0168,0.0047,100000000.0,1000000.0
2026-09-01T14:29:42.982825+00:00,ionq,qpu.aria-2,25,0,,0.0301,0.0026,10000000.0,1500000.0
2026-09-01T14:29:42.982825+00:00,ionq,qpu.forte-1,36,0,,0.0338,0.0046,100000000.0,1000000.0
2026-09-01T14:29:42.982825+00:00,ionq,qpu.forte-enterprise-1,36,1,,0.0101,0.0059,188000000.0,950000.0
2026-09-01T14:29:42.982825+00:00,ionq,simulator,29,1,,,,,
2026-09-01T19:09:04.179626+00:00,ibm,ibm_fez,156,1,118,0.03329,0.01869,143.6,100.5
2026-09-01T19:09:04.179626+00:00,ibm,ibm_marrakesh,156,1,36,0.03424,0.03201,174.3,94.8
2026-09-01T19:09:04.179626+00:00,ibm,ibm_kingston,156,1,90,0.02826,0.02378,229.1,161.3
2026-09-01T19:09:19.001716+00:00,ionq,qpu.harmony,11,0,,,,,
2026-09-01T19:09:19.001716+00:00,ionq,qpu.aria-1,25,0,,0.0168,0.0047,100000000.0,1000000.0
2026-09-01T19:09:19.001716+00:00,ionq,qpu.aria-2,25,0,,0.0301,0.0026,10000000.0,1500000.0
2026-09-01T19:09:19.001716+00:00,ionq,qpu.forte-1,36,0,,0.0338,0.0046,100000000.0,1000000.0
2026-09-01T19:09:19.001716+00:00,ionq,qpu.forte-enterprise-1,36,1,,0.0101,0.0059,188000000.0,950000.0
2026-09-01T19:09:19.001716+00:00,ionq,simulator,29,1,,,,,
2026-09-01T22:18:51.687590+00:00,ibm,ibm_fez,156,1,126,0.03329,0.01869,143.6,100.5
2026-09-01T22:18:51.687590+00:00,ibm,ibm_marrakesh,156,1,3,0.03424,0.03405,174.3,94.8
2026-09-01T22:18:51.687590+00:00,ibm,ibm_kingston,156,1,60,0.02812,0.02021,229.1,161.3
2026-09-01T22:19:08.114428+00:00,ionq,qpu.harmony,11,0,,,,,
2026-09-01T22:19:08.114428+00:00,ionq,qpu.aria-1,25,0,,0.0168,0.0047,100000000.0,1000000.0
2026-09-01T22:19:08.114428+00:00,ionq,qpu.aria-2,25,0,,0.0301,0.0026,10000000.0,1500000.0
2026-09-01T22:19:08.114428+00:00,ionq,qpu.forte-1,36,0,,0.0338,0.0046,100000000.0,1000000.0
2026-09-01T22:19:08.114428+00:00,ionq,qpu.forte-enterprise-1,36,1,,0.0101,0.0059,188000000.0,950000.0
2026-09-01T22:19:08.114428+00:00,ionq,simulator,29,1,,,,,
2026-09-02T02:26:43.997134+00:00,ibm,ibm_fez,156,1,1,0.03329,0.01869,143.6,100.5
2026-09-02T02:26:43.997134+00:00,ibm,ibm_marrakesh,156,1,10,0.03424,0.03405,174.3,94.8
2026-09-02T02:26:43.997134+00:00,ibm,ibm_kingston,156,1,12,0.02812,0.02021,229.1,161.3
2026-09-02T02:27:02.716541+00:00,ionq,qpu.harmony,11,0,,,,,
2026-09-02T02:27:02.716541+00:00,ionq,qpu.aria-1,25,0,,0.0168,0.0047,100000000.0,1000000.0
2026-09-02T02:27:02.716541+00:00,ionq,qpu.aria-2,25,0,,0.0301,0.0026,10000000.0,1500000.0
2026-09-02T02:27:02.716541+00:00,ionq,qpu.forte-1,36,0,,0.0338,0.0046,100000000.0,1000000.0
2026-09-02T02:27:02.716541+00:00,ionq,qpu.forte-enterprise-1,36,1,,0.0101,0.0059,188000000.0,950000.0
2026-09-02T02:27:02.716541+00:00,ionq,simulator,29,1,,,,,
