device_name,qubit1,qubit2,gate_name,property_name,value,unit,vendor_measured_at,polled_at
ibm_fez,72,73,cz,gate_error,1.0,,2026-08-30 19:39:54.055305-04:00,2026-08-31T00:06:47.272370+00:00
ibm_fez,72,73,cz,gate_length,68.0,ns,2026-08-30 19:39:54.055305-04:00,2026-08-31T00:06:47.272370+00:00
ibm_fez,73,72,cz,gate_error,1.0,,2026-08-30 19:39:54.055312-04:00,2026-08-31T00:06:47.272370+00:00
ibm_fez,73,72,cz,gate_length,68.0,ns,2026-08-30 19:39:54.055312-04:00,2026-08-31T00:06:47.272370+00:00
ibm_fez,7,17,cz,gate_error,0.002779169083457239,,2026-08-30 05:08:33-04:00,2026-08-31T00:06:47.272370+00:00
ibm_fez,7,17,cz,gate_length,68.0,ns,2026-08-30 05:08:33-04:00,2026-08-31T00:06:47.272370+00:00
ibm_fez,17,7,cz,gate_error,0.002779169083457239,,2026-08-30 05:08:33-04:00,2026-08-31T00:06:47.272370+00:00
ibm_fez,17,7,cz,gate_length,68.0,ns,2026-08-30 05:08:33-04:00,2026-08-31T00:06:47.272370+00:00
ibm_fez,67,68,cz,gate_error,0.0026771841109932693,,2026-08-30 05:08:34-04:00,2026-08-31T00:06:47.272370+00:00
ibm_fez,67,68,cz,gate_length,68.0,ns,2026-08-30 05:08:34-04:00,2026-08-31T00:06:47.272370+00:00
ibm_fez,68,67,cz,gate_error,0.0026771841109932693,,2026-08-30 05:08:34-04:00,2026-08-31T00:06:47.272370+00:00
ibm_fez,68,67,cz,gate_length,68.0,ns,2026-08-30 05:08:34-04:00,2026-08-31T00:06:47.272370+00:00
ibm_fez,44,45,cz,gate_error,0.002177869825652795,,2026-08-30 05:08:33-04:00,2026-08-31T00:06:47.272370+00:00
ibm_fez,44,45,cz,gate_length,68.0,ns,2026-08-30 05:08:33-04:00,2026-08-31T00:06:47.272370+00:00
ibm_fez,45,44,cz,gate_error,0.002177869825652795,,2026-08-30 05:08:33-04:00,2026-08-31T00:06:47.272370+00:00
ibm_fez,45,44,cz,gate_length,68.0,ns,2026-08-30 05:08:33-04:00,2026-08-31T00:06:47.272370+00:00
ibm_fez,8,9,cz,gate_error,0.0019655205670525977,,2026-08-30 05:08:30-04:00,2026-08-31T00:06:47.272370+00:00
ibm_fez,8,9,cz,gate_length,68.0,ns,2026-08-30 05:08:30-04:00,2026-08-31T00:06:47.272370+00:00
ibm_fez,9,8,cz,gate_error,0.0019655205670525977,,2026-08-30 05:08:30-04:00,2026-08-31T00:06:47.272370+00:00
ibm_fez,9,8,cz,gate_length,68.0,ns,2026-08-30 05:08:30-04:00,2026-08-31T00:06:47.272370+00:00
ibm_fez,40,41,cz,gate_error,0.006878057399800908,,2026-08-30 05:08:33-04:00,2026-08-31T00:06:47.272370+00:00
ibm_fez,40,41,cz,gate_length,68.0,ns,2026-08-30 05:08:33-04:00,2026-08-31T00:06:47.272370+00:00
ibm_fez,41,40,cz,gate_error,0.006878057399800908,,2026-08-30 05:08:33-04:00,2026-08-31T00:06:47.272370+00:00
ibm_fez,41,40,cz,gate_length,68.0,ns,2026-08-30 05:08:33-04:00,2026-08-31T00:06:47.272370+00:00
ibm_fez,100,101,cz,gate_error,0.0033427822705569266,,2026-08-30 05:08:30-04:00,2026-08-31T00:06:47.272370+00:00
ibm_fez,100,101,cz,gate_length,68.0,ns,2026-08-30 05:08:30-04:00,2026-08-31T00:06:47.272370+00:00
ibm_fez,101,100,cz,gate_error,0.0033427822705569266,,2026-08-30 05:08:30-04:00,2026-08-31T00:06:47.272370+00:00
ibm_fez,101,100,cz,gate_length,68.0,ns,2026-08-30 05:08:30-04:00,2026-08-31T00:06:47.272370+00:00
ibm_fez,91,98,cz,gate_error,0.0018561565731394225,,2026-08-30 05:08:31-04:00,2026-08-31T00:06:47.272370+00:00
ibm_fez,91,98,cz,gate_length,68.0,ns,2026-08-30 05:08:31-04:00,2026-08-31T00:06:47.272370+00:00
ibm_fez,98,91,cz,gate_error,0.0018561565731394225,,2026-08-30 05:08:31-04:00,2026-08-31T00:06:47.272370+00:00
ibm_fez,98,91,cz,gate_length,68.0,ns,2026-08-30 05:08:31-04:00,2026-08-31T00:06:47.272370+00:00
ibm_fez,132,133,cz,gate_error,0.0028777165282572736,,2026-08-30 05:08:33-04:00,2026-08-31T00:06:47.272370+00:00
ibm_fez,132,133,cz,gate_length,68.0,ns,2026-08-30 05:08:33-04:00,2026-08-31T00:06:47.272370+00:00
ibm_fez,133,132,cz,gate_error,0.0028777165282572736,,2026-08-30 05:08:33-04:00,2026-08-31T00:06:47.272370+00:00
ibm_fez,133,132,cz,gate_length,68.0,ns,2026-08-30 05:08:33-04:00,2026-08-31T00:06:47.272370+00:00
ibm_fez,41,42,cz,gate_error,0.0029754646429671905,,2026-08-30 05:08:34-04:00,2026-08-31T00:06:47.272370+00:00
ibm_fez,41,42,cz,gate_length,68.0,ns,2026-08-30 05:08:34-04:00,2026-08-31T00:06:47.272370+00:00
ibm_fez,42,41,cz,gate_error,0.0029754646429671905,,2026-08-30 05:08:34-04:00,2026-08-31T00:06:47.272370+00:00
ibm_fez,42,41,cz,gate_length,68.0,ns,2026-08-30 05:08:34-04:00,2026-08-31T00:06:47.272370+00:00
ibm_fez,55,59,cz,gate_error,0.0020329822639999773,,2026-08-30 05:08:31-04:00,2026-08-31T00:06:47.272370+00:00
ibm_fez,55,59,cz,gate_length,68.0,ns,2026-08-30 05:08:31-04:00,2026-08-31T00:06:47.272370+00:00
ibm_fez,59,55,cz,gate_error,0.0020329822639999773,,2026-08-30 05:08:31-04:00,2026-08-31T00:06:47.272370+00:00
ibm_fez,59,55,cz,gate_length,68.0,ns,2026-08-30 05:08:31-04:00,2026-08-31T00:06:47.272370+00:00
ibm_fez,73,74,cz,gate_error,0.0021499797897703565,,2026-08-30 05:08:32-04:00,2026-08-31T00:06:47.272370+00:00
ibm_fez,73,74,cz,gate_length,68.0,ns,2026-08-30 05:08:32-04:00,2026-08-31T00:06:47.272370+00:00
ibm_fez,74,73,cz,gate_error,0.0021499797897703565,,2026-08-30 05:08:32-04:00,2026-08-31T00:06:47.272370+00:00
ibm_fez,74,73,cz,gate_length,68.0,ns,2026-08-30 05:08:32-04:00,2026-08-31T00:06:47.272370+00:00
ibm_fez,133,134,cz,gate_error,0.0025736254804021585,,2026-08-30 05:08:34-04:00,2026-08-31T00:06:47.272370+00:00
ibm_fez,133,134,cz,gate_length,68.0,ns,2026-08-30 05:08:34-04:00,2026-08-31T00:06:47.272370+00:00
ibm_fez,134,133,cz,gate_error,0.0025736254804021585,,2026-08-30 05:08:34-04:00,2026-08-31T00:06:47.272370+00:00
ibm_fez,134,133,cz,gate_length,68.0,ns,2026-08-30 05:08:34-04:00,2026-08-31T00:06:47.272370+00:00
ibm_fez,59,75,cz,gate_error,0.0028229213093292627,,2026-08-30 05:08:33-04:00,2026-08-31T00:06:47.272370+00:00
ibm_fez,59,75,cz,gate_length,68.0,ns,2026-08-30 05:08:33-04:00,2026-08-31T00:06:47.272370+00:00
ibm_fez,75,59,cz,gate_error,0.0028229213093292627,,2026-08-30 05:08:33-04:00,2026-08-31T00:06:47.272370+00:00
ibm_fez,75,59,cz,gate_length,68.0,ns,2026-08-30 05:08:33-04:00,2026-08-31T00:06:47.272370+00:00
ibm_fez,14,15,cz,gate_error,0.0016413052734914613,,2026-08-30 05:08:32-04:00,2026-08-31T00:06:47.272370+00:00
ibm_fez,14,15,cz,gate_length,68.0,ns,2026-08-30 05:08:32-04:00,2026-08-31T00:06:47.272370+00:00
ibm_fez,15,14,cz,gate_error,0.0016413052734914613,,2026-08-30 05:08:32-04:00,2026-08-31T00:06:47.272370+00:00
ibm_fez,15,14,cz,gate_length,68.0,ns,2026-08-30 05:08:32-04:00,2026-08-31T00:06:47.272370+00:00
ibm_fez,9,10,cz,gate_error,0.0015164241496344044,,2026-08-30 05:08:31-04:00,2026-08-31T00:06:47.272370+00:00
ibm_fez,9,10,cz,gate_length,68.0,ns,2026-08-30 05:08:31-04:00,2026-08-31T00:06:47.272370+00:00
ibm_fez,10,9,cz,gate_error,0.0015164241496344044,,2026-08-30 05:08:31-04:00,2026-08-31T00:06:47.272370+00:00
ibm_fez,10,9,cz,gate_length,68.0,ns,2026-08-30 05:08:31-04:00,2026-08-31T00:06:47.272370+00:00
ibm_fez,74,75,cz,gate_error,0.0026071382365195073,,2026-08-30 05:08:32-04:00,2026-08-31T00:06:47.272370+00:00
ibm_fez,74,75,cz,gate_length,68.0,ns,2026-08-30 05:08:32-04:00,2026-08-31T00:06:47.272370+00:00
ibm_fez,75,74,cz,gate_error,0.0026071382365195073,,2026-08-30 05:08:32-04:00,2026-08-31T00:06:47.272370+00:00
ibm_fez,75,74,cz,gate_length,68.0,ns,2026-08-30 05:08:32-04:00,2026-08-31T00:06:47.272370+00:00
ibm_fez,39,53,cz,gate_error,0.008799283355482301,,2026-08-30 05:08:32-04:00,2026-08-31T00:06:47.272370+00:00
ibm_fez,39,53,cz,gate_length,68.0,ns,2026-08-30 05:08:32-04:00,2026-08-31T00:06:47.272370+00:00
ibm_fez,53,39,cz,gate_error,0.008799283355482301,,2026-08-30 05:08:32-04:00,2026-08-31T00:06:47.272370+00:00
ibm_fez,53,39,cz,gate_length,68.0,ns,2026-08-30 05:08:32-04:00,2026-08-31T00:06:47.272370+00:00
ibm_fez,129,130,cz,gate_error,0.003223341789499151,,2026-08-30 05:08:33-04:00,2026-08-31T00:06:47.272370+00:00
ibm_fez,129,130,cz,gate_length,68.0,ns,2026-08-30 05:08:33-04:00,2026-08-31T00:06:47.272370+00:00
ibm_fez,130,129,cz,gate_error,0.003223341789499151,,2026-08-30 05:08:33-04:00,2026-08-31T00:06:47.272370+00:00
ibm_fez,130,129,cz,gate_length,68.0,ns,2026-08-30 05:08:33-04:00,2026-08-31T00:06:47.272370+00:00
ibm_fez,106,107,cz,gate_error,0.002900258884403095,,2026-08-30 05:08:34-04:00,2026-08-31T00:06:47.272370+00:00
ibm_fez,106,107,cz,gate_length,68.0,ns,2026-08-30 05:08:34-04:00,2026-08-31T00:06:47.272370+00:00
ibm_fez,107,106,cz,gate_error,0.002900258884403095,,2026-08-30 05:08:34-04:00,2026-08-31T00:06:47.272370+00:00
ibm_fez,107,106,cz,gate_length,68.0,ns,2026-08-30 05:08:34-04:00,2026-08-31T00:06:47.272370+00:00
ibm_fez,83,96,cz,gate_error,0.002450740867322554,,2026-08-30 05:08:34-04:00,2026-08-31T00:06:47.272370+00:00
ibm_fez,83,96,cz,gate_length,68.0,ns,2026-08-30 05:08:34-04:00,2026-08-31T00:06:47.272370+00:00
ibm_fez,96,83,cz,gate_error,0.002450740867322554,,2026-08-30 05:08:34-04:00,2026-08-31T00:06:47.272370+00:00
ibm_fez,96,83,cz,gate_length,68.0,ns,2026-08-30 05:08:34-04:00,2026-08-31T00:06:47.272370+00:00
ibm_fez,111,112,cz,gate_error,0.00293844328439119,,2026-08-30 05:08:34-04:00,2026-08-31T00:06:47.272370+00:00
ibm_fez,111,112,cz,gate_length,68.0,ns,2026-08-30 05:08:34-04:00,2026-08-31T00:06:47.272370+00:00
ibm_fez,112,111,cz,gate_error,0.00293844328439119,,2026-08-30 05:08:34-04:00,2026-08-31T00:06:47.272370+00:00
ibm_fez,112,111,cz,gate_length,68.0,ns,2026-08-30 05:08:34-04:00,2026-08-31T00:06:47.272370+00:00
ibm_fez,138,151,cz,gate_error,0.001995793445157823,,2026-08-30 05:08:34-04:00,2026-08-31T00:06:47.272370+00:00
ibm_fez,138,151,cz,gate_length,68.0,ns,2026-08-30 05:08:34-04:00,2026-08-31T00:06:47.272370+00:00
ibm_fez,151,138,cz,gate_error,0.001995793445157823,,2026-08-30 05:08:34-04:00,2026-08-31T00:06:47.272370+00:00
ibm_fez,151,138,cz,gate_length,68.0,ns,2026-08-30 05:08:34-04:00,2026-08-31T00:06:47.272370+00:00
ibm_fez,47,48,cz,gate_error,0.0020904958304459875,,2026-08-30 05:08:31-04:00,2026-08-31T00:06:47.272370+00:00
ibm_fez,47,48,cz,gate_length,68.0,ns,2026-08-30 05:08:31-04:00,2026-08-31T00:06:47.272370+00:00
ibm_fez,48,47,cz,gate_error,0.0020904958304459875,,2026-08-30 05:08:31-04:00,2026-08-31T00:06:47.272370+00:00
ibm_fez,48,47,cz,gate_length,68.0,ns,2026-08-30 05:08:31-04:00,2026-08-31T00:06:47.272370+00:00
ibm_fez,42,43,cz,gate_error,0.0032749987239502065,,2026-08-30 05:08:30-04:00,2026-08-31T00:06:47.272370+00:00
ibm_fez,42,43,cz,gate_length,68.0,ns,2026-08-30 05:08:30-04:00,2026-08-31T00:06:47.272370+00:00
ibm_fez,43,42,cz,gate_error,0.0032749987239502065,,2026-08-30 05:08:30-04:00,2026-08-31T00:06:47.272370+00:00
ibm_fez,43,42,cz,gate_length,68.0,ns,2026-08-30 05:08:30-04:00,2026-08-31T00:06:47.272370+00:00
ibm_fez,47,57,cz,gate_error,0.010218773605845027,,2026-08-30 05:08:32-04:00,2026-08-31T00:06:47.272370+00:00
ibm_fez,47,57,cz,gate_length,68.0,ns,2026-08-30 05:08:32-04:00,2026-08-31T00:06:47.272370+00:00
ibm_fez,57,47,cz,gate_error,0.010218773605845027,,2026-08-30 05:08:32-04:00,2026-08-31T00:06:47.272370+00:00
ibm_fez,57,47,cz,gate_length,68.0,ns,2026-08-30 05:08:32-04:00,2026-08-31T00:06:47.272370+00:00
ibm_fez,107,108,cz,gate_error,0.003228469586276178,,2026-08-30 05:08:33-04:00,2026-08-31T00:06:47.272370+00:00
ibm_fez,107,108,cz,gate_length,68.0,ns,2026-08-30 05:08:33-04:00,2026-08-31T00:06:47.272370+00:00
ibm_fez,108,107,cz,gate_error,0.003228469586276178,,2026-08-30 05:08:33-04:00,2026-08-31T00:06:47.272370+00:00
ibm_fez,108,107,cz,gate_length,68.0,ns,2026-08-30 05:08:33-04:00,2026-08-31T00:06:47.272370+00:00
ibm_fez,134,135,cz,gate_error,0.0024289354959023124,,2026-08-30 05:08:31-04:00,2026-08-31T00:06:47.272370+00:00
ibm_fez,134,135,cz,gate_length,68.0,ns,2026-08-30 05:08:31-04:00,2026-08-31T00:06:47.272370+00:00
ibm_fez,135,134,cz,gate_error,0.0024289354959023124,,2026-08-30 05:08:31-04:00,2026-08-31T00:06:47.272370+00:00
ibm_fez,135,134,cz,gate_length,68.0,ns,2026-08-30 05:08:31-04:00,2026-08-31T00:06:47.272370+00:00
ibm_fez,144,145,cz,gate_error,0.002121666139308337,,2026-08-30 05:08:31-04:00,2026-08-31T00:06:47.272370+00:00
ibm_fez,144,145,cz,gate_length,68.0,ns,2026-08-30 05:08:31-04:00,2026-08-31T00:06:47.272370+00:00
ibm_fez,145,144,cz,gate_error,0.002121666139308337,,2026-08-30 05:08:31-04:00,2026-08-31T00:06:47.272370+00:00
ibm_fez,145,144,cz,gate_length,68.0,ns,2026-08-30 05:08:31-04:00,2026-08-31T00:06:47.272370+00:00
ibm_fez,48,49,cz,gate_error,0.03844270620177653,,2026-08-30 05:08:33-04:00,2026-08-31T00:06:47.272370+00:00
ibm_fez,48,49,cz,gate_length,68.0,ns,2026-08-30 05:08:33-04:00,2026-08-31T00:06:47.272370+00:00
ibm_fez,49,48,cz,gate_error,0.03844270620177653,,2026-08-30 05:08:33-04:00,2026-08-31T00:06:47.272370+00:00
ibm_fez,49,48,cz,gate_length,68.0,ns,2026-08-30 05:08:33-04:00,2026-08-31T00:06:47.272370+00:00
ibm_fez,77,85,cz,gate_error,0.002917504738142257,,2026-08-30 05:08:32-04:00,2026-08-31T00:06:47.272370+00:00
ibm_fez,77,85,cz,gate_length,68.0,ns,2026-08-30 05:08:32-04:00,2026-08-31T00:06:47.272370+00:00
ibm_fez,85,77,cz,gate_error,0.002917504738142257,,2026-08-30 05:08:32-04:00,2026-08-31T00:06:47.272370+00:00
ibm_fez,85,77,cz,gate_length,68.0,ns,2026-08-30 05:08:32-04:00,2026-08-31T00:06:47.272370+00:00
ibm_fez,103,104,cz,gate_error,0.0054547248604774334,,2026-08-30 05:08:33-04:00,2026-08-31T00:06:47.272370+00:00
ibm_fez,103,104,cz,gate_length,68.0,ns,2026-08-30 05:08:33-04:00,2026-08-31T00:06:47.272370+00:00
ibm_fez,104,103,cz,gate_error,0.0054547248604774334,,2026-08-30 05:08:33-04:00,2026-08-31T00:06:47.272370+00:00
ibm_fez,104,103,cz,gate_length,68.0,ns,2026-08-30 05:08:33-04:00,2026-08-31T00:06:47.272370+00:00
ibm_fez,80,81,cz,gate_error,0.0021161884871545578,,2026-08-30 05:08:33-04:00,2026-08-31T00:06:47.272370+00:00
ibm_fez,80,81,cz,gate_length,68.0,ns,2026-08-30 05:08:33-04:00,2026-08-31T00:06:47.272370+00:00
ibm_fez,81,80,cz,gate_error,0.0021161884871545578,,2026-08-30 05:08:33-04:00,2026-08-31T00:06:47.272370+00:00
ibm_fez,81,80,cz,gate_length,68.0,ns,2026-08-30 05:08:33-04:00,2026-08-31T00:06:47.272370+00:00
ibm_fez,85,86,cz,gate_error,0.0047441247766002725,,2026-08-30 05:08:34-04:00,2026-08-31T00:06:47.272370+00:00
ibm_fez,85,86,cz,gate_length,68.0,ns,2026-08-30 05:08:34-04:00,2026-08-31T00:06:47.272370+00:00
ibm_fez,86,85,cz,gate_error,0.0047441247766002725,,2026-08-30 05:08:34-04:00,2026-08-31T00:06:47.272370+00:00
ibm_fez,86,85,cz,gate_length,68.0,ns,2026-08-30 05:08:34-04:00,2026-08-31T00:06:47.272370+00:00
ibm_fez,131,138,cz,gate_error,0.0032910685145950413,,2026-08-30 05:08:31-04:00,2026-08-31T00:06:47.272370+00:00
ibm_fez,131,138,cz,gate_length,68.0,ns,2026-08-30 05:08:31-04:00,2026-08-31T00:06:47.272370+00:00
ibm_fez,138,131,cz,gate_error,0.0032910685145950413,,2026-08-30 05:08:31-04:00,2026-08-31T00:06:47.272370+00:00
ibm_fez,138,131,cz,gate_length,68.0,ns,2026-08-30 05:08:31-04:00,2026-08-31T00:06:47.272370+00:00
ibm_fez,140,141,cz,gate_error,0.00197198902133347,,2026-08-30 05:08:31-04:00,2026-08-31T00:06:47.272370+00:00
ibm_fez,140,141,cz,gate_length,68.0,ns,2026-08-30 05:08:31-04:00,2026-08-31T00:06:47.272370+00:00
ibm_fez,141,140,cz,gate_error,0.00197198902133347,,2026-08-30 05:08:31-04:00,2026-08-31T00:06:47.272370+00:00
ibm_fez,141,140,cz,gate_length,68.0,ns,2026-08-30 05:08:31-04:00,2026-08-31T00:06:47.272370+00:00
ibm_fez,36,41,cz,gate_error,0.0021231114723490874,,2026-08-30 05:08:32-04:00,2026-08-31T00:06:47.272370+00:00
ibm_fez,36,41,cz,gate_length,68.0,ns,2026-08-30 05:08:32-04:00,2026-08-31T00:06:47.272370+00:00
ibm_fez,41,36,cz,gate_error,0.0021231114723490874,,2026-08-30 05:08:32-04:00,2026-08-31T00:06:47.272370+00:00
ibm_fez,41,36,cz,gate_length,68.0,ns,2026-08-30 05:08:32-04:00,2026-08-31T00:06:47.272370+00:00
ibm_fez,71,72,cz,gate_error,1.0,,2026-08-30 19:39:54.388050-04:00,2026-08-31T00:06:47.272370+00:00
ibm_fez,71,72,cz,gate_length,68.0,ns,2026-08-30 19:39:54.388050-04:00,2026-08-31T00:06:47.272370+00:00
ibm_fez,72,71,cz,gate_error,1.0,,2026-08-30 19:39:54.388056-04:00,2026-08-31T00:06:47.272370+00:00
ibm_fez,72,71,cz,gate_length,68.0,ns,2026-08-30 19:39:54.388056-04:00,2026-08-31T00:06:47.272370+00:00
ibm_fez,81,82,cz,gate_error,0.003621035145432605,,2026-08-30 05:08:34-04:00,2026-08-31T00:06:47.272370+00:00
ibm_fez,81,82,cz,gate_length,68.0,ns,2026-08-30 05:08:34-04:00,2026-08-31T00:06:47.272370+00:00
ibm_fez,82,81,cz,gate_error,0.003621035145432605,,2026-08-30 05:08:34-04:00,2026-08-31T00:06:47.272370+00:00
ibm_fez,82,81,cz,gate_length,68.0,ns,2026-08-30 05:08:34-04:00,2026-08-31T00:06:47.272370+00:00
ibm_fez,108,109,cz,gate_error,0.0027448638210844367,,2026-08-30 05:08:31-04:00,2026-08-31T00:06:47.272370+00:00
ibm_fez,108,109,cz,gate_length,68.0,ns,2026-08-30 05:08:31-04:00,2026-08-31T00:06:47.272370+00:00
ibm_fez,109,108,cz,gate_error,0.0027448638210844367,,2026-08-30 05:08:31-04:00,2026-08-31T00:06:47.272370+00:00
ibm_fez,109,108,cz,gate_length,68.0,ns,2026-08-30 05:08:31-04:00,2026-08-31T00:06:47.272370+00:00
ibm_fez,12,13,cz,gate_error,0.0038110974796239094,,2026-08-30 05:08:30-04:00,2026-08-31T00:06:47.272370+00:00
ibm_fez,12,13,cz,gate_length,68.0,ns,2026-08-30 05:08:30-04:00,2026-08-31T00:06:47.272370+00:00
ibm_fez,13,12,cz,gate_error,0.0038110974796239094,,2026-08-30 05:08:30-04:00,2026-08-31T00:06:47.272370+00:00
ibm_fez,13,12,cz,gate_length,68.0,ns,2026-08-30 05:08:30-04:00,2026-08-31T00:06:47.272370+00:00
ibm_fez,99,115,cz,gate_error,0.002615472909530847,,2026-08-30 05:08:32-04:00,2026-08-31T00:06:47.272370+00:00
ibm_fez,99,115,cz,gate_length,68.0,ns,2026-08-30 05:08:32-04:00,2026-08-31T00:06:47.272370+00:00
ibm_fez,115,99,cz,gate_error,0.002615472909530847,,2026-08-30 05:08:32-04:00,2026-08-31T00:06:47.272370+00:00
ibm_fez,115,99,cz,gate_length,68.0,ns,2026-08-30 05:08:32-04:00,2026-08-31T00:06:47.272370+00:00
ibm_fez,22,23,cz,gate_error,0.0018396554003266008,,2026-08-30 05:08:34-04:00,2026-08-31T00:06:47.272370+00:00
ibm_fez,22,23,cz,gate_length,68.0,ns,2026-08-30 05:08:34-04:00,2026-08-31T00:06:47.272370+00:00
ibm_fez,23,22,cz,gate_error,0.0018396554003266008,,2026-08-30 05:08:34-04:00,2026-08-31T00:06:47.272370+00:00
ibm_fez,23,22,cz,gate_length,68.0,ns,2026-08-30 05:08:34-04:00,2026-08-31T00:06:47.272370+00:00
ibm_fez,29,38,cz,gate_error,0.0017386927501669425,,2026-08-30 05:08:32-04:00,2026-08-31T00:06:47.272370+00:00
ibm_fez,29,38,cz,gate_length,68.0,ns,2026-08-30 05:08:32-04:00,2026-08-31T00:06:47.272370+00:00
ibm_fez,38,29,cz,gate_error,0.0017386927501669425,,2026-08-30 05:08:32-04:00,2026-08-31T00:06:47.272370+00:00
ibm_fez,38,29,cz,gate_length,68.0,ns,2026-08-30 05:08:32-04:00,2026-08-31T00:06:47.272370+00:00
ibm_fez,49,50,cz,gate_error,0.023687700974229564,,2026-08-30 05:08:34-04:00,2026-08-31T00:06:47.272370+00:00
ibm_fez,49,50,cz,gate_length,68.0,ns,2026-08-30 05:08:34-04:00,2026-08-31T00:06:47.272370+00:00
ibm_fez,50,49,cz,gate_error,0.023687700974229564,,2026-08-30 05:08:34-04:00,2026-08-31T00:06:47.272370+00:00
ibm_fez,50,49,cz,gate_length,68.0,ns,2026-08-30 05:08:34-04:00,2026-08-31T00:06:47.272370+00:00
ibm_fez,104,105,cz,gate_error,0.002645110575698023,,2026-08-30 05:08:30-04:00,2026-08-31T00:06:47.272370+00:00
ibm_fez,104,105,cz,gate_length,68.0,ns,2026-08-30 05:08:30-04:00,2026-08-31T00:06:47.272370+00:00
ibm_fez,105,104,cz,gate_error,0.002645110575698023,,2026-08-30 05:08:30-04:00,2026-08-31T00:06:47.272370+00:00
ibm_fez,105,104,cz,gate_length,68.0,ns,2026-08-30 05:08:30-04:00,2026-08-31T00:06:47.272370+00:00
ibm_fez,114,115,cz,gate_error,0.002607459459420869,,2026-08-30 05:08:33-04:00,2026-08-31T00:06:47.272370+00:00
ibm_fez,114,115,cz,gate_length,68.0,ns,2026-08-30 05:08:33-04:00,2026-08-31T00:06:47.272370+00:00
ibm_fez,115,114,cz,gate_error,0.002607459459420869,,2026-08-30 05:08:33-04:00,2026-08-31T00:06:47.272370+00:00
ibm_fez,115,114,cz,gate_length,68.0,ns,2026-08-30 05:08:33-04:00,2026-08-31T00:06:47.272370+00:00
ibm_fez,109,110,cz,gate_error,0.0020262584226461156,,2026-08-30 05:08:32-04:00,2026-08-31T00:06:47.272370+00:00
ibm_fez,109,110,cz,gate_length,68.0,ns,2026-08-30 05:08:32-04:00,2026-08-31T00:06:47.272370+00:00
ibm_fez,110,109,cz,gate_error,0.0020262584226461156,,2026-08-30 05:08:32-04:00,2026-08-31T00:06:47.272370+00:00
ibm_fez,110,109,cz,gate_length,68.0,ns,2026-08-30 05:08:32-04:00,2026-08-31T00:06:47.272370+00:00
ibm_fez,13,14,cz,gate_error,0.0017307946527402862,,2026-08-30 05:08:31-04:00,2026-08-31T00:06:47.272370+00:00
ibm_fez,13,14,cz,gate_length,68.0,ns,2026-08-30 05:08:31-04:00,2026-08-31T00:06:47.272370+00:00
ibm_fez,14,13,cz,gate_error,0.0017307946527402862,,2026-08-30 05:08:31-04:00,2026-08-31T00:06:47.272370+00:00
ibm_fez,14,13,cz,gate_length,68.0,ns,2026-08-30 05:08:31-04:00,2026-08-31T00:06:47.272370+00:00
ibm_fez,123,136,cz,gate_error,0.002440620291061679,,2026-08-30 05:08:34-04:00,2026-08-31T00:06:47.272370+00:00
ibm_fez,123,136,cz,gate_length,68.0,ns,2026-08-30 05:08:34-04:00,2026-08-31T00:06:47.272370+00:00
ibm_fez,136,123,cz,gate_error,0.002440620291061679,,2026-08-30 05:08:34-04:00,2026-08-31T00:06:47.272370+00:00
ibm_fez,136,123,cz,gate_length,68.0,ns,2026-08-30 05:08:34-04:00,2026-08-31T00:06:47.272370+00:00
ibm_fez,151,152,cz,gate_error,0.010410660372244807,,2026-08-30 05:08:33-04:00,2026-08-31T00:06:47.272370+00:00
ibm_fez,151,152,cz,gate_length,68.0,ns,2026-08-30 05:08:33-04:00,2026-08-31T00:06:47.272370+00:00
ibm_fez,152,151,cz,gate_error,0.010410660372244807,,2026-08-30 05:08:33-04:00,2026-08-31T00:06:47.272370+00:00
ibm_fez,152,151,cz,gate_length,68.0,ns,2026-08-30 05:08:33-04:00,2026-08-31T00:06:47.272370+00:00
ibm_fez,45,46,cz,gate_error,0.0025149405747331988,,2026-08-30 05:08:34-04:00,2026-08-31T00:06:47.272370+00:00
ibm_fez,45,46,cz,gate_length,68.0,ns,2026-08-30 05:08:34-04:00,2026-08-31T00:06:47.272370+00:00
ibm_fez,46,45,cz,gate_error,0.0025149405747331988,,2026-08-30 05:08:34-04:00,2026-08-31T00:06:47.272370+00:00
ibm_fez,46,45,cz,gate_length,68.0,ns,2026-08-30 05:08:34-04:00,2026-08-31T00:06:47.272370+00:00
ibm_fez,110,111,cz,gate_error,0.002176978202217128,,2026-08-30 05:08:33-04:00,2026-08-31T00:06:47.272370+00:00
ibm_fez,110,111,cz,gate_length,68.0,ns,2026-08-30 05:08:33-04:00,2026-08-31T00:06:47.272370+00:00
ibm_fez,111,110,cz,gate_error,0.002176978202217128,,2026-08-30 05:08:33-04:00,2026-08-31T00:06:47.272370+00:00
ibm_fez,111,110,cz,gate_length,68.0,ns,2026-08-30 05:08:33-04:00,2026-08-31T00:06:47.272370+00:00
ibm_fez,50,51,cz,gate_error,0.0027917304349013294,,2026-08-30 05:08:30-04:00,2026-08-31T00:06:47.272370+00:00
ibm_fez,50,51,cz,gate_length,68.0,ns,2026-08-30 05:08:30-04:00,2026-08-31T00:06:47.272370+00:00
ibm_fez,51,50,cz,gate_error,0.0027917304349013294,,2026-08-30 05:08:30-04:00,2026-08-31T00:06:47.272370+00:00
ibm_fez,51,50,cz,gate_length,68.0,ns,2026-08-30 05:08:30-04:00,2026-08-31T00:06:47.272370+00:00
ibm_fez,96,103,cz,gate_error,0.005297306264456042,,2026-08-30 05:08:32-04:00,2026-08-31T00:06:47.272370+00:00
ibm_fez,96,103,cz,gate_length,68.0,ns,2026-08-30 05:08:32-04:00,2026-08-31T00:06:47.272370+00:00
ibm_fez,103,96,cz,gate_error,0.005297306264456042,,2026-08-30 05:08:32-04:00,2026-08-31T00:06:47.272370+00:00
ibm_fez,103,96,cz,gate_length,68.0,ns,2026-08-30 05:08:32-04:00,2026-08-31T00:06:47.272370+00:00
ibm_fez,105,106,cz,gate_error,0.002032721674270016,,2026-08-30 05:08:31-04:00,2026-08-31T00:06:47.272370+00:00
ibm_fez,105,106,cz,gate_length,68.0,ns,2026-08-30 05:08:31-04:00,2026-08-31T00:06:47.272370+00:00
ibm_fez,106,105,cz,gate_error,0.002032721674270016,,2026-08-30 05:08:31-04:00,2026-08-31T00:06:47.272370+00:00
ibm_fez,106,105,cz,gate_length,68.0,ns,2026-08-30 05:08:31-04:00,2026-08-31T00:06:47.272370+00:00
ibm_fez,82,83,cz,gate_error,0.005563354347484312,,2026-08-30 05:08:30-04:00,2026-08-31T00:06:47.272370+00:00
ibm_fez,82,83,cz,gate_length,68.0,ns,2026-08-30 05:08:30-04:00,2026-08-31T00:06:47.272370+00:00
ibm_fez,83,82,cz,gate_error,0.005563354347484312,,2026-08-30 05:08:30-04:00,2026-08-31T00:06:47.272370+00:00
ibm_fez,83,82,cz,gate_length,68.0,ns,2026-08-30 05:08:30-04:00,2026-08-31T00:06:47.272370+00:00
ibm_fez,147,148,cz,gate_error,0.002712295843962126,,2026-08-30 05:08:33-04:00,2026-08-31T00:06:47.272370+00:00
ibm_fez,147,148,cz,gate_length,68.0,ns,2026-08-30 05:08:33-04:00,2026-08-31T00:06:47.272370+00:00
ibm_fez,148,147,cz,gate_error,0.002712295843962126,,2026-08-30 05:08:33-04:00,2026-08-31T00:06:47.272370+00:00
ibm_fez,148,147,cz,gate_length,68.0,ns,2026-08-30 05:08:33-04:00,2026-08-31T00:06:47.272370+00:00
ibm_fez,137,147,cz,gate_error,0.0026802234027504535,,2026-08-30 05:08:34-04:00,2026-08-31T00:06:47.272370+00:00
ibm_fez,137,147,cz,gate_length,68.0,ns,2026-08-30 05:08:34-04:00,2026-08-31T00:06:47.272370+00:00
ibm_fez,147,137,cz,gate_error,0.0026802234027504535,,2026-08-30 05:08:34-04:00,2026-08-31T00:06:47.272370+00:00
ibm_fez,147,137,cz,gate_length,68.0,ns,2026-08-30 05:08:34-04:00,2026-08-31T00:06:47.272370+00:00
ibm_fez,51,52,cz,gate_error,0.0017617324256199995,,2026-08-30 05:08:31-04:00,2026-08-31T00:06:47.272370+00:00
ibm_fez,51,52,cz,gate_length,68.0,ns,2026-08-30 05:08:31-04:00,2026-08-31T00:06:47.272370+00:00
ibm_fez,52,51,cz,gate_error,0.0017617324256199995,,2026-08-30 05:08:31-04:00,2026-08-31T00:06:47.272370+00:00
ibm_fez,52,51,cz,gate_length,68.0,ns,2026-08-30 05:08:31-04:00,2026-08-31T00:06:47.272370+00:00
ibm_fez,142,143,cz,gate_error,0.003257438578300964,,2026-08-30 05:08:32-04:00,2026-08-31T00:06:47.272370+00:00
ibm_fez,142,143,cz,gate_length,68.0,ns,2026-08-30 05:08:32-04:00,2026-08-31T00:06:47.272370+00:00
ibm_fez,143,142,cz,gate_error,0.003257438578300964,,2026-08-30 05:08:32-04:00,2026-08-31T00:06:47.272370+00:00
ibm_fez,143,142,cz,gate_length,68.0,ns,2026-08-30 05:08:32-04:00,2026-08-31T00:06:47.272370+00:00
ibm_fez,46,47,cz,gate_error,0.003575499868978732,,2026-08-30 05:08:30-04:00,2026-08-31T00:06:47.272370+00:00
ibm_fez,46,47,cz,gate_length,68.0,ns,2026-08-30 05:08:30-04:00,2026-08-31T00:06:47.272370+00:00
ibm_fez,47,46,cz,gate_error,0.003575499868978732,,2026-08-30 05:08:30-04:00,2026-08-31T00:06:47.272370+00:00
ibm_fez,47,46,cz,gate_length,68.0,ns,2026-08-30 05:08:30-04:00,2026-08-31T00:06:47.272370+00:00
ibm_fez,23,24,cz,gate_error,0.006358007936388216,,2026-08-30 05:08:34-04:00,2026-08-31T00:06:47.272370+00:00
ibm_fez,23,24,cz,gate_length,68.0,ns,2026-08-30 05:08:34-04:00,2026-08-31T00:06:47.272370+00:00
ibm_fez,24,23,cz,gate_error,0.006358007936388216,,2026-08-30 05:08:34-04:00,2026-08-31T00:06:47.272370+00:00
ibm_fez,24,23,cz,gate_length,68.0,ns,2026-08-30 05:08:34-04:00,2026-08-31T00:06:47.272370+00:00
ibm_fez,143,144,cz,gate_error,0.006492182196148083,,2026-08-30 05:08:33-04:00,2026-08-31T00:06:47.272370+00:00
ibm_fez,143,144,cz,gate_length,68.0,ns,2026-08-30 05:08:33-04:00,2026-08-31T00:06:47.272370+00:00
ibm_fez,144,143,cz,gate_error,0.006492182196148083,,2026-08-30 05:08:33-04:00,2026-08-31T00:06:47.272370+00:00
ibm_fez,144,143,cz,gate_length,68.0,ns,2026-08-30 05:08:33-04:00,2026-08-31T00:06:47.272370+00:00
ibm_fez,21,36,cz,gate_error,0.0058045413525133205,,2026-08-30 05:08:32-04:00,2026-08-31T00:06:47.272370+00:00
ibm_fez,21,36,cz,gate_length,68.0,ns,2026-08-30 05:08:32-04:00,2026-08-31T00:06:47.272370+00:00
ibm_fez,36,21,cz,gate_error,0.0058045413525133205,,2026-08-30 05:08:32-04:00,2026-08-31T00:06:47.272370+00:00
ibm_fez,36,21,cz,gate_length,68.0,ns,2026-08-30 05:08:32-04:00,2026-08-31T00:06:47.272370+00:00
ibm_fez,83,84,cz,gate_error,0.002670750283020884,,2026-08-30 05:08:31-04:00,2026-08-31T00:06:47.272370+00:00
ibm_fez,83,84,cz,gate_length,68.0,ns,2026-08-30 05:08:31-04:00,2026-08-31T00:06:47.272370+00:00
ibm_fez,84,83,cz,gate_error,0.002670750283020884,,2026-08-30 05:08:31-04:00,2026-08-31T00:06:47.272370+00:00
ibm_fez,84,83,cz,gate_length,68.0,ns,2026-08-30 05:08:31-04:00,2026-08-31T00:06:47.272370+00:00
ibm_fez,113,119,cz,gate_error,0.002866456353884439,,2026-08-30 05:08:31-04:00,2026-08-31T00:06:47.272370+00:00
ibm_fez,113,119,cz,gate_length,68.0,ns,2026-08-30 05:08:31-04:00,2026-08-31T00:06:47.272370+00:00
ibm_fez,119,113,cz,gate_error,0.002866456353884439,,2026-08-30 05:08:31-04:00,2026-08-31T00:06:47.272370+00:00
ibm_fez,119,113,cz,gate_length,68.0,ns,2026-08-30 05:08:31-04:00,2026-08-31T00:06:47.272370+00:00
ibm_fez,76,81,cz,gate_error,0.0017549568673534688,,2026-08-30 05:08:32-04:00,2026-08-31T00:06:47.272370+00:00
ibm_fez,76,81,cz,gate_length,68.0,ns,2026-08-30 05:08:32-04:00,2026-08-31T00:06:47.272370+00:00
ibm_fez,81,76,cz,gate_error,0.0017549568673534688,,2026-08-30 05:08:32-04:00,2026-08-31T00:06:47.272370+00:00
ibm_fez,81,76,cz,gate_length,68.0,ns,2026-08-30 05:08:32-04:00,2026-08-31T00:06:47.272370+00:00
ibm_fez,24,25,cz,gate_error,0.018515850792747562,,2026-08-30 05:08:30-04:00,2026-08-31T00:06:47.272370+00:00
ibm_fez,24,25,cz,gate_length,68.0,ns,2026-08-30 05:08:30-04:00,2026-08-31T00:06:47.272370+00:00
ibm_fez,25,24,cz,gate_error,0.018515850792747562,,2026-08-30 05:08:30-04:00,2026-08-31T00:06:47.272370+00:00
ibm_fez,25,24,cz,gate_length,68.0,ns,2026-08-30 05:08:30-04:00,2026-08-31T00:06:47.272370+00:00
ibm_fez,105,117,cz,gate_error,0.003222440057624898,,2026-08-30 05:08:34-04:00,2026-08-31T00:06:47.272370+00:00
ibm_fez,105,117,cz,gate_length,68.0,ns,2026-08-30 05:08:34-04:00,2026-08-31T00:06:47.272370+00:00
ibm_fez,117,105,cz,gate_error,0.003222440057624898,,2026-08-30 05:08:34-04:00,2026-08-31T00:06:47.272370+00:00
ibm_fez,117,105,cz,gate_length,68.0,ns,2026-08-30 05:08:34-04:00,2026-08-31T00:06:47.272370+00:00
ibm_fez,20,21,cz,gate_error,0.005525664638108607,,2026-08-30 05:08:30-04:00,2026-08-31T00:06:47.272370+00:00
ibm_fez,20,21,cz,gate_length,68.0,ns,2026-08-30 05:08:30-04:00,2026-08-31T00:06:47.272370+00:00
ibm_fez,21,20,cz,gate_error,0.005525664638108607,,2026-08-30 05:08:30-04:00,2026-08-31T00:06:47.272370+00:00
ibm_fez,21,20,cz,gate_length,68.0,ns,2026-08-30 05:08:30-04:00,2026-08-31T00:06:47.272370+00:00
ibm_fez,52,53,cz,gate_error,0.002477468543240463,,2026-08-30 05:08:33-04:00,2026-08-31T00:06:47.272370+00:00
ibm_fez,52,53,cz,gate_length,68.0,ns,2026-08-30 05:08:33-04:00,2026-08-31T00:06:47.272370+00:00
ibm_fez,53,52,cz,gate_error,0.002477468543240463,,2026-08-30 05:08:33-04:00,2026-08-31T00:06:47.272370+00:00
ibm_fez,53,52,cz,gate_length,68.0,ns,2026-08-30 05:08:33-04:00,2026-08-31T00:06:47.272370+00:00
ibm_fez,139,155,cz,gate_error,0.002671690126904519,,2026-08-30 05:08:32-04:00,2026-08-31T00:06:47.272370+00:00
ibm_fez,139,155,cz,gate_length,68.0,ns,2026-08-30 05:08:32-04:00,2026-08-31T00:06:47.272370+00:00
ibm_fez,155,139,cz,gate_error,0.002671690126904519,,2026-08-30 05:08:32-04:00,2026-08-31T00:06:47.272370+00:00
ibm_fez,155,139,cz,gate_length,68.0,ns,2026-08-30 05:08:32-04:00,2026-08-31T00:06:47.272370+00:00
ibm_fez,69,78,cz,gate_error,0.0022581563604855137,,2026-08-30 05:08:32-04:00,2026-08-31T00:06:47.272370+00:00
ibm_fez,69,78,cz,gate_length,68.0,ns,2026-08-30 05:08:32-04:00,2026-08-31T00:06:47.272370+00:00
ibm_fez,78,69,cz,gate_error,0.0022581563604855137,,2026-08-30 05:08:32-04:00,2026-08-31T00:06:47.272370+00:00
ibm_fez,78,69,cz,gate_length,68.0,ns,2026-08-30 05:08:32-04:00,2026-08-31T00:06:47.272370+00:00
ibm_fez,112,113,cz,gate_error,0.002577093411857745,,2026-08-30 05:08:31-04:00,2026-08-31T00:06:47.272370+00:00
ibm_fez,112,113,cz,gate_length,68.0,ns,2026-08-30 05:08:31-04:00,2026-08-31T00:06:47.272370+00:00
ibm_fez,113,112,cz,gate_error,0.002577093411857745,,2026-08-30 05:08:31-04:00,2026-08-31T00:06:47.272370+00:00
ibm_fez,113,112,cz,gate_length,68.0,ns,2026-08-30 05:08:31-04:00,2026-08-31T00:06:47.272370+00:00
ibm_fez,89,90,cz,gate_error,0.003110599927533708,,2026-08-30 05:08:34-04:00,2026-08-31T00:06:47.272370+00:00
ibm_fez,89,90,cz,gate_length,68.0,ns,2026-08-30 05:08:34-04:00,2026-08-31T00:06:47.272370+00:00
ibm_fez,90,89,cz,gate_error,0.003110599927533708,,2026-08-30 05:08:34-04:00,2026-08-31T00:06:47.272370+00:00
ibm_fez,90,89,cz,gate_length,68.0,ns,2026-08-30 05:08:34-04:00,2026-08-31T00:06:47.272370+00:00
ibm_fez,149,150,cz,gate_error,0.014281251732994382,,2026-08-30 05:08:33-04:00,2026-08-31T00:06:47.272370+00:00
ibm_fez,149,150,cz,gate_length,68.0,ns,2026-08-30 05:08:33-04:00,2026-08-31T00:06:47.272370+00:00
ibm_fez,150,149,cz,gate_error,0.014281251732994382,,2026-08-30 05:08:33-04:00,2026-08-31T00:06:47.272370+00:00
ibm_fez,150,149,cz,gate_length,68.0,ns,2026-08-30 05:08:33-04:00,2026-08-31T00:06:47.272370+00:00
ibm_fez,53,54,cz,gate_error,0.0049229379381341976,,2026-08-30 05:08:34-04:00,2026-08-31T00:06:47.272370+00:00
ibm_fez,53,54,cz,gate_length,68.0,ns,2026-08-30 05:08:34-04:00,2026-08-31T00:06:47.272370+00:00
ibm_fez,54,53,cz,gate_error,0.0049229379381341976,,2026-08-30 05:08:34-04:00,2026-08-31T00:06:47.272370+00:00
ibm_fez,54,53,cz,gate_length,68.0,ns,2026-08-30 05:08:34-04:00,2026-08-31T00:06:47.272370+00:00
ibm_fez,11,18,cz,gate_error,0.011148514628470413,,2026-08-30 05:08:33-04:00,2026-08-31T00:06:47.272370+00:00
ibm_fez,11,18,cz,gate_length,68.0,ns,2026-08-30 05:08:33-04:00,2026-08-31T00:06:47.272370+00:00
ibm_fez,18,11,cz,gate_error,0.011148514628470413,,2026-08-30 05:08:33-04:00,2026-08-31T00:06:47.272370+00:00
ibm_fez,18,11,cz,gate_length,68.0,ns,2026-08-30 05:08:33-04:00,2026-08-31T00:06:47.272370+00:00
ibm_fez,30,31,cz,gate_error,0.002903955530450364,,2026-08-30 05:08:34-04:00,2026-08-31T00:06:47.272370+00:00
ibm_fez,30,31,cz,gate_length,68.0,ns,2026-08-30 05:08:34-04:00,2026-08-31T00:06:47.272370+00:00
ibm_fez,31,30,cz,gate_error,0.002903955530450364,,2026-08-30 05:08:34-04:00,2026-08-31T00:06:47.272370+00:00
ibm_fez,31,30,cz,gate_length,68.0,ns,2026-08-30 05:08:34-04:00,2026-08-31T00:06:47.272370+00:00
ibm_fez,25,26,cz,gate_error,0.0023989248077247727,,2026-08-30 05:08:31-04:00,2026-08-31T00:06:47.272370+00:00
ibm_fez,25,26,cz,gate_length,68.0,ns,2026-08-30 05:08:31-04:00,2026-08-31T00:06:47.272370+00:00
ibm_fez,26,25,cz,gate_error,0.0023989248077247727,,2026-08-30 05:08:31-04:00,2026-08-31T00:06:47.272370+00:00
ibm_fez,26,25,cz,gate_length,68.0,ns,2026-08-30 05:08:31-04:00,2026-08-31T00:06:47.272370+00:00
ibm_fez,16,23,cz,gate_error,0.004501138984997072,,2026-08-30 05:08:34-04:00,2026-08-31T00:06:47.272370+00:00
ibm_fez,16,23,cz,gate_length,68.0,ns,2026-08-30 05:08:34-04:00,2026-08-31T00:06:47.272370+00:00
ibm_fez,23,16,cz,gate_error,0.004501138984997072,,2026-08-30 05:08:34-04:00,2026-08-31T00:06:47.272370+00:00
ibm_fez,23,16,cz,gate_length,68.0,ns,2026-08-30 05:08:34-04:00,2026-08-31T00:06:47.272370+00:00
ibm_fez,90,91,cz,gate_error,0.003144929487388287,,2026-08-30 05:08:30-04:00,2026-08-31T00:06:47.272370+00:00
ibm_fez,90,91,cz,gate_length,68.0,ns,2026-08-30 05:08:30-04:00,2026-08-31T00:06:47.272370+00:00
ibm_fez,91,90,cz,gate_error,0.003144929487388287,,2026-08-30 05:08:30-04:00,2026-08-31T00:06:47.272370+00:00
ibm_fez,91,90,cz,gate_length,68.0,ns,2026-08-30 05:08:30-04:00,2026-08-31T00:06:47.272370+00:00
ibm_fez,136,143,cz,gate_error,0.0017871794161435917,,2026-08-30 05:08:34-04:00,2026-08-31T00:06:47.272370+00:00
ibm_fez,136,143,cz,gate_length,68.0,ns,2026-08-30 05:08:34-04:00,2026-08-31T00:06:47.272370+00:00
ibm_fez,143,136,cz,gate_error,0.0017871794161435917,,2026-08-30 05:08:34-04:00,2026-08-31T00:06:47.272370+00:00
ibm_fez,143,136,cz,gate_length,68.0,ns,2026-08-30 05:08:34-04:00,2026-08-31T00:06:47.272370+00:00
ibm_fez,145,146,cz,gate_error,0.001881032656249254,,2026-08-30 05:08:33-04:00,2026-08-31T00:06:47.272370+00:00
ibm_fez,145,146,cz,gate_length,68.0,ns,2026-08-30 05:08:33-04:00,2026-08-31T00:06:47.272370+00:00
ibm_fez,146,145,cz,gate_error,0.001881032656249254,,2026-08-30 05:08:33-04:00,2026-08-31T00:06:47.272370+00:00
ibm_fez,146,145,cz,gate_length,68.0,ns,2026-08-30 05:08:33-04:00,2026-08-31T00:06:47.272370+00:00
ibm_fez,26,27,cz,gate_error,0.03151046935833238,,2026-08-30 05:08:34-04:00,2026-08-31T00:06:47.272370+00:00
ibm_fez,26,27,cz,gate_length,68.0,ns,2026-08-30 05:08:34-04:00,2026-08-31T00:06:47.272370+00:00
ibm_fez,27,26,cz,gate_error,0.03151046935833238,,2026-08-30 05:08:34-04:00,2026-08-31T00:06:47.272370+00:00
ibm_fez,27,26,cz,gate_length,68.0,ns,2026-08-30 05:08:34-04:00,2026-08-31T00:06:47.272370+00:00
ibm_fez,21,22,cz,gate_error,0.0024004417627889185,,2026-08-30 05:08:31-04:00,2026-08-31T00:06:47.272370+00:00
ibm_fez,21,22,cz,gate_length,68.0,ns,2026-08-30 05:08:31-04:00,2026-08-31T00:06:47.272370+00:00
ibm_fez,22,21,cz,gate_error,0.0024004417627889185,,2026-08-30 05:08:31-04:00,2026-08-31T00:06:47.272370+00:00
ibm_fez,22,21,cz,gate_length,68.0,ns,2026-08-30 05:08:31-04:00,2026-08-31T00:06:47.272370+00:00
ibm_fez,3,16,cz,gate_error,0.002859893213284531,,2026-08-30 05:08:33-04:00,2026-08-31T00:06:47.272370+00:00
ibm_fez,3,16,cz,gate_length,68.0,ns,2026-08-30 05:08:33-04:00,2026-08-31T00:06:47.272370+00:00
ibm_fez,16,3,cz,gate_error,0.002859893213284531,,2026-08-30 05:08:33-04:00,2026-08-31T00:06:47.272370+00:00
ibm_fez,16,3,cz,gate_length,68.0,ns,2026-08-30 05:08:33-04:00,2026-08-31T00:06:47.272370+00:00
ibm_fez,31,32,cz,gate_error,0.03132715975808367,,2026-08-30 05:08:34-04:00,2026-08-31T00:06:47.272370+00:00
ibm_fez,31,32,cz,gate_length,68.0,ns,2026-08-30 05:08:34-04:00,2026-08-31T00:06:47.272370+00:00
ibm_fez,32,31,cz,gate_error,0.03132715975808367,,2026-08-30 05:08:34-04:00,2026-08-31T00:06:47.272370+00:00
ibm_fez,32,31,cz,gate_length,68.0,ns,2026-08-30 05:08:34-04:00,2026-08-31T00:06:47.272370+00:00
ibm_fez,58,71,cz,gate_error,0.0027539014823346475,,2026-08-30 05:08:32-04:00,2026-08-31T00:06:47.272370+00:00
ibm_fez,58,71,cz,gate_length,68.0,ns,2026-08-30 05:08:32-04:00,2026-08-31T00:06:47.272370+00:00
ibm_fez,71,58,cz,gate_error,0.0027539014823346475,,2026-08-30 05:08:32-04:00,2026-08-31T00:06:47.272370+00:00
ibm_fez,71,58,cz,gate_length,68.0,ns,2026-08-30 05:08:32-04:00,2026-08-31T00:06:47.272370+00:00
ibm_fez,86,87,cz,gate_error,0.00412117911242979,,2026-08-30 05:08:30-04:00,2026-08-31T00:06:47.272370+00:00
ibm_fez,86,87,cz,gate_length,68.0,ns,2026-08-30 05:08:30-04:00,2026-08-31T00:06:47.272370+00:00
ibm_fez,87,86,cz,gate_error,0.00412117911242979,,2026-08-30 05:08:30-04:00,2026-08-31T00:06:47.272370+00:00
ibm_fez,87,86,cz,gate_length,68.0,ns,2026-08-30 05:08:30-04:00,2026-08-31T00:06:47.272370+00:00
ibm_fez,141,142,cz,gate_error,0.002675876969703145,,2026-08-30 05:08:31-04:00,2026-08-31T00:06:47.272370+00:00
ibm_fez,141,142,cz,gate_length,68.0,ns,2026-08-30 05:08:31-04:00,2026-08-31T00:06:47.272370+00:00
ibm_fez,142,141,cz,gate_error,0.002675876969703145,,2026-08-30 05:08:31-04:00,2026-08-31T00:06:47.272370+00:00
ibm_fez,142,141,cz,gate_length,68.0,ns,2026-08-30 05:08:31-04:00,2026-08-31T00:06:47.272370+00:00
ibm_fez,95,99,cz,gate_error,0.002790006579241694,,2026-08-30 05:08:31-04:00,2026-08-31T00:06:47.272370+00:00
ibm_fez,95,99,cz,gate_length,68.0,ns,2026-08-30 05:08:31-04:00,2026-08-31T00:06:47.272370+00:00
ibm_fez,99,95,cz,gate_error,0.002790006579241694,,2026-08-30 05:08:31-04:00,2026-08-31T00:06:47.272370+00:00
ibm_fez,99,95,cz,gate_length,68.0,ns,2026-08-30 05:08:31-04:00,2026-08-31T00:06:47.272370+00:00
ibm_fez,61,76,cz,gate_error,0.0022372593794621753,,2026-08-30 05:08:31-04:00,2026-08-31T00:06:47.272370+00:00
ibm_fez,61,76,cz,gate_length,68.0,ns,2026-08-30 05:08:31-04:00,2026-08-31T00:06:47.272370+00:00
ibm_fez,76,61,cz,gate_error,0.0022372593794621753,,2026-08-30 05:08:31-04:00,2026-08-31T00:06:47.272370+00:00
ibm_fez,76,61,cz,gate_length,68.0,ns,2026-08-30 05:08:31-04:00,2026-08-31T00:06:47.272370+00:00
ibm_fez,113,114,cz,gate_error,0.0029800936288902624,,2026-08-30 05:08:34-04:00,2026-08-31T00:06:47.272370+00:00
ibm_fez,113,114,cz,gate_length,68.0,ns,2026-08-30 05:08:34-04:00,2026-08-31T00:06:47.272370+00:00
ibm_fez,114,113,cz,gate_error,0.0029800936288902624,,2026-08-30 05:08:34-04:00,2026-08-31T00:06:47.272370+00:00
ibm_fez,114,113,cz,gate_length,68.0,ns,2026-08-30 05:08:34-04:00,2026-08-31T00:06:47.272370+00:00
ibm_fez,123,124,cz,gate_error,0.0027173004708909154,,2026-08-30 05:08:31-04:00,2026-08-31T00:06:47.272370+00:00
ibm_fez,123,124,cz,gate_length,68.0,ns,2026-08-30 05:08:31-04:00,2026-08-31T00:06:47.272370+00:00
ibm_fez,124,123,cz,gate_error,0.0027173004708909154,,2026-08-30 05:08:31-04:00,2026-08-31T00:06:47.272370+00:00
ibm_fez,124,123,cz,gate_length,68.0,ns,2026-08-30 05:08:31-04:00,2026-08-31T00:06:47.272370+00:00
ibm_fez,27,28,cz,gate_error,1.0,,2026-08-30 19:39:54.925750-04:00,2026-08-31T00:06:47.272370+00:00
ibm_fez,27,28,cz,gate_length,68.0,ns,2026-08-30 19:39:54.925750-04:00,2026-08-31T00:06:47.272370+00:00
ibm_fez,28,27,cz,gate_error,1.0,,2026-08-30 19:39:54.925756-04:00,2026-08-31T00:06:47.272370+00:00
ibm_fez,28,27,cz,gate_length,68.0,ns,2026-08-30 19:39:54.925756-04:00,2026-08-31T00:06:47.272370+00:00
ibm_fez,17,27,cz,gate_error,0.027890945219484792,,2026-08-30 05:08:34-04:00,2026-08-31T00:06:47.272370+00:00
ibm_fez,17,27,cz,gate_length,68.0,ns,2026-08-30 05:08:34-04:00,2026-08-31T00:06:47.272370+00:00
ibm_fez,27,17,cz,gate_error,0.027890945219484792,,2026-08-30 05:08:34-04:00,2026-08-31T00:06:47.272370+00:00
ibm_fez,27,17,cz,gate_length,68.0,ns,2026-08-30 05:08:34-04:00,2026-08-31T00:06:47.272370+00:00
ibm_fez,54,55,cz,gate_error,0.004996752275788968,,2026-08-30 05:08:30-04:00,2026-08-31T00:06:47.272370+00:00
ibm_fez,54,55,cz,gate_length,68.0,ns,2026-08-30 05:08:30-04:00,2026-08-31T00:06:47.272370+00:00
ibm_fez,55,54,cz,gate_error,0.004996752275788968,,2026-08-30 05:08:30-04:00,2026-08-31T00:06:47.272370+00:00
ibm_fez,55,54,cz,gate_length,68.0,ns,2026-08-30 05:08:30-04:00,2026-08-31T00:06:47.272370+00:00
ibm_fez,64,65,cz,gate_error,0.0025943410065248085,,2026-08-30 05:08:30-04:00,2026-08-31T00:06:47.272370+00:00
ibm_fez,64,65,cz,gate_length,68.0,ns,2026-08-30 05:08:30-04:00,2026-08-31T00:06:47.272370+00:00
ibm_fez,65,64,cz,gate_error,0.0025943410065248085,,2026-08-30 05:08:30-04:00,2026-08-31T00:06:47.272370+00:00
ibm_fez,65,64,cz,gate_length,68.0,ns,2026-08-30 05:08:30-04:00,2026-08-31T00:06:47.272370+00:00
ibm_fez,146,147,cz,gate_error,0.0023408597923920416,,2026-08-30 05:08:32-04:00,2026-08-31T00:06:47.272370+00:00
ibm_fez,146,147,cz,gate_length,88.0,ns,2026-08-30 05:08:32-04:00,2026-08-31T00:06:47.272370+00:00
ibm_fez,147,146,cz,gate_error,0.0023408597923920416,,2026-08-30 05:08:32-04:00,2026-08-31T00:06:47.272370+00:00
ibm_fez,147,146,cz,gate_length,88.0,ns,2026-08-30 05:08:32-04:00,2026-08-31T00:06:47.272370+00:00
ibm_fez,5,6,cz,gate_error,0.014572439499802942,,2026-08-30 05:08:31-04:00,2026-08-31T00:06:47.272370+00:00
ibm_fez,5,6,cz,gate_length,68.0,ns,2026-08-30 05:08:31-04:00,2026-08-31T00:06:47.272370+00:00
ibm_fez,6,5,cz,gate_error,0.014572439499802942,,2026-08-30 05:08:31-04:00,2026-08-31T00:06:47.272370+00:00
ibm_fez,6,5,cz,gate_length,68.0,ns,2026-08-30 05:08:31-04:00,2026-08-31T00:06:47.272370+00:00
ibm_fez,51,58,cz,gate_error,0.0032540110568513025,,2026-08-30 05:08:32-04:00,2026-08-31T00:06:47.272370+00:00
ibm_fez,51,58,cz,gate_length,68.0,ns,2026-08-30 05:08:32-04:00,2026-08-31T00:06:47.272370+00:00
ibm_fez,58,51,cz,gate_error,0.0032540110568513025,,2026-08-30 05:08:32-04:00,2026-08-31T00:06:47.272370+00:00
ibm_fez,58,51,cz,gate_length,68.0,ns,2026-08-30 05:08:32-04:00,2026-08-31T00:06:47.272370+00:00
ibm_fez,60,61,cz,gate_error,0.0020011858501001456,,2026-08-30 05:08:30-04:00,2026-08-31T00:06:47.272370+00:00
ibm_fez,60,61,cz,gate_length,68.0,ns,2026-08-30 05:08:30-04:00,2026-08-31T00:06:47.272370+00:00
ibm_fez,61,60,cz,gate_error,0.0020011858501001456,,2026-08-30 05:08:30-04:00,2026-08-31T00:06:47.272370+00:00
ibm_fez,61,60,cz,gate_length,68.0,ns,2026-08-30 05:08:30-04:00,2026-08-31T00:06:47.272370+00:00
ibm_fez,87,88,cz,gate_error,0.0039358743752808956,,2026-08-30 05:08:31-04:00,2026-08-31T00:06:47.272370+00:00
ibm_fez,87,88,cz,gate_length,68.0,ns,2026-08-30 05:08:31-04:00,2026-08-31T00:06:47.272370+00:00
ibm_fez,88,87,cz,gate_error,0.0039358743752808956,,2026-08-30 05:08:31-04:00,2026-08-31T00:06:47.272370+00:00
ibm_fez,88,87,cz,gate_length,68.0,ns,2026-08-30 05:08:31-04:00,2026-08-31T00:06:47.272370+00:00
ibm_fez,38,49,cz,gate_error,0.030639041105949977,,2026-08-30 05:08:32-04:00,2026-08-31T00:06:47.272370+00:00
ibm_fez,38,49,cz,gate_length,68.0,ns,2026-08-30 05:08:32-04:00,2026-08-31T00:06:47.272370+00:00
ibm_fez,49,38,cz,gate_error,0.030639041105949977,,2026-08-30 05:08:32-04:00,2026-08-31T00:06:47.272370+00:00
ibm_fez,49,38,cz,gate_length,68.0,ns,2026-08-30 05:08:32-04:00,2026-08-31T00:06:47.272370+00:00
ibm_fez,152,153,cz,gate_error,0.0035845062711940823,,2026-08-30 05:08:31-04:00,2026-08-31T00:06:47.272370+00:00
ibm_fez,152,153,cz,gate_length,68.0,ns,2026-08-30 05:08:31-04:00,2026-08-31T00:06:47.272370+00:00
ibm_fez,153,152,cz,gate_error,0.0035845062711940823,,2026-08-30 05:08:31-04:00,2026-08-31T00:06:47.272370+00:00
ibm_fez,153,152,cz,gate_length,68.0,ns,2026-08-30 05:08:31-04:00,2026-08-31T00:06:47.272370+00:00
ibm_fez,87,97,cz,gate_error,0.004538035975552773,,2026-08-30 05:08:32-04:00,2026-08-31T00:06:47.272370+00:00
ibm_fez,87,97,cz,gate_length,68.0,ns,2026-08-30 05:08:32-04:00,2026-08-31T00:06:47.272370+00:00
ibm_fez,97,87,cz,gate_error,0.004538035975552773,,2026-08-30 05:08:32-04:00,2026-08-31T00:06:47.272370+00:00
ibm_fez,97,87,cz,gate_length,68.0,ns,2026-08-30 05:08:32-04:00,2026-08-31T00:06:47.272370+00:00
ibm_fez,1,2,cz,gate_error,0.0021180316460508997,,2026-08-30 05:08:31-04:00,2026-08-31T00:06:47.272370+00:00
ibm_fez,1,2,cz,gate_length,68.0,ns,2026-08-30 05:08:31-04:00,2026-08-31T00:06:47.272370+00:00
ibm_fez,2,1,cz,gate_error,0.0021180316460508997,,2026-08-30 05:08:31-04:00,2026-08-31T00:06:47.272370+00:00
ibm_fez,2,1,cz,gate_length,68.0,ns,2026-08-30 05:08:31-04:00,2026-08-31T00:06:47.272370+00:00
ibm_fez,28,29,cz,gate_error,0.004302509054535497,,2026-08-30 05:08:30-04:00,2026-08-31T00:06:47.272370+00:00
ibm_fez,28,29,cz,gate_length,68.0,ns,2026-08-30 05:08:30-04:00,2026-08-31T00:06:47.272370+00:00
ibm_fez,29,28,cz,gate_error,0.004302509054535497,,2026-08-30 05:08:30-04:00,2026-08-31T00:06:47.272370+00:00
ibm_fez,29,28,cz,gate_length,68.0,ns,2026-08-30 05:08:30-04:00,2026-08-31T00:06:47.272370+00:00
ibm_fez,93,94,cz,gate_error,0.0024732244852594953,,2026-08-30 05:08:34-04:00,2026-08-31T00:06:47.272370+00:00
ibm_fez,93,94,cz,gate_length,68.0,ns,2026-08-30 05:08:34-04:00,2026-08-31T00:06:47.272370+00:00
ibm_fez,94,93,cz,gate_error,0.0024732244852594953,,2026-08-30 05:08:34-04:00,2026-08-31T00:06:47.272370+00:00
ibm_fez,94,93,cz,gate_length,68.0,ns,2026-08-30 05:08:34-04:00,2026-08-31T00:06:47.272370+00:00
ibm_fez,148,149,cz,gate_error,0.016866771498243838,,2026-08-30 05:08:31-04:00,2026-08-31T00:06:47.272370+00:00
ibm_fez,148,149,cz,gate_length,68.0,ns,2026-08-30 05:08:31-04:00,2026-08-31T00:06:47.272370+00:00
ibm_fez,149,148,cz,gate_error,0.016866771498243838,,2026-08-30 05:08:31-04:00,2026-08-31T00:06:47.272370+00:00
ibm_fez,149,148,cz,gate_length,68.0,ns,2026-08-30 05:08:31-04:00,2026-08-31T00:06:47.272370+00:00
ibm_fez,19,35,cz,gate_error,0.0025042930079481884,,2026-08-30 05:08:30-04:00,2026-08-31T00:06:47.272370+00:00
ibm_fez,19,35,cz,gate_length,68.0,ns,2026-08-30 05:08:30-04:00,2026-08-31T00:06:47.272370+00:00
ibm_fez,35,19,cz,gate_error,0.0025042930079481884,,2026-08-30 05:08:30-04:00,2026-08-31T00:06:47.272370+00:00
ibm_fez,35,19,cz,gate_length,68.0,ns,2026-08-30 05:08:30-04:00,2026-08-31T00:06:47.272370+00:00
ibm_fez,88,89,cz,gate_error,0.002590373553675057,,2026-08-30 05:08:33-04:00,2026-08-31T00:06:47.272370+00:00
ibm_fez,88,89,cz,gate_length,68.0,ns,2026-08-30 05:08:33-04:00,2026-08-31T00:06:47.272370+00:00
ibm_fez,89,88,cz,gate_error,0.002590373553675057,,2026-08-30 05:08:33-04:00,2026-08-31T00:06:47.272370+00:00
ibm_fez,89,88,cz,gate_length,68.0,ns,2026-08-30 05:08:33-04:00,2026-08-31T00:06:47.272370+00:00
ibm_fez,117,125,cz,gate_error,0.0024159187155967654,,2026-08-30 05:08:32-04:00,2026-08-31T00:06:47.272370+00:00
ibm_fez,117,125,cz,gate_length,68.0,ns,2026-08-30 05:08:32-04:00,2026-08-31T00:06:47.272370+00:00
ibm_fez,125,117,cz,gate_error,0.0024159187155967654,,2026-08-30 05:08:32-04:00,2026-08-31T00:06:47.272370+00:00
ibm_fez,125,117,cz,gate_length,68.0,ns,2026-08-30 05:08:32-04:00,2026-08-31T00:06:47.272370+00:00
ibm_fez,120,121,cz,gate_error,0.0019416406826164856,,2026-08-30 05:08:33-04:00,2026-08-31T00:06:47.272370+00:00
ibm_fez,120,121,cz,gate_length,68.0,ns,2026-08-30 05:08:33-04:00,2026-08-31T00:06:47.272370+00:00
ibm_fez,121,120,cz,gate_error,0.0019416406826164856,,2026-08-30 05:08:33-04:00,2026-08-31T00:06:47.272370+00:00
ibm_fez,121,120,cz,gate_length,68.0,ns,2026-08-30 05:08:33-04:00,2026-08-31T00:06:47.272370+00:00
ibm_fez,56,63,cz,gate_error,0.00479350623842642,,2026-08-30 05:08:34-04:00,2026-08-31T00:06:47.272370+00:00
ibm_fez,56,63,cz,gate_length,68.0,ns,2026-08-30 05:08:34-04:00,2026-08-31T00:06:47.272370+00:00
ibm_fez,63,56,cz,gate_error,0.00479350623842642,,2026-08-30 05:08:34-04:00,2026-08-31T00:06:47.272370+00:00
ibm_fez,63,56,cz,gate_length,68.0,ns,2026-08-30 05:08:34-04:00,2026-08-31T00:06:47.272370+00:00
ibm_fez,29,30,cz,gate_error,0.002136038516425187,,2026-08-30 05:08:31-04:00,2026-08-31T00:06:47.272370+00:00
ibm_fez,29,30,cz,gate_length,68.0,ns,2026-08-30 05:08:31-04:00,2026-08-31T00:06:47.272370+00:00
ibm_fez,30,29,cz,gate_error,0.002136038516425187,,2026-08-30 05:08:31-04:00,2026-08-31T00:06:47.272370+00:00
ibm_fez,30,29,cz,gate_length,68.0,ns,2026-08-30 05:08:31-04:00,2026-08-31T00:06:47.272370+00:00
ibm_fez,84,85,cz,gate_error,0.0023931486773208777,,2026-08-30 05:08:33-04:00,2026-08-31T00:06:47.272370+00:00
ibm_fez,84,85,cz,gate_length,68.0,ns,2026-08-30 05:08:33-04:00,2026-08-31T00:06:47.272370+00:00
ibm_fez,85,84,cz,gate_error,0.0023931486773208777,,2026-08-30 05:08:33-04:00,2026-08-31T00:06:47.272370+00:00
ibm_fez,85,84,cz,gate_length,68.0,ns,2026-08-30 05:08:33-04:00,2026-08-31T00:06:47.272370+00:00
ibm_fez,61,62,cz,gate_error,0.0031333031632459485,,2026-08-30 05:08:32-04:00,2026-08-31T00:06:47.272370+00:00
ibm_fez,61,62,cz,gate_length,68.0,ns,2026-08-30 05:08:32-04:00,2026-08-31T00:06:47.272370+00:00
ibm_fez,62,61,cz,gate_error,0.0031333031632459485,,2026-08-30 05:08:32-04:00,2026-08-31T00:06:47.272370+00:00
ibm_fez,62,61,cz,gate_length,68.0,ns,2026-08-30 05:08:32-04:00,2026-08-31T00:06:47.272370+00:00
ibm_fez,43,56,cz,gate_error,0.0022587466822106828,,2026-08-30 05:08:32-04:00,2026-08-31T00:06:47.272370+00:00
ibm_fez,43,56,cz,gate_length,68.0,ns,2026-08-30 05:08:32-04:00,2026-08-31T00:06:47.272370+00:00
ibm_fez,56,43,cz,gate_error,0.0022587466822106828,,2026-08-30 05:08:32-04:00,2026-08-31T00:06:47.272370+00:00
ibm_fez,56,43,cz,gate_length,68.0,ns,2026-08-30 05:08:32-04:00,2026-08-31T00:06:47.272370+00:00
ibm_fez,98,111,cz,gate_error,0.0030062946888178566,,2026-08-30 05:08:33-04:00,2026-08-31T00:06:47.272370+00:00
ibm_fez,98,111,cz,gate_length,68.0,ns,2026-08-30 05:08:33-04:00,2026-08-31T00:06:47.272370+00:00
ibm_fez,111,98,cz,gate_error,0.0030062946888178566,,2026-08-30 05:08:33-04:00,2026-08-31T00:06:47.272370+00:00
ibm_fez,111,98,cz,gate_length,68.0,ns,2026-08-30 05:08:33-04:00,2026-08-31T00:06:47.272370+00:00
ibm_fez,126,127,cz,gate_error,0.007161785862106224,,2026-08-30 05:08:31-04:00,2026-08-31T00:06:47.272370+00:00
ibm_fez,126,127,cz,gate_length,68.0,ns,2026-08-30 05:08:31-04:00,2026-08-31T00:06:47.272370+00:00
ibm_fez,127,126,cz,gate_error,0.007161785862106224,,2026-08-30 05:08:31-04:00,2026-08-31T00:06:47.272370+00:00
ibm_fez,127,126,cz,gate_length,68.0,ns,2026-08-30 05:08:31-04:00,2026-08-31T00:06:47.272370+00:00
ibm_fez,121,122,cz,gate_error,0.0031206351580741754,,2026-08-30 05:08:33-04:00,2026-08-31T00:06:47.272370+00:00
ibm_fez,121,122,cz,gate_length,68.0,ns,2026-08-30 05:08:33-04:00,2026-08-31T00:06:47.272370+00:00
ibm_fez,122,121,cz,gate_error,0.0031206351580741754,,2026-08-30 05:08:33-04:00,2026-08-31T00:06:47.272370+00:00
ibm_fez,122,121,cz,gate_length,68.0,ns,2026-08-30 05:08:33-04:00,2026-08-31T00:06:47.272370+00:00
ibm_fez,135,139,cz,gate_error,0.004291306259247563,,2026-08-30 05:08:31-04:00,2026-08-31T00:06:47.272370+00:00
ibm_fez,135,139,cz,gate_length,68.0,ns,2026-08-30 05:08:31-04:00,2026-08-31T00:06:47.272370+00:00
ibm_fez,139,135,cz,gate_error,0.004291306259247563,,2026-08-30 05:08:31-04:00,2026-08-31T00:06:47.272370+00:00
ibm_fez,139,135,cz,gate_length,68.0,ns,2026-08-30 05:08:31-04:00,2026-08-31T00:06:47.272370+00:00
ibm_fez,101,116,cz,gate_error,0.002636659134927305,,2026-08-30 05:08:34-04:00,2026-08-31T00:06:47.272370+00:00
ibm_fez,101,116,cz,gate_length,68.0,ns,2026-08-30 05:08:34-04:00,2026-08-31T00:06:47.272370+00:00
ibm_fez,116,101,cz,gate_error,0.002636659134927305,,2026-08-30 05:08:34-04:00,2026-08-31T00:06:47.272370+00:00
ibm_fez,116,101,cz,gate_length,68.0,ns,2026-08-30 05:08:34-04:00,2026-08-31T00:06:47.272370+00:00
ibm_fez,153,154,cz,gate_error,0.001781360895423606,,2026-08-30 05:08:33-04:00,2026-08-31T00:06:47.272370+00:00
ibm_fez,153,154,cz,gate_length,68.0,ns,2026-08-30 05:08:33-04:00,2026-08-31T00:06:47.272370+00:00
ibm_fez,154,153,cz,gate_error,0.001781360895423606,,2026-08-30 05:08:33-04:00,2026-08-31T00:06:47.272370+00:00
ibm_fez,154,153,cz,gate_length,68.0,ns,2026-08-30 05:08:33-04:00,2026-08-31T00:06:47.272370+00:00
ibm_fez,2,3,cz,gate_error,0.001659782858565717,,2026-08-30 05:08:32-04:00,2026-08-31T00:06:47.272370+00:00
ibm_fez,2,3,cz,gate_length,68.0,ns,2026-08-30 05:08:32-04:00,2026-08-31T00:06:47.272370+00:00
ibm_fez,3,2,cz,gate_error,0.001659782858565717,,2026-08-30 05:08:32-04:00,2026-08-31T00:06:47.272370+00:00
ibm_fez,3,2,cz,gate_length,68.0,ns,2026-08-30 05:08:32-04:00,2026-08-31T00:06:47.272370+00:00
ibm_fez,122,123,cz,gate_error,0.0030512651080622233,,2026-08-30 05:08:31-04:00,2026-08-31T00:06:47.272370+00:00
ibm_fez,122,123,cz,gate_length,68.0,ns,2026-08-30 05:08:31-04:00,2026-08-31T00:06:47.272370+00:00
ibm_fez,123,122,cz,gate_error,0.0030512651080622233,,2026-08-30 05:08:31-04:00,2026-08-31T00:06:47.272370+00:00
ibm_fez,123,122,cz,gate_length,68.0,ns,2026-08-30 05:08:31-04:00,2026-08-31T00:06:47.272370+00:00
ibm_fez,57,67,cz,gate_error,0.013305635127056181,,2026-08-30 05:08:32-04:00,2026-08-31T00:06:47.272370+00:00
ibm_fez,57,67,cz,gate_length,68.0,ns,2026-08-30 05:08:32-04:00,2026-08-31T00:06:47.272370+00:00
ibm_fez,67,57,cz,gate_error,0.013305635127056181,,2026-08-30 05:08:32-04:00,2026-08-31T00:06:47.272370+00:00
ibm_fez,67,57,cz,gate_length,68.0,ns,2026-08-30 05:08:32-04:00,2026-08-31T00:06:47.272370+00:00
ibm_fez,62,63,cz,gate_error,0.008790138601620812,,2026-08-30 05:08:33-04:00,2026-08-31T00:06:47.272370+00:00
ibm_fez,62,63,cz,gate_length,68.0,ns,2026-08-30 05:08:33-04:00,2026-08-31T00:06:47.272370+00:00
ibm_fez,63,62,cz,gate_error,0.008790138601620812,,2026-08-30 05:08:33-04:00,2026-08-31T00:06:47.272370+00:00
ibm_fez,63,62,cz,gate_length,68.0,ns,2026-08-30 05:08:33-04:00,2026-08-31T00:06:47.272370+00:00
ibm_fez,94,95,cz,gate_error,0.0021350829665740256,,2026-08-30 05:08:30-04:00,2026-08-31T00:06:47.272370+00:00
ibm_fez,94,95,cz,gate_length,68.0,ns,2026-08-30 05:08:30-04:00,2026-08-31T00:06:47.272370+00:00
ibm_fez,95,94,cz,gate_error,0.0021350829665740256,,2026-08-30 05:08:30-04:00,2026-08-31T00:06:47.272370+00:00
ibm_fez,95,94,cz,gate_length,68.0,ns,2026-08-30 05:08:30-04:00,2026-08-31T00:06:47.272370+00:00
ibm_fez,154,155,cz,gate_error,0.002471977807124104,,2026-08-30 05:08:34-04:00,2026-08-31T00:06:47.272370+00:00
ibm_fez,154,155,cz,gate_length,68.0,ns,2026-08-30 05:08:34-04:00,2026-08-31T00:06:47.272370+00:00
ibm_fez,155,154,cz,gate_error,0.002471977807124104,,2026-08-30 05:08:34-04:00,2026-08-31T00:06:47.272370+00:00
ibm_fez,155,154,cz,gate_length,68.0,ns,2026-08-30 05:08:34-04:00,2026-08-31T00:06:47.272370+00:00
ibm_fez,119,133,cz,gate_error,0.0034658489341249654,,2026-08-30 05:08:33-04:00,2026-08-31T00:06:47.272370+00:00
ibm_fez,119,133,cz,gate_length,68.0,ns,2026-08-30 05:08:33-04:00,2026-08-31T00:06:47.272370+00:00
ibm_fez,133,119,cz,gate_error,0.0034658489341249654,,2026-08-30 05:08:33-04:00,2026-08-31T00:06:47.272370+00:00
ibm_fez,133,119,cz,gate_length,68.0,ns,2026-08-30 05:08:33-04:00,2026-08-31T00:06:47.272370+00:00
ibm_fez,3,4,cz,gate_error,0.0020947121661843704,,2026-08-30 05:08:32-04:00,2026-08-31T00:06:47.272370+00:00
ibm_fez,3,4,cz,gate_length,68.0,ns,2026-08-30 05:08:32-04:00,2026-08-31T00:06:47.272370+00:00
ibm_fez,4,3,cz,gate_error,0.0020947121661843704,,2026-08-30 05:08:32-04:00,2026-08-31T00:06:47.272370+00:00
ibm_fez,4,3,cz,gate_length,68.0,ns,2026-08-30 05:08:32-04:00,2026-08-31T00:06:47.272370+00:00
ibm_fez,33,39,cz,gate_error,0.001622929206424123,,2026-08-30 05:08:32-04:00,2026-08-31T00:06:47.272370+00:00
ibm_fez,33,39,cz,gate_length,68.0,ns,2026-08-30 05:08:32-04:00,2026-08-31T00:06:47.272370+00:00
ibm_fez,39,33,cz,gate_error,0.001622929206424123,,2026-08-30 05:08:32-04:00,2026-08-31T00:06:47.272370+00:00
ibm_fez,39,33,cz,gate_length,68.0,ns,2026-08-30 05:08:32-04:00,2026-08-31T00:06:47.272370+00:00
ibm_fez,150,151,cz,gate_error,0.0075772564616413685,,2026-08-30 05:08:34-04:00,2026-08-31T00:06:47.272370+00:00
ibm_fez,150,151,cz,gate_length,68.0,ns,2026-08-30 05:08:34-04:00,2026-08-31T00:06:47.272370+00:00
ibm_fez,151,150,cz,gate_error,0.0075772564616413685,,2026-08-30 05:08:34-04:00,2026-08-31T00:06:47.272370+00:00
ibm_fez,151,150,cz,gate_length,68.0,ns,2026-08-30 05:08:34-04:00,2026-08-31T00:06:47.272370+00:00
ibm_fez,127,128,cz,gate_error,0.022548263773570387,,2026-08-30 05:08:34-04:00,2026-08-31T00:06:47.272370+00:00
ibm_fez,127,128,cz,gate_length,68.0,ns,2026-08-30 05:08:34-04:00,2026-08-31T00:06:47.272370+00:00
ibm_fez,128,127,cz,gate_error,0.022548263773570387,,2026-08-30 05:08:34-04:00,2026-08-31T00:06:47.272370+00:00
ibm_fez,128,127,cz,gate_length,68.0,ns,2026-08-30 05:08:34-04:00,2026-08-31T00:06:47.272370+00:00
ibm_fez,78,89,cz,gate_error,0.0034237469472802873,,2026-08-30 05:08:33-04:00,2026-08-31T00:06:47.272370+00:00
ibm_fez,78,89,cz,gate_length,68.0,ns,2026-08-30 05:08:33-04:00,2026-08-31T00:06:47.272370+00:00
ibm_fez,89,78,cz,gate_error,0.0034237469472802873,,2026-08-30 05:08:33-04:00,2026-08-31T00:06:47.272370+00:00
ibm_fez,89,78,cz,gate_length,68.0,ns,2026-08-30 05:08:33-04:00,2026-08-31T00:06:47.272370+00:00
ibm_fez,127,137,cz,gate_error,0.0017681984056453215,,2026-08-30 05:08:31-04:00,2026-08-31T00:06:47.272370+00:00
ibm_fez,127,137,cz,gate_length,68.0,ns,2026-08-30 05:08:31-04:00,2026-08-31T00:06:47.272370+00:00
ibm_fez,137,127,cz,gate_error,0.0017681984056453215,,2026-08-30 05:08:31-04:00,2026-08-31T00:06:47.272370+00:00
ibm_fez,137,127,cz,gate_length,68.0,ns,2026-08-30 05:08:31-04:00,2026-08-31T00:06:47.272370+00:00
ibm_fez,91,92,cz,gate_error,0.0020144710497797536,,2026-08-30 05:08:32-04:00,2026-08-31T00:06:47.272370+00:00
ibm_fez,91,92,cz,gate_length,68.0,ns,2026-08-30 05:08:32-04:00,2026-08-31T00:06:47.272370+00:00
ibm_fez,92,91,cz,gate_error,0.0020144710497797536,,2026-08-30 05:08:32-04:00,2026-08-31T00:06:47.272370+00:00
ibm_fez,92,91,cz,gate_length,68.0,ns,2026-08-30 05:08:32-04:00,2026-08-31T00:06:47.272370+00:00
ibm_fez,68,69,cz,gate_error,0.0027301042913840112,,2026-08-30 05:08:30-04:00,2026-08-31T00:06:47.272370+00:00
ibm_fez,68,69,cz,gate_length,68.0,ns,2026-08-30 05:08:30-04:00,2026-08-31T00:06:47.272370+00:00
ibm_fez,69,68,cz,gate_error,0.0027301042913840112,,2026-08-30 05:08:30-04:00,2026-08-31T00:06:47.272370+00:00
ibm_fez,69,68,cz,gate_length,68.0,ns,2026-08-30 05:08:30-04:00,2026-08-31T00:06:47.272370+00:00
ibm_fez,37,45,cz,gate_error,0.0023055897059003905,,2026-08-30 05:08:32-04:00,2026-08-31T00:06:47.272370+00:00
ibm_fez,37,45,cz,gate_length,68.0,ns,2026-08-30 05:08:32-04:00,2026-08-31T00:06:47.272370+00:00
ibm_fez,45,37,cz,gate_error,0.0023055897059003905,,2026-08-30 05:08:32-04:00,2026-08-31T00:06:47.272370+00:00
ibm_fez,45,37,cz,gate_length,68.0,ns,2026-08-30 05:08:32-04:00,2026-08-31T00:06:47.272370+00:00
ibm_fez,63,64,cz,gate_error,0.0647114349513978,,2026-08-30 05:08:34-04:00,2026-08-31T00:06:47.272370+00:00
ibm_fez,63,64,cz,gate_length,68.0,ns,2026-08-30 05:08:34-04:00,2026-08-31T00:06:47.272370+00:00
ibm_fez,64,63,cz,gate_error,0.0647114349513978,,2026-08-30 05:08:34-04:00,2026-08-31T00:06:47.272370+00:00
ibm_fez,64,63,cz,gate_length,68.0,ns,2026-08-30 05:08:34-04:00,2026-08-31T00:06:47.272370+00:00
ibm_fez,128,129,cz,gate_error,0.004767602379005281,,2026-08-30 05:08:33-04:00,2026-08-31T00:06:47.272370+00:00
ibm_fez,128,129,cz,gate_length,68.0,ns,2026-08-30 05:08:33-04:00,2026-08-31T00:06:47.272370+00:00
ibm_fez,129,128,cz,gate_error,0.004767602379005281,,2026-08-30 05:08:33-04:00,2026-08-31T00:06:47.272370+00:00
ibm_fez,129,128,cz,gate_length,68.0,ns,2026-08-30 05:08:33-04:00,2026-08-31T00:06:47.272370+00:00
ibm_fez,32,33,cz,gate_error,1.0,,2026-08-30 19:39:55.363031-04:00,2026-08-31T00:06:47.272370+00:00
ibm_fez,32,33,cz,gate_length,68.0,ns,2026-08-30 19:39:55.363031-04:00,2026-08-31T00:06:47.272370+00:00
ibm_fez,33,32,cz,gate_error,1.0,,2026-08-30 19:39:55.363037-04:00,2026-08-31T00:06:47.272370+00:00
ibm_fez,33,32,cz,gate_length,68.0,ns,2026-08-30 19:39:55.363037-04:00,2026-08-31T00:06:47.272370+00:00
ibm_fez,4,5,cz,gate_error,0.0025162362821617157,,2026-08-30 05:08:30-04:00,2026-08-31T00:06:47.272370+00:00
ibm_fez,4,5,cz,gate_length,68.0,ns,2026-08-30 05:08:30-04:00,2026-08-31T00:06:47.272370+00:00
ibm_fez,5,4,cz,gate_error,0.0025162362821617157,,2026-08-30 05:08:30-04:00,2026-08-31T00:06:47.272370+00:00
ibm_fez,5,4,cz,gate_length,68.0,ns,2026-08-30 05:08:30-04:00,2026-08-31T00:06:47.272370+00:00
ibm_fez,79,93,cz,gate_error,0.006504579290036866,,2026-08-30 05:08:33-04:00,2026-08-31T00:06:47.272370+00:00
ibm_fez,79,93,cz,gate_length,68.0,ns,2026-08-30 05:08:33-04:00,2026-08-31T00:06:47.272370+00:00
ibm_fez,93,79,cz,gate_error,0.006504579290036866,,2026-08-30 05:08:33-04:00,2026-08-31T00:06:47.272370+00:00
ibm_fez,93,79,cz,gate_length,68.0,ns,2026-08-30 05:08:33-04:00,2026-08-31T00:06:47.272370+00:00
ibm_fez,25,37,cz,gate_error,0.002274953955346243,,2026-08-30 05:08:32-04:00,2026-08-31T00:06:47.272370+00:00
ibm_fez,25,37,cz,gate_length,68.0,ns,2026-08-30 05:08:32-04:00,2026-08-31T00:06:47.272370+00:00
ibm_fez,37,25,cz,gate_error,0.002274953955346243,,2026-08-30 05:08:32-04:00,2026-08-31T00:06:47.272370+00:00
ibm_fez,37,25,cz,gate_length,68.0,ns,2026-08-30 05:08:32-04:00,2026-08-31T00:06:47.272370+00:00
ibm_fez,69,70,cz,gate_error,0.004947135398868485,,2026-08-30 05:08:31-04:00,2026-08-31T00:06:47.272370+00:00
ibm_fez,69,70,cz,gate_length,68.0,ns,2026-08-30 05:08:31-04:00,2026-08-31T00:06:47.272370+00:00
ibm_fez,70,69,cz,gate_error,0.004947135398868485,,2026-08-30 05:08:31-04:00,2026-08-31T00:06:47.272370+00:00
ibm_fez,70,69,cz,gate_length,68.0,ns,2026-08-30 05:08:31-04:00,2026-08-31T00:06:47.272370+00:00
ibm_fez,18,31,cz,gate_error,0.002856057281085067,,2026-08-30 05:08:34-04:00,2026-08-31T00:06:47.272370+00:00
ibm_fez,18,31,cz,gate_length,68.0,ns,2026-08-30 05:08:34-04:00,2026-08-31T00:06:47.272370+00:00
ibm_fez,31,18,cz,gate_error,0.002856057281085067,,2026-08-30 05:08:34-04:00,2026-08-31T00:06:47.272370+00:00
ibm_fez,31,18,cz,gate_length,68.0,ns,2026-08-30 05:08:34-04:00,2026-08-31T00:06:47.272370+00:00
ibm_fez,101,102,cz,gate_error,0.0050963145901382345,,2026-08-30 05:08:31-04:00,2026-08-31T00:06:47.272370+00:00
ibm_fez,101,102,cz,gate_length,68.0,ns,2026-08-30 05:08:31-04:00,2026-08-31T00:06:47.272370+00:00
ibm_fez,102,101,cz,gate_error,0.0050963145901382345,,2026-08-30 05:08:31-04:00,2026-08-31T00:06:47.272370+00:00
ibm_fez,102,101,cz,gate_length,68.0,ns,2026-08-30 05:08:31-04:00,2026-08-31T00:06:47.272370+00:00
ibm_fez,116,121,cz,gate_error,0.0050060773217089904,,2026-08-30 05:08:32-04:00,2026-08-31T00:06:47.272370+00:00
ibm_fez,116,121,cz,gate_length,68.0,ns,2026-08-30 05:08:32-04:00,2026-08-31T00:06:47.272370+00:00
ibm_fez,121,116,cz,gate_error,0.0050060773217089904,,2026-08-30 05:08:32-04:00,2026-08-31T00:06:47.272370+00:00
ibm_fez,121,116,cz,gate_length,68.0,ns,2026-08-30 05:08:32-04:00,2026-08-31T00:06:47.272370+00:00
ibm_fez,124,125,cz,gate_error,0.0018103944082950574,,2026-08-30 05:08:33-04:00,2026-08-31T00:06:47.272370+00:00
ibm_fez,124,125,cz,gate_length,68.0,ns,2026-08-30 05:08:33-04:00,2026-08-31T00:06:47.272370+00:00
ibm_fez,125,124,cz,gate_error,0.0018103944082950574,,2026-08-30 05:08:33-04:00,2026-08-31T00:06:47.272370+00:00
ibm_fez,125,124,cz,gate_length,68.0,ns,2026-08-30 05:08:33-04:00,2026-08-31T00:06:47.272370+00:00
ibm_fez,0,1,cz,gate_error,0.006616872573047078,,2026-08-30 05:08:30-04:00,2026-08-31T00:06:47.272370+00:00
ibm_fez,0,1,cz,gate_length,68.0,ns,2026-08-30 05:08:30-04:00,2026-08-31T00:06:47.272370+00:00
ibm_fez,1,0,cz,gate_error,0.006616872573047078,,2026-08-30 05:08:30-04:00,2026-08-31T00:06:47.272370+00:00
ibm_fez,1,0,cz,gate_length,68.0,ns,2026-08-30 05:08:30-04:00,2026-08-31T00:06:47.272370+00:00
ibm_fez,10,11,cz,gate_error,0.011339255020371697,,2026-08-30 05:08:32-04:00,2026-08-31T00:06:47.272370+00:00
ibm_fez,10,11,cz,gate_length,68.0,ns,2026-08-30 05:08:32-04:00,2026-08-31T00:06:47.272370+00:00
ibm_fez,11,10,cz,gate_error,0.011339255020371697,,2026-08-30 05:08:32-04:00,2026-08-31T00:06:47.272370+00:00
ibm_fez,11,10,cz,gate_length,68.0,ns,2026-08-30 05:08:32-04:00,2026-08-31T00:06:47.272370+00:00
ibm_fez,65,66,cz,gate_error,0.007053175470490197,,2026-08-30 05:08:31-04:00,2026-08-31T00:06:47.272370+00:00
ibm_fez,65,66,cz,gate_length,68.0,ns,2026-08-30 05:08:31-04:00,2026-08-31T00:06:47.272370+00:00
ibm_fez,66,65,cz,gate_error,0.007053175470490197,,2026-08-30 05:08:31-04:00,2026-08-31T00:06:47.272370+00:00
ibm_fez,66,65,cz,gate_length,68.0,ns,2026-08-30 05:08:31-04:00,2026-08-31T00:06:47.272370+00:00
ibm_fez,92,93,cz,gate_error,0.0020825545933899625,,2026-08-30 05:08:33-04:00,2026-08-31T00:06:47.272370+00:00
ibm_fez,92,93,cz,gate_length,68.0,ns,2026-08-30 05:08:33-04:00,2026-08-31T00:06:47.272370+00:00
ibm_fez,93,92,cz,gate_error,0.0020825545933899625,,2026-08-30 05:08:33-04:00,2026-08-31T00:06:47.272370+00:00
ibm_fez,93,92,cz,gate_length,68.0,ns,2026-08-30 05:08:33-04:00,2026-08-31T00:06:47.272370+00:00
ibm_fez,97,107,cz,gate_error,0.0017490185423131022,,2026-08-30 05:08:33-04:00,2026-08-31T00:06:47.272370+00:00
ibm_fez,97,107,cz,gate_length,68.0,ns,2026-08-30 05:08:33-04:00,2026-08-31T00:06:47.272370+00:00
ibm_fez,107,97,cz,gate_error,0.0017490185423131022,,2026-08-30 05:08:33-04:00,2026-08-31T00:06:47.272370+00:00
ibm_fez,107,97,cz,gate_length,68.0,ns,2026-08-30 05:08:33-04:00,2026-08-31T00:06:47.272370+00:00
ibm_fez,102,103,cz,gate_error,1.0,,2026-08-30 19:39:55.489429-04:00,2026-08-31T00:06:47.272370+00:00
ibm_fez,102,103,cz,gate_length,88.0,ns,2026-08-30 19:39:55.489429-04:00,2026-08-31T00:06:47.272370+00:00
ibm_fez,103,102,cz,gate_error,1.0,,2026-08-30 19:39:55.489435-04:00,2026-08-31T00:06:47.272370+00:00
ibm_fez,103,102,cz,gate_length,88.0,ns,2026-08-30 19:39:55.489435-04:00,2026-08-31T00:06:47.272370+00:00
ibm_fez,109,118,cz,gate_error,0.002912864575081636,,2026-08-30 05:08:31-04:00,2026-08-31T00:06:47.272370+00:00
ibm_fez,109,118,cz,gate_length,68.0,ns,2026-08-30 05:08:31-04:00,2026-08-31T00:06:47.272370+00:00
ibm_fez,118,109,cz,gate_error,0.002912864575081636,,2026-08-30 05:08:31-04:00,2026-08-31T00:06:47.272370+00:00
ibm_fez,118,109,cz,gate_length,68.0,ns,2026-08-30 05:08:31-04:00,2026-08-31T00:06:47.272370+00:00
ibm_fez,6,7,cz,gate_error,0.0025412294963438053,,2026-08-30 05:08:32-04:00,2026-08-31T00:06:47.272370+00:00
ibm_fez,6,7,cz,gate_length,68.0,ns,2026-08-30 05:08:32-04:00,2026-08-31T00:06:47.272370+00:00
ibm_fez,7,6,cz,gate_error,0.0025412294963438053,,2026-08-30 05:08:32-04:00,2026-08-31T00:06:47.272370+00:00
ibm_fez,7,6,cz,gate_length,68.0,ns,2026-08-30 05:08:32-04:00,2026-08-31T00:06:47.272370+00:00
ibm_fez,15,19,cz,gate_error,0.002615837108511987,,2026-08-30 05:08:32-04:00,2026-08-31T00:06:47.272370+00:00
ibm_fez,15,19,cz,gate_length,68.0,ns,2026-08-30 05:08:32-04:00,2026-08-31T00:06:47.272370+00:00
ibm_fez,19,15,cz,gate_error,0.002615837108511987,,2026-08-30 05:08:32-04:00,2026-08-31T00:06:47.272370+00:00
ibm_fez,19,15,cz,gate_length,68.0,ns,2026-08-30 05:08:32-04:00,2026-08-31T00:06:47.272370+00:00
ibm_fez,33,34,cz,gate_error,0.002519159296329093,,2026-08-30 05:08:31-04:00,2026-08-31T00:06:47.272370+00:00
ibm_fez,33,34,cz,gate_length,68.0,ns,2026-08-30 05:08:31-04:00,2026-08-31T00:06:47.272370+00:00
ibm_fez,34,33,cz,gate_error,0.002519159296329093,,2026-08-30 05:08:31-04:00,2026-08-31T00:06:47.272370+00:00
ibm_fez,34,33,cz,gate_length,68.0,ns,2026-08-30 05:08:31-04:00,2026-08-31T00:06:47.272370+00:00
ibm_fez,43,44,cz,gate_error,0.0026799292850875622,,2026-08-30 05:08:31-04:00,2026-08-31T00:06:47.272370+00:00
ibm_fez,43,44,cz,gate_length,68.0,ns,2026-08-30 05:08:31-04:00,2026-08-31T00:06:47.272370+00:00
ibm_fez,44,43,cz,gate_error,0.0026799292850875622,,2026-08-30 05:08:31-04:00,2026-08-31T00:06:47.272370+00:00
ibm_fez,44,43,cz,gate_length,68.0,ns,2026-08-30 05:08:31-04:00,2026-08-31T00:06:47.272370+00:00
ibm_fez,73,79,cz,gate_error,0.0027364427775711797,,2026-08-30 05:08:31-04:00,2026-08-31T00:06:47.272370+00:00
ibm_fez,73,79,cz,gate_length,68.0,ns,2026-08-30 05:08:31-04:00,2026-08-31T00:06:47.272370+00:00
ibm_fez,79,73,cz,gate_error,0.0027364427775711797,,2026-08-30 05:08:31-04:00,2026-08-31T00:06:47.272370+00:00
ibm_fez,79,73,cz,gate_length,68.0,ns,2026-08-30 05:08:31-04:00,2026-08-31T00:06:47.272370+00:00
ibm_fez,70,71,cz,gate_error,0.003018487581281204,,2026-08-30 05:08:33-04:00,2026-08-31T00:06:47.272370+00:00
ibm_fez,70,71,cz,gate_length,68.0,ns,2026-08-30 05:08:33-04:00,2026-08-31T00:06:47.272370+00:00
ibm_fez,71,70,cz,gate_error,0.003018487581281204,,2026-08-30 05:08:33-04:00,2026-08-31T00:06:47.272370+00:00
ibm_fez,71,70,cz,gate_length,68.0,ns,2026-08-30 05:08:33-04:00,2026-08-31T00:06:47.272370+00:00
ibm_fez,125,126,cz,gate_error,0.005132386207481243,,2026-08-30 05:08:33-04:00,2026-08-31T00:06:47.272370+00:00
ibm_fez,125,126,cz,gate_length,68.0,ns,2026-08-30 05:08:33-04:00,2026-08-31T00:06:47.272370+00:00
ibm_fez,126,125,cz,gate_error,0.005132386207481243,,2026-08-30 05:08:33-04:00,2026-08-31T00:06:47.272370+00:00
ibm_fez,126,125,cz,gate_length,68.0,ns,2026-08-30 05:08:33-04:00,2026-08-31T00:06:47.272370+00:00
ibm_fez,118,129,cz,gate_error,0.0024341882776946766,,2026-08-30 05:08:34-04:00,2026-08-31T00:06:47.272370+00:00
ibm_fez,118,129,cz,gate_length,68.0,ns,2026-08-30 05:08:34-04:00,2026-08-31T00:06:47.272370+00:00
ibm_fez,129,118,cz,gate_error,0.0024341882776946766,,2026-08-30 05:08:34-04:00,2026-08-31T00:06:47.272370+00:00
ibm_fez,129,118,cz,gate_length,68.0,ns,2026-08-30 05:08:34-04:00,2026-08-31T00:06:47.272370+00:00
ibm_fez,130,131,cz,gate_error,0.0023666686078912813,,2026-08-30 05:08:31-04:00,2026-08-31T00:06:47.272370+00:00
ibm_fez,130,131,cz,gate_length,68.0,ns,2026-08-30 05:08:31-04:00,2026-08-31T00:06:47.272370+00:00
ibm_fez,131,130,cz,gate_error,0.0023666686078912813,,2026-08-30 05:08:31-04:00,2026-08-31T00:06:47.272370+00:00
ibm_fez,131,130,cz,gate_length,68.0,ns,2026-08-30 05:08:31-04:00,2026-08-31T00:06:47.272370+00:00
ibm_fez,34,35,cz,gate_error,0.002538906021424009,,2026-08-30 05:08:33-04:00,2026-08-31T00:06:47.272370+00:00
ibm_fez,34,35,cz,gate_length,68.0,ns,2026-08-30 05:08:33-04:00,2026-08-31T00:06:47.272370+00:00
ibm_fez,35,34,cz,gate_error,0.002538906021424009,,2026-08-30 05:08:33-04:00,2026-08-31T00:06:47.272370+00:00
ibm_fez,35,34,cz,gate_length,68.0,ns,2026-08-30 05:08:33-04:00,2026-08-31T00:06:47.272370+00:00
ibm_fez,11,12,cz,gate_error,0.010550390317757535,,2026-08-30 05:08:32-04:00,2026-08-31T00:06:47.272370+00:00
ibm_fez,11,12,cz,gate_length,68.0,ns,2026-08-30 05:08:32-04:00,2026-08-31T00:06:47.272370+00:00
ibm_fez,12,11,cz,gate_error,0.010550390317757535,,2026-08-30 05:08:32-04:00,2026-08-31T00:06:47.272370+00:00
ibm_fez,12,11,cz,gate_length,68.0,ns,2026-08-30 05:08:32-04:00,2026-08-31T00:06:47.272370+00:00
ibm_fez,66,67,cz,gate_error,0.00305664035346076,,2026-08-30 05:08:33-04:00,2026-08-31T00:06:47.272370+00:00
ibm_fez,66,67,cz,gate_length,68.0,ns,2026-08-30 05:08:33-04:00,2026-08-31T00:06:47.272370+00:00
ibm_fez,67,66,cz,gate_error,0.00305664035346076,,2026-08-30 05:08:33-04:00,2026-08-31T00:06:47.272370+00:00
ibm_fez,67,66,cz,gate_length,68.0,ns,2026-08-30 05:08:33-04:00,2026-08-31T00:06:47.272370+00:00
ibm_fez,65,77,cz,gate_error,0.0036754175379346554,,2026-08-30 05:08:32-04:00,2026-08-31T00:06:47.272370+00:00
ibm_fez,65,77,cz,gate_length,68.0,ns,2026-08-30 05:08:32-04:00,2026-08-31T00:06:47.272370+00:00
ibm_fez,77,65,cz,gate_error,0.0036754175379346554,,2026-08-30 05:08:32-04:00,2026-08-31T00:06:47.272370+00:00
ibm_fez,77,65,cz,gate_length,68.0,ns,2026-08-30 05:08:32-04:00,2026-08-31T00:06:47.272370+00:00
ibm_fez,131,132,cz,gate_error,0.0012439492400312946,,2026-08-30 05:08:32-04:00,2026-08-31T00:06:47.272370+00:00
ibm_fez,131,132,cz,gate_length,68.0,ns,2026-08-30 05:08:32-04:00,2026-08-31T00:06:47.272370+00:00
ibm_fez,132,131,cz,gate_error,0.0012439492400312946,,2026-08-30 05:08:32-04:00,2026-08-31T00:06:47.272370+00:00
ibm_fez,132,131,cz,gate_length,68.0,ns,2026-08-30 05:08:32-04:00,2026-08-31T00:06:47.272370+00:00
ibm_fez,7,8,cz,gate_error,0.00308331798922698,,2026-08-30 05:08:32-04:00,2026-08-31T00:06:47.272370+00:00
ibm_fez,7,8,cz,gate_length,68.0,ns,2026-08-30 05:08:32-04:00,2026-08-31T00:06:47.272370+00:00
ibm_fez,8,7,cz,gate_error,0.00308331798922698,,2026-08-30 05:08:32-04:00,2026-08-31T00:06:47.272370+00:00
ibm_fez,8,7,cz,gate_length,68.0,ns,2026-08-30 05:08:32-04:00,2026-08-31T00:06:47.272370+00:00
ibm_fez,72,73,rzz,gate_error,1.0,,2026-08-30 19:39:54.060372-04:00,2026-08-31T00:06:47.272370+00:00
ibm_fez,72,73,rzz,gate_length,68.0,ns,2026-08-30 19:39:54.060372-04:00,2026-08-31T00:06:47.272370+00:00
ibm_fez,73,72,rzz,gate_error,1.0,,2026-08-30 19:39:54.060379-04:00,2026-08-31T00:06:47.272370+00:00
ibm_fez,73,72,rzz,gate_length,68.0,ns,2026-08-30 19:39:54.060379-04:00,2026-08-31T00:06:47.272370+00:00
ibm_fez,71,72,rzz,gate_error,1.0,,2026-08-30 19:39:54.393423-04:00,2026-08-31T00:06:47.272370+00:00
ibm_fez,71,72,rzz,gate_length,68.0,ns,2026-08-30 19:39:54.393423-04:00,2026-08-31T00:06:47.272370+00:00
ibm_fez,72,71,rzz,gate_error,1.0,,2026-08-30 19:39:54.393431-04:00,2026-08-31T00:06:47.272370+00:00
ibm_fez,72,71,rzz,gate_length,68.0,ns,2026-08-30 19:39:54.393431-04:00,2026-08-31T00:06:47.272370+00:00
ibm_fez,99,115,rzz,gate_error,1.0,,2026-08-30 19:39:54.432592-04:00,2026-08-31T00:06:47.272370+00:00
ibm_fez,99,115,rzz,gate_length,68.0,ns,2026-08-30 19:39:54.432592-04:00,2026-08-31T00:06:47.272370+00:00
ibm_fez,115,99,rzz,gate_error,1.0,,2026-08-30 19:39:54.432599-04:00,2026-08-31T00:06:47.272370+00:00
ibm_fez,115,99,rzz,gate_length,68.0,ns,2026-08-30 19:39:54.432599-04:00,2026-08-31T00:06:47.272370+00:00
ibm_fez,95,99,rzz,gate_error,1.0,,2026-08-30 19:39:54.893291-04:00,2026-08-31T00:06:47.272370+00:00
ibm_fez,95,99,rzz,gate_length,68.0,ns,2026-08-30 19:39:54.893291-04:00,2026-08-31T00:06:47.272370+00:00
ibm_fez,99,95,rzz,gate_error,1.0,,2026-08-30 19:39:54.893299-04:00,2026-08-31T00:06:47.272370+00:00
ibm_fez,99,95,rzz,gate_length,68.0,ns,2026-08-30 19:39:54.893299-04:00,2026-08-31T00:06:47.272370+00:00
ibm_fez,27,28,rzz,gate_error,1.0,,2026-08-30 19:39:54.930793-04:00,2026-08-31T00:06:47.272370+00:00
ibm_fez,27,28,rzz,gate_length,68.0,ns,2026-08-30 19:39:54.930793-04:00,2026-08-31T00:06:47.272370+00:00
ibm_fez,28,27,rzz,gate_error,1.0,,2026-08-30 19:39:54.930801-04:00,2026-08-31T00:06:47.272370+00:00
ibm_fez,28,27,rzz,gate_length,68.0,ns,2026-08-30 19:39:54.930801-04:00,2026-08-31T00:06:47.272370+00:00
ibm_fez,32,33,rzz,gate_error,1.0,,2026-08-30 19:39:55.367872-04:00,2026-08-31T00:06:47.272370+00:00
ibm_fez,32,33,rzz,gate_length,68.0,ns,2026-08-30 19:39:55.367872-04:00,2026-08-31T00:06:47.272370+00:00
ibm_fez,33,32,rzz,gate_error,1.0,,2026-08-30 19:39:55.367879-04:00,2026-08-31T00:06:47.272370+00:00
ibm_fez,33,32,rzz,gate_length,68.0,ns,2026-08-30 19:39:55.367879-04:00,2026-08-31T00:06:47.272370+00:00
ibm_marrakesh,72,73,cz,gate_error,0.004632570947952802,,2026-08-30 18:51:15-04:00,2026-08-31T00:06:52.147146+00:00
ibm_marrakesh,72,73,cz,gate_length,68.0,ns,2026-08-30 18:51:15-04:00,2026-08-31T00:06:52.147146+00:00
ibm_marrakesh,73,72,cz,gate_error,0.004632570947952802,,2026-08-30 18:51:15-04:00,2026-08-31T00:06:52.147146+00:00
ibm_marrakesh,73,72,cz,gate_length,68.0,ns,2026-08-30 18:51:15-04:00,2026-08-31T00:06:52.147146+00:00
ibm_marrakesh,7,17,cz,gate_error,0.00263089894516913,,2026-08-30 18:51:30-04:00,2026-08-31T00:06:52.147146+00:00
ibm_marrakesh,7,17,cz,gate_length,68.0,ns,2026-08-30 18:51:30-04:00,2026-08-31T00:06:52.147146+00:00
ibm_marrakesh,17,7,cz,gate_error,0.00263089894516913,,2026-08-30 18:51:30-04:00,2026-08-31T00:06:52.147146+00:00
ibm_marrakesh,17,7,cz,gate_length,68.0,ns,2026-08-30 18:51:30-04:00,2026-08-31T00:06:52.147146+00:00
ibm_marrakesh,67,68,cz,gate_error,0.00413347448318882,,2026-08-30 18:51:34-04:00,2026-08-31T00:06:52.147146+00:00
ibm_marrakesh,67,68,cz,gate_length,68.0,ns,2026-08-30 18:51:34-04:00,2026-08-31T00:06:52.147146+00:00
ibm_marrakesh,68,67,cz,gate_error,0.00413347448318882,,2026-08-30 18:51:34-04:00,2026-08-31T00:06:52.147146+00:00
ibm_marrakesh,68,67,cz,gate_length,68.0,ns,2026-08-30 18:51:34-04:00,2026-08-31T00:06:52.147146+00:00
ibm_marrakesh,44,45,cz,gate_error,0.002400379311441825,,2026-08-30 18:51:30-04:00,2026-08-31T00:06:52.147146+00:00
ibm_marrakesh,44,45,cz,gate_length,68.0,ns,2026-08-30 18:51:30-04:00,2026-08-31T00:06:52.147146+00:00
ibm_marrakesh,45,44,cz,gate_error,0.002400379311441825,,2026-08-30 18:51:30-04:00,2026-08-31T00:06:52.147146+00:00
ibm_marrakesh,45,44,cz,gate_length,68.0,ns,2026-08-30 18:51:30-04:00,2026-08-31T00:06:52.147146+00:00
ibm_marrakesh,8,9,cz,gate_error,0.0027767436910485777,,2026-08-30 18:51:13-04:00,2026-08-31T00:06:52.147146+00:00
ibm_marrakesh,8,9,cz,gate_length,68.0,ns,2026-08-30 18:51:13-04:00,2026-08-31T00:06:52.147146+00:00
ibm_marrakesh,9,8,cz,gate_error,0.0027767436910485777,,2026-08-30 18:51:13-04:00,2026-08-31T00:06:52.147146+00:00
ibm_marrakesh,9,8,cz,gate_length,68.0,ns,2026-08-30 18:51:13-04:00,2026-08-31T00:06:52.147146+00:00
ibm_marrakesh,100,101,cz,gate_error,0.002554187446945827,,2026-08-30 18:51:16-04:00,2026-08-31T00:06:52.147146+00:00
ibm_marrakesh,100,101,cz,gate_length,68.0,ns,2026-08-30 18:51:16-04:00,2026-08-31T00:06:52.147146+00:00
ibm_marrakesh,101,100,cz,gate_error,0.002554187446945827,,2026-08-30 18:51:16-04:00,2026-08-31T00:06:52.147146+00:00
ibm_marrakesh,101,100,cz,gate_length,68.0,ns,2026-08-30 18:51:16-04:00,2026-08-31T00:06:52.147146+00:00
ibm_marrakesh,91,98,cz,gate_error,0.0015991223495600004,,2026-08-30 18:51:20-04:00,2026-08-31T00:06:52.147146+00:00
ibm_marrakesh,91,98,cz,gate_length,68.0,ns,2026-08-30 18:51:20-04:00,2026-08-31T00:06:52.147146+00:00
ibm_marrakesh,98,91,cz,gate_error,0.0015991223495600004,,2026-08-30 18:51:20-04:00,2026-08-31T00:06:52.147146+00:00
ibm_marrakesh,98,91,cz,gate_length,68.0,ns,2026-08-30 18:51:20-04:00,2026-08-31T00:06:52.147146+00:00
ibm_marrakesh,132,133,cz,gate_error,0.0029170845842233506,,2026-08-30 18:51:29-04:00,2026-08-31T00:06:52.147146+00:00
ibm_marrakesh,132,133,cz,gate_length,68.0,ns,2026-08-30 18:51:29-04:00,2026-08-31T00:06:52.147146+00:00
ibm_marrakesh,133,132,cz,gate_error,0.0029170845842233506,,2026-08-30 18:51:29-04:00,2026-08-31T00:06:52.147146+00:00
ibm_marrakesh,133,132,cz,gate_length,68.0,ns,2026-08-30 18:51:29-04:00,2026-08-31T00:06:52.147146+00:00
ibm_marrakesh,41,42,cz,gate_error,0.009523604526080531,,2026-08-30 18:51:33-04:00,2026-08-31T00:06:52.147146+00:00
ibm_marrakesh,41,42,cz,gate_length,68.0,ns,2026-08-30 18:51:33-04:00,2026-08-31T00:06:52.147146+00:00
ibm_marrakesh,42,41,cz,gate_error,0.009523604526080531,,2026-08-30 18:51:33-04:00,2026-08-31T00:06:52.147146+00:00
ibm_marrakesh,42,41,cz,gate_length,68.0,ns,2026-08-30 18:51:33-04:00,2026-08-31T00:06:52.147146+00:00
ibm_marrakesh,55,59,cz,gate_error,0.0024125859288043894,,2026-08-30 18:51:19-04:00,2026-08-31T00:06:52.147146+00:00
ibm_marrakesh,55,59,cz,gate_length,68.0,ns,2026-08-30 18:51:19-04:00,2026-08-31T00:06:52.147146+00:00
ibm_marrakesh,59,55,cz,gate_error,0.0024125859288043894,,2026-08-30 18:51:19-04:00,2026-08-31T00:06:52.147146+00:00
ibm_marrakesh,59,55,cz,gate_length,68.0,ns,2026-08-30 18:51:19-04:00,2026-08-31T00:06:52.147146+00:00
ibm_marrakesh,73,74,cz,gate_error,0.0032848948319735005,,2026-08-30 18:51:34-04:00,2026-08-31T00:06:52.147146+00:00
ibm_marrakesh,73,74,cz,gate_length,68.0,ns,2026-08-30 18:51:34-04:00,2026-08-31T00:06:52.147146+00:00
ibm_marrakesh,74,73,cz,gate_error,0.0032848948319735005,,2026-08-30 18:51:34-04:00,2026-08-31T00:06:52.147146+00:00
ibm_marrakesh,74,73,cz,gate_length,68.0,ns,2026-08-30 18:51:34-04:00,2026-08-31T00:06:52.147146+00:00
ibm_marrakesh,133,134,cz,gate_error,0.018831270558353902,,2026-08-30 18:51:33-04:00,2026-08-31T00:06:52.147146+00:00
ibm_marrakesh,133,134,cz,gate_length,80.0,ns,2026-08-30 18:51:33-04:00,2026-08-31T00:06:52.147146+00:00
ibm_marrakesh,134,133,cz,gate_error,0.018831270558353902,,2026-08-30 18:51:33-04:00,2026-08-31T00:06:52.147146+00:00
ibm_marrakesh,134,133,cz,gate_length,80.0,ns,2026-08-30 18:51:33-04:00,2026-08-31T00:06:52.147146+00:00
ibm_marrakesh,59,75,cz,gate_error,0.0013060346882782792,,2026-08-30 18:51:27-04:00,2026-08-31T00:06:52.147146+00:00
ibm_marrakesh,59,75,cz,gate_length,68.0,ns,2026-08-30 18:51:27-04:00,2026-08-31T00:06:52.147146+00:00
ibm_marrakesh,75,59,cz,gate_error,0.0013060346882782792,,2026-08-30 18:51:27-04:00,2026-08-31T00:06:52.147146+00:00
ibm_marrakesh,75,59,cz,gate_length,68.0,ns,2026-08-30 18:51:27-04:00,2026-08-31T00:06:52.147146+00:00
ibm_marrakesh,14,15,cz,gate_error,0.006311916663963829,,2026-08-30 18:51:22-04:00,2026-08-31T00:06:52.147146+00:00
ibm_marrakesh,14,15,cz,gate_length,68.0,ns,2026-08-30 18:51:22-04:00,2026-08-31T00:06:52.147146+00:00
ibm_marrakesh,15,14,cz,gate_error,0.006311916663963829,,2026-08-30 18:51:22-04:00,2026-08-31T00:06:52.147146+00:00
ibm_marrakesh,15,14,cz,gate_length,68.0,ns,2026-08-30 18:51:22-04:00,2026-08-31T00:06:52.147146+00:00
ibm_marrakesh,9,10,cz,gate_error,0.002040664513692364,,2026-08-30 18:51:18-04:00,2026-08-31T00:06:52.147146+00:00
ibm_marrakesh,9,10,cz,gate_length,68.0,ns,2026-08-30 18:51:18-04:00,2026-08-31T00:06:52.147146+00:00
ibm_marrakesh,10,9,cz,gate_error,0.002040664513692364,,2026-08-30 18:51:18-04:00,2026-08-31T00:06:52.147146+00:00
ibm_marrakesh,10,9,cz,gate_length,68.0,ns,2026-08-30 18:51:18-04:00,2026-08-31T00:06:52.147146+00:00
ibm_marrakesh,74,75,cz,gate_error,0.0024057871165588662,,2026-08-30 18:51:23-04:00,2026-08-31T00:06:52.147146+00:00
ibm_marrakesh,74,75,cz,gate_length,68.0,ns,2026-08-30 18:51:23-04:00,2026-08-31T00:06:52.147146+00:00
ibm_marrakesh,75,74,cz,gate_error,0.0024057871165588662,,2026-08-30 18:51:23-04:00,2026-08-31T00:06:52.147146+00:00
ibm_marrakesh,75,74,cz,gate_length,68.0,ns,2026-08-30 18:51:23-04:00,2026-08-31T00:06:52.147146+00:00
ibm_marrakesh,39,53,cz,gate_error,0.0032605575668267495,,2026-08-30 18:51:34-04:00,2026-08-31T00:06:52.147146+00:00
ibm_marrakesh,39,53,cz,gate_length,68.0,ns,2026-08-30 18:51:34-04:00,2026-08-31T00:06:52.147146+00:00
ibm_marrakesh,53,39,cz,gate_error,0.0032605575668267495,,2026-08-30 18:51:34-04:00,2026-08-31T00:06:52.147146+00:00
ibm_marrakesh,53,39,cz,gate_length,68.0,ns,2026-08-30 18:51:34-04:00,2026-08-31T00:06:52.147146+00:00
ibm_marrakesh,129,130,cz,gate_error,1.0,,2026-08-30 18:54:02.742683-04:00,2026-08-31T00:06:52.147146+00:00
ibm_marrakesh,129,130,cz,gate_length,68.0,ns,2026-08-30 18:54:02.742683-04:00,2026-08-31T00:06:52.147146+00:00
ibm_marrakesh,130,129,cz,gate_error,1.0,,2026-08-30 18:54:02.742690-04:00,2026-08-31T00:06:52.147146+00:00
ibm_marrakesh,130,129,cz,gate_length,68.0,ns,2026-08-30 18:54:02.742690-04:00,2026-08-31T00:06:52.147146+00:00
ibm_marrakesh,106,107,cz,gate_error,0.0026366831028497018,,2026-08-30 18:51:28-04:00,2026-08-31T00:06:52.147146+00:00
ibm_marrakesh,106,107,cz,gate_length,68.0,ns,2026-08-30 18:51:28-04:00,2026-08-31T00:06:52.147146+00:00
ibm_marrakesh,107,106,cz,gate_error,0.0026366831028497018,,2026-08-30 18:51:28-04:00,2026-08-31T00:06:52.147146+00:00
ibm_marrakesh,107,106,cz,gate_length,68.0,ns,2026-08-30 18:51:28-04:00,2026-08-31T00:06:52.147146+00:00
ibm_marrakesh,83,96,cz,gate_error,0.002993539760781594,,2026-08-30 18:51:37-04:00,2026-08-31T00:06:52.147146+00:00
ibm_marrakesh,83,96,cz,gate_length,68.0,ns,2026-08-30 18:51:37-04:00,2026-08-31T00:06:52.147146+00:00
ibm_marrakesh,96,83,cz,gate_error,0.002993539760781594,,2026-08-30 18:51:37-04:00,2026-08-31T00:06:52.147146+00:00
ibm_marrakesh,96,83,cz,gate_length,68.0,ns,2026-08-30 18:51:37-04:00,2026-08-31T00:06:52.147146+00:00
ibm_marrakesh,111,112,cz,gate_error,0.002304046621644351,,2026-08-30 18:51:32-04:00,2026-08-31T00:06:52.147146+00:00
ibm_marrakesh,111,112,cz,gate_length,68.0,ns,2026-08-30 18:51:32-04:00,2026-08-31T00:06:52.147146+00:00
ibm_marrakesh,112,111,cz,gate_error,0.002304046621644351,,2026-08-30 18:51:32-04:00,2026-08-31T00:06:52.147146+00:00
ibm_marrakesh,112,111,cz,gate_length,68.0,ns,2026-08-30 18:51:32-04:00,2026-08-31T00:06:52.147146+00:00
ibm_marrakesh,138,151,cz,gate_error,0.003615015727430476,,2026-08-30 18:51:38-04:00,2026-08-31T00:06:52.147146+00:00
ibm_marrakesh,138,151,cz,gate_length,68.0,ns,2026-08-30 18:51:38-04:00,2026-08-31T00:06:52.147146+00:00
ibm_marrakesh,151,138,cz,gate_error,0.003615015727430476,,2026-08-30 18:51:38-04:00,2026-08-31T00:06:52.147146+00:00
ibm_marrakesh,151,138,cz,gate_length,68.0,ns,2026-08-30 18:51:38-04:00,2026-08-31T00:06:52.147146+00:00
ibm_marrakesh,47,48,cz,gate_error,0.011035727593757094,,2026-08-30 18:51:19-04:00,2026-08-31T00:06:52.147146+00:00
ibm_marrakesh,47,48,cz,gate_length,68.0,ns,2026-08-30 18:51:19-04:00,2026-08-31T00:06:52.147146+00:00
ibm_marrakesh,48,47,cz,gate_error,0.011035727593757094,,2026-08-30 18:51:19-04:00,2026-08-31T00:06:52.147146+00:00
ibm_marrakesh,48,47,cz,gate_length,68.0,ns,2026-08-30 18:51:19-04:00,2026-08-31T00:06:52.147146+00:00
ibm_marrakesh,42,43,cz,gate_error,0.004956090542830943,,2026-08-30 18:51:14-04:00,2026-08-31T00:06:52.147146+00:00
ibm_marrakesh,42,43,cz,gate_length,68.0,ns,2026-08-30 18:51:14-04:00,2026-08-31T00:06:52.147146+00:00
ibm_marrakesh,43,42,cz,gate_error,0.004956090542830943,,2026-08-30 18:51:14-04:00,2026-08-31T00:06:52.147146+00:00
ibm_marrakesh,43,42,cz,gate_length,68.0,ns,2026-08-30 18:51:14-04:00,2026-08-31T00:06:52.147146+00:00
ibm_marrakesh,47,57,cz,gate_error,0.0018016094409459837,,2026-08-30 18:51:23-04:00,2026-08-31T00:06:52.147146+00:00
ibm_marrakesh,47,57,cz,gate_length,68.0,ns,2026-08-30 18:51:23-04:00,2026-08-31T00:06:52.147146+00:00
ibm_marrakesh,57,47,cz,gate_error,0.0018016094409459837,,2026-08-30 18:51:23-04:00,2026-08-31T00:06:52.147146+00:00
ibm_marrakesh,57,47,cz,gate_length,68.0,ns,2026-08-30 18:51:23-04:00,2026-08-31T00:06:52.147146+00:00
ibm_marrakesh,107,108,cz,gate_error,0.0029247106329868267,,2026-08-30 18:51:32-04:00,2026-08-31T00:06:52.147146+00:00
ibm_marrakesh,107,108,cz,gate_length,68.0,ns,2026-08-30 18:51:32-04:00,2026-08-31T00:06:52.147146+00:00
ibm_marrakesh,108,107,cz,gate_error,0.0029247106329868267,,2026-08-30 18:51:32-04:00,2026-08-31T00:06:52.147146+00:00
ibm_marrakesh,108,107,cz,gate_length,68.0,ns,2026-08-30 18:51:32-04:00,2026-08-31T00:06:52.147146+00:00
ibm_marrakesh,134,135,cz,gate_error,0.0019959318332332388,,2026-08-30 18:51:17-04:00,2026-08-31T00:06:52.147146+00:00
ibm_marrakesh,134,135,cz,gate_length,68.0,ns,2026-08-30 18:51:17-04:00,2026-08-31T00:06:52.147146+00:00
ibm_marrakesh,135,134,cz,gate_error,0.0019959318332332388,,2026-08-30 18:51:17-04:00,2026-08-31T00:06:52.147146+00:00
ibm_marrakesh,135,134,cz,gate_length,68.0,ns,2026-08-30 18:51:17-04:00,2026-08-31T00:06:52.147146+00:00
ibm_marrakesh,144,145,cz,gate_error,0.006887507951735011,,2026-08-30 18:51:17-04:00,2026-08-31T00:06:52.147146+00:00
ibm_marrakesh,144,145,cz,gate_length,68.0,ns,2026-08-30 18:51:17-04:00,2026-08-31T00:06:52.147146+00:00
ibm_marrakesh,145,144,cz,gate_error,0.006887507951735011,,2026-08-30 18:51:17-04:00,2026-08-31T00:06:52.147146+00:00
ibm_marrakesh,145,144,cz,gate_length,68.0,ns,2026-08-30 18:51:17-04:00,2026-08-31T00:06:52.147146+00:00
ibm_marrakesh,48,49,cz,gate_error,0.00947873264352106,,2026-08-30 18:51:30-04:00,2026-08-31T00:06:52.147146+00:00
ibm_marrakesh,48,49,cz,gate_length,68.0,ns,2026-08-30 18:51:30-04:00,2026-08-31T00:06:52.147146+00:00
ibm_marrakesh,49,48,cz,gate_error,0.00947873264352106,,2026-08-30 18:51:30-04:00,2026-08-31T00:06:52.147146+00:00
ibm_marrakesh,49,48,cz,gate_length,68.0,ns,2026-08-30 18:51:30-04:00,2026-08-31T00:06:52.147146+00:00
ibm_marrakesh,77,85,cz,gate_error,0.002958335383455468,,2026-08-30 18:51:27-04:00,2026-08-31T00:06:52.147146+00:00
ibm_marrakesh,77,85,cz,gate_length,68.0,ns,2026-08-30 18:51:27-04:00,2026-08-31T00:06:52.147146+00:00
ibm_marrakesh,85,77,cz,gate_error,0.002958335383455468,,2026-08-30 18:51:27-04:00,2026-08-31T00:06:52.147146+00:00
ibm_marrakesh,85,77,cz,gate_length,68.0,ns,2026-08-30 18:51:27-04:00,2026-08-31T00:06:52.147146+00:00
ibm_marrakesh,103,104,cz,gate_error,0.0024154569656882063,,2026-08-30 18:51:32-04:00,2026-08-31T00:06:52.147146+00:00
ibm_marrakesh,103,104,cz,gate_length,68.0,ns,2026-08-30 18:51:32-04:00,2026-08-31T00:06:52.147146+00:00
ibm_marrakesh,104,103,cz,gate_error,0.0024154569656882063,,2026-08-30 18:51:32-04:00,2026-08-31T00:06:52.147146+00:00
ibm_marrakesh,104,103,cz,gate_length,68.0,ns,2026-08-30 18:51:32-04:00,2026-08-31T00:06:52.147146+00:00
ibm_marrakesh,80,81,cz,gate_error,0.004961281683238644,,2026-08-30 18:51:31-04:00,2026-08-31T00:06:52.147146+00:00
ibm_marrakesh,80,81,cz,gate_length,68.0,ns,2026-08-30 18:51:31-04:00,2026-08-31T00:06:52.147146+00:00
ibm_marrakesh,81,80,cz,gate_error,0.004961281683238644,,2026-08-30 18:51:31-04:00,2026-08-31T00:06:52.147146+00:00
ibm_marrakesh,81,80,cz,gate_length,68.0,ns,2026-08-30 18:51:31-04:00,2026-08-31T00:06:52.147146+00:00
ibm_marrakesh,85,86,cz,gate_error,0.003911779634240775,,2026-08-30 18:51:35-04:00,2026-08-31T00:06:52.147146+00:00
ibm_marrakesh,85,86,cz,gate_length,68.0,ns,2026-08-30 18:51:35-04:00,2026-08-31T00:06:52.147146+00:00
ibm_marrakesh,86,85,cz,gate_error,0.003911779634240775,,2026-08-30 18:51:35-04:00,2026-08-31T00:06:52.147146+00:00
ibm_marrakesh,86,85,cz,gate_length,68.0,ns,2026-08-30 18:51:35-04:00,2026-08-31T00:06:52.147146+00:00
ibm_marrakesh,131,138,cz,gate_error,0.0013334809781467005,,2026-08-30 18:51:21-04:00,2026-08-31T00:06:52.147146+00:00
ibm_marrakesh,131,138,cz,gate_length,68.0,ns,2026-08-30 18:51:21-04:00,2026-08-31T00:06:52.147146+00:00
ibm_marrakesh,138,131,cz,gate_error,0.0013334809781467005,,2026-08-30 18:51:21-04:00,2026-08-31T00:06:52.147146+00:00
ibm_marrakesh,138,131,cz,gate_length,68.0,ns,2026-08-30 18:51:21-04:00,2026-08-31T00:06:52.147146+00:00
ibm_marrakesh,140,141,cz,gate_error,0.001909498716817476,,2026-08-30 18:51:17-04:00,2026-08-31T00:06:52.147146+00:00
ibm_marrakesh,140,141,cz,gate_length,68.0,ns,2026-08-30 18:51:17-04:00,2026-08-31T00:06:52.147146+00:00
ibm_marrakesh,141,140,cz,gate_error,0.001909498716817476,,2026-08-30 18:51:17-04:00,2026-08-31T00:06:52.147146+00:00
ibm_marrakesh,141,140,cz,gate_length,68.0,ns,2026-08-30 18:51:17-04:00,2026-08-31T00:06:52.147146+00:00
ibm_marrakesh,36,41,cz,gate_error,0.008474478703706684,,2026-08-30 18:51:26-04:00,2026-08-31T00:06:52.147146+00:00
ibm_marrakesh,36,41,cz,gate_length,68.0,ns,2026-08-30 18:51:26-04:00,2026-08-31T00:06:52.147146+00:00
ibm_marrakesh,41,36,cz,gate_error,0.008474478703706684,,2026-08-30 18:51:26-04:00,2026-08-31T00:06:52.147146+00:00
ibm_marrakesh,41,36,cz,gate_length,68.0,ns,2026-08-30 18:51:26-04:00,2026-08-31T00:06:52.147146+00:00
ibm_marrakesh,71,72,cz,gate_error,0.0028073716600527376,,2026-08-30 18:51:31-04:00,2026-08-31T00:06:52.147146+00:00
ibm_marrakesh,71,72,cz,gate_length,68.0,ns,2026-08-30 18:51:31-04:00,2026-08-31T00:06:52.147146+00:00
ibm_marrakesh,72,71,cz,gate_error,0.0028073716600527376,,2026-08-30 18:51:31-04:00,2026-08-31T00:06:52.147146+00:00
ibm_marrakesh,72,71,cz,gate_length,68.0,ns,2026-08-30 18:51:31-04:00,2026-08-31T00:06:52.147146+00:00
ibm_marrakesh,81,82,cz,gate_error,1.0,,2026-08-30 18:54:02.917844-04:00,2026-08-31T00:06:52.147146+00:00
ibm_marrakesh,81,82,cz,gate_length,68.0,ns,2026-08-30 18:54:02.917844-04:00,2026-08-31T00:06:52.147146+00:00
ibm_marrakesh,82,81,cz,gate_error,1.0,,2026-08-30 18:54:02.917851-04:00,2026-08-31T00:06:52.147146+00:00
ibm_marrakesh,82,81,cz,gate_length,68.0,ns,2026-08-30 18:54:02.917851-04:00,2026-08-31T00:06:52.147146+00:00
ibm_marrakesh,108,109,cz,gate_error,0.0034732670427981283,,2026-08-30 18:51:16-04:00,2026-08-31T00:06:52.147146+00:00
ibm_marrakesh,108,109,cz,gate_length,68.0,ns,2026-08-30 18:51:16-04:00,2026-08-31T00:06:52.147146+00:00
ibm_marrakesh,109,108,cz,gate_error,0.0034732670427981283,,2026-08-30 18:51:16-04:00,2026-08-31T00:06:52.147146+00:00
ibm_marrakesh,109,108,cz,gate_length,68.0,ns,2026-08-30 18:51:16-04:00,2026-08-31T00:06:52.147146+00:00
ibm_marrakesh,12,13,cz,gate_error,0.0031614668075935215,,2026-08-30 18:51:13-04:00,2026-08-31T00:06:52.147146+00:00
ibm_marrakesh,12,13,cz,gate_length,80.0,ns,2026-08-30 18:51:13-04:00,2026-08-31T00:06:52.147146+00:00
ibm_marrakesh,13,12,cz,gate_error,0.0031614668075935215,,2026-08-30 18:51:13-04:00,2026-08-31T00:06:52.147146+00:00
ibm_marrakesh,13,12,cz,gate_length,80.0,ns,2026-08-30 18:51:13-04:00,2026-08-31T00:06:52.147146+00:00
ibm_marrakesh,99,115,cz,gate_error,0.003776673352781007,,2026-08-30 18:51:24-04:00,2026-08-31T00:06:52.147146+00:00
ibm_marrakesh,99,115,cz,gate_length,68.0,ns,2026-08-30 18:51:24-04:00,2026-08-31T00:06:52.147146+00:00
ibm_marrakesh,115,99,cz,gate_error,0.003776673352781007,,2026-08-30 18:51:24-04:00,2026-08-31T00:06:52.147146+00:00
ibm_marrakesh,115,99,cz,gate_length,68.0,ns,2026-08-30 18:51:24-04:00,2026-08-31T00:06:52.147146+00:00
ibm_marrakesh,22,23,cz,gate_error,0.0026431705200780364,,2026-08-30 18:51:36-04:00,2026-08-31T00:06:52.147146+00:00
ibm_marrakesh,22,23,cz,gate_length,68.0,ns,2026-08-30 18:51:36-04:00,2026-08-31T00:06:52.147146+00:00
ibm_marrakesh,23,22,cz,gate_error,0.0026431705200780364,,2026-08-30 18:51:36-04:00,2026-08-31T00:06:52.147146+00:00
ibm_marrakesh,23,22,cz,gate_length,68.0,ns,2026-08-30 18:51:36-04:00,2026-08-31T00:06:52.147146+00:00
ibm_marrakesh,29,38,cz,gate_error,0.0026658601975247664,,2026-08-30 18:51:22-04:00,2026-08-31T00:06:52.147146+00:00
ibm_marrakesh,29,38,cz,gate_length,68.0,ns,2026-08-30 18:51:22-04:00,2026-08-31T00:06:52.147146+00:00
ibm_marrakesh,38,29,cz,gate_error,0.0026658601975247664,,2026-08-30 18:51:22-04:00,2026-08-31T00:06:52.147146+00:00
ibm_marrakesh,38,29,cz,gate_length,68.0,ns,2026-08-30 18:51:22-04:00,2026-08-31T00:06:52.147146+00:00
ibm_marrakesh,49,50,cz,gate_error,0.0030615923561749803,,2026-08-30 18:51:34-04:00,2026-08-31T00:06:52.147146+00:00
ibm_marrakesh,49,50,cz,gate_length,68.0,ns,2026-08-30 18:51:34-04:00,2026-08-31T00:06:52.147146+00:00
ibm_marrakesh,50,49,cz,gate_error,0.0030615923561749803,,2026-08-30 18:51:34-04:00,2026-08-31T00:06:52.147146+00:00
ibm_marrakesh,50,49,cz,gate_length,68.0,ns,2026-08-30 18:51:34-04:00,2026-08-31T00:06:52.147146+00:00
ibm_marrakesh,104,105,cz,gate_error,0.001506213882217028,,2026-08-30 18:51:16-04:00,2026-08-31T00:06:52.147146+00:00
ibm_marrakesh,104,105,cz,gate_length,68.0,ns,2026-08-30 18:51:16-04:00,2026-08-31T00:06:52.147146+00:00
ibm_marrakesh,105,104,cz,gate_error,0.001506213882217028,,2026-08-30 18:51:16-04:00,2026-08-31T00:06:52.147146+00:00
ibm_marrakesh,105,104,cz,gate_length,68.0,ns,2026-08-30 18:51:16-04:00,2026-08-31T00:06:52.147146+00:00
ibm_marrakesh,114,115,cz,gate_error,0.00370286553757998,,2026-08-30 18:51:28-04:00,2026-08-31T00:06:52.147146+00:00
ibm_marrakesh,114,115,cz,gate_length,68.0,ns,2026-08-30 18:51:28-04:00,2026-08-31T00:06:52.147146+00:00
ibm_marrakesh,115,114,cz,gate_error,0.00370286553757998,,2026-08-30 18:51:28-04:00,2026-08-31T00:06:52.147146+00:00
ibm_marrakesh,115,114,cz,gate_length,68.0,ns,2026-08-30 18:51:28-04:00,2026-08-31T00:06:52.147146+00:00
ibm_marrakesh,109,110,cz,gate_error,0.0017006475042312952,,2026-08-30 18:51:35-04:00,2026-08-31T00:06:52.147146+00:00
ibm_marrakesh,109,110,cz,gate_length,68.0,ns,2026-08-30 18:51:35-04:00,2026-08-31T00:06:52.147146+00:00
ibm_marrakesh,110,109,cz,gate_error,0.0017006475042312952,,2026-08-30 18:51:35-04:00,2026-08-31T00:06:52.147146+00:00
ibm_marrakesh,110,109,cz,gate_length,68.0,ns,2026-08-30 18:51:35-04:00,2026-08-31T00:06:52.147146+00:00
ibm_marrakesh,13,14,cz,gate_error,0.0022249353685196704,,2026-08-30 18:51:18-04:00,2026-08-31T00:06:52.147146+00:00
ibm_marrakesh,13,14,cz,gate_length,80.0,ns,2026-08-30 18:51:18-04:00,2026-08-31T00:06:52.147146+00:00
ibm_marrakesh,14,13,cz,gate_error,0.0022249353685196704,,2026-08-30 18:51:18-04:00,2026-08-31T00:06:52.147146+00:00
ibm_marrakesh,14,13,cz,gate_length,80.0,ns,2026-08-30 18:51:18-04:00,2026-08-31T00:06:52.147146+00:00
ibm_marrakesh,123,136,cz,gate_error,0.0028828030163673968,,2026-08-30 18:51:36-04:00,2026-08-31T00:06:52.147146+00:00
ibm_marrakesh,123,136,cz,gate_length,68.0,ns,2026-08-30 18:51:36-04:00,2026-08-31T00:06:52.147146+00:00
ibm_marrakesh,136,123,cz,gate_error,0.0028828030163673968,,2026-08-30 18:51:36-04:00,2026-08-31T00:06:52.147146+00:00
ibm_marrakesh,136,123,cz,gate_length,68.0,ns,2026-08-30 18:51:36-04:00,2026-08-31T00:06:52.147146+00:00
ibm_marrakesh,151,152,cz,gate_error,0.0218684020792152,,2026-08-30 18:51:29-04:00,2026-08-31T00:06:52.147146+00:00
ibm_marrakesh,151,152,cz,gate_length,68.0,ns,2026-08-30 18:51:29-04:00,2026-08-31T00:06:52.147146+00:00
ibm_marrakesh,152,151,cz,gate_error,0.0218684020792152,,2026-08-30 18:51:29-04:00,2026-08-31T00:06:52.147146+00:00
ibm_marrakesh,152,151,cz,gate_length,68.0,ns,2026-08-30 18:51:29-04:00,2026-08-31T00:06:52.147146+00:00
ibm_marrakesh,45,46,cz,gate_error,0.0025814835740091413,,2026-08-30 18:51:34-04:00,2026-08-31T00:06:52.147146+00:00
ibm_marrakesh,45,46,cz,gate_length,68.0,ns,2026-08-30 18:51:34-04:00,2026-08-31T00:06:52.147146+00:00
ibm_marrakesh,46,45,cz,gate_error,0.0025814835740091413,,2026-08-30 18:51:34-04:00,2026-08-31T00:06:52.147146+00:00
ibm_marrakesh,46,45,cz,gate_length,68.0,ns,2026-08-30 18:51:34-04:00,2026-08-31T00:06:52.147146+00:00
ibm_marrakesh,110,111,cz,gate_error,0.00199045895851932,,2026-08-30 18:51:24-04:00,2026-08-31T00:06:52.147146+00:00
ibm_marrakesh,110,111,cz,gate_length,68.0,ns,2026-08-30 18:51:24-04:00,2026-08-31T00:06:52.147146+00:00
ibm_marrakesh,111,110,cz,gate_error,0.00199045895851932,,2026-08-30 18:51:24-04:00,2026-08-31T00:06:52.147146+00:00
ibm_marrakesh,111,110,cz,gate_length,68.0,ns,2026-08-30 18:51:24-04:00,2026-08-31T00:06:52.147146+00:00
ibm_marrakesh,50,51,cz,gate_error,0.0028874494012489926,,2026-08-30 18:51:14-04:00,2026-08-31T00:06:52.147146+00:00
ibm_marrakesh,50,51,cz,gate_length,68.0,ns,2026-08-30 18:51:14-04:00,2026-08-31T00:06:52.147146+00:00
ibm_marrakesh,51,50,cz,gate_error,0.0028874494012489926,,2026-08-30 18:51:14-04:00,2026-08-31T00:06:52.147146+00:00
ibm_marrakesh,51,50,cz,gate_length,68.0,ns,2026-08-30 18:51:14-04:00,2026-08-31T00:06:52.147146+00:00
ibm_marrakesh,96,103,cz,gate_error,0.0031386452828323086,,2026-08-30 18:51:24-04:00,2026-08-31T00:06:52.147146+00:00
ibm_marrakesh,96,103,cz,gate_length,68.0,ns,2026-08-30 18:51:24-04:00,2026-08-31T00:06:52.147146+00:00
ibm_marrakesh,103,96,cz,gate_error,0.0031386452828323086,,2026-08-30 18:51:24-04:00,2026-08-31T00:06:52.147146+00:00
ibm_marrakesh,103,96,cz,gate_length,68.0,ns,2026-08-30 18:51:24-04:00,2026-08-31T00:06:52.147146+00:00
ibm_marrakesh,105,106,cz,gate_error,0.0017049891170905218,,2026-08-30 18:51:21-04:00,2026-08-31T00:06:52.147146+00:00
ibm_marrakesh,105,106,cz,gate_length,68.0,ns,2026-08-30 18:51:21-04:00,2026-08-31T00:06:52.147146+00:00
ibm_marrakesh,106,105,cz,gate_error,0.0017049891170905218,,2026-08-30 18:51:21-04:00,2026-08-31T00:06:52.147146+00:00
ibm_marrakesh,106,105,cz,gate_length,68.0,ns,2026-08-30 18:51:21-04:00,2026-08-31T00:06:52.147146+00:00
ibm_marrakesh,82,83,cz,gate_error,1.0,,2026-08-30 18:54:03.074802-04:00,2026-08-31T00:06:52.147146+00:00
ibm_marrakesh,82,83,cz,gate_length,68.0,ns,2026-08-30 18:54:03.074802-04:00,2026-08-31T00:06:52.147146+00:00
ibm_marrakesh,83,82,cz,gate_error,1.0,,2026-08-30 18:54:03.074808-04:00,2026-08-31T00:06:52.147146+00:00
ibm_marrakesh,83,82,cz,gate_length,68.0,ns,2026-08-30 18:54:03.074808-04:00,2026-08-31T00:06:52.147146+00:00
ibm_marrakesh,147,148,cz,gate_error,0.002096499231499349,,2026-08-30 18:51:37-04:00,2026-08-31T00:06:52.147146+00:00
ibm_marrakesh,147,148,cz,gate_length,68.0,ns,2026-08-30 18:51:37-04:00,2026-08-31T00:06:52.147146+00:00
ibm_marrakesh,148,147,cz,gate_error,0.002096499231499349,,2026-08-30 18:51:37-04:00,2026-08-31T00:06:52.147146+00:00
ibm_marrakesh,148,147,cz,gate_length,68.0,ns,2026-08-30 18:51:37-04:00,2026-08-31T00:06:52.147146+00:00
ibm_marrakesh,137,147,cz,gate_error,0.002752746283911478,,2026-08-30 18:51:29-04:00,2026-08-31T00:06:52.147146+00:00
ibm_marrakesh,137,147,cz,gate_length,68.0,ns,2026-08-30 18:51:29-04:00,2026-08-31T00:06:52.147146+00:00
ibm_marrakesh,147,137,cz,gate_error,0.002752746283911478,,2026-08-30 18:51:29-04:00,2026-08-31T00:06:52.147146+00:00
ibm_marrakesh,147,137,cz,gate_length,68.0,ns,2026-08-30 18:51:29-04:00,2026-08-31T00:06:52.147146+00:00
ibm_marrakesh,51,52,cz,gate_error,0.004016099074069829,,2026-08-30 18:51:19-04:00,2026-08-31T00:06:52.147146+00:00
ibm_marrakesh,51,52,cz,gate_length,68.0,ns,2026-08-30 18:51:19-04:00,2026-08-31T00:06:52.147146+00:00
ibm_marrakesh,52,51,cz,gate_error,0.004016099074069829,,2026-08-30 18:51:19-04:00,2026-08-31T00:06:52.147146+00:00
ibm_marrakesh,52,51,cz,gate_length,68.0,ns,2026-08-30 18:51:19-04:00,2026-08-31T00:06:52.147146+00:00
ibm_marrakesh,142,143,cz,gate_error,0.04800555140763038,,2026-08-30 18:51:25-04:00,2026-08-31T00:06:52.147146+00:00
ibm_marrakesh,142,143,cz,gate_length,68.0,ns,2026-08-30 18:51:25-04:00,2026-08-31T00:06:52.147146+00:00
ibm_marrakesh,143,142,cz,gate_error,0.04800555140763038,,2026-08-30 18:51:25-04:00,2026-08-31T00:06:52.147146+00:00
ibm_marrakesh,143,142,cz,gate_length,68.0,ns,2026-08-30 18:51:25-04:00,2026-08-31T00:06:52.147146+00:00
ibm_marrakesh,46,47,cz,gate_error,0.0030646580341577023,,2026-08-30 18:51:14-04:00,2026-08-31T00:06:52.147146+00:00
ibm_marrakesh,46,47,cz,gate_length,68.0,ns,2026-08-30 18:51:14-04:00,2026-08-31T00:06:52.147146+00:00
ibm_marrakesh,47,46,cz,gate_error,0.0030646580341577023,,2026-08-30 18:51:14-04:00,2026-08-31T00:06:52.147146+00:00
ibm_marrakesh,47,46,cz,gate_length,68.0,ns,2026-08-30 18:51:14-04:00,2026-08-31T00:06:52.147146+00:00
ibm_marrakesh,23,24,cz,gate_error,0.004523952340928672,,2026-08-30 18:51:38-04:00,2026-08-31T00:06:52.147146+00:00
ibm_marrakesh,23,24,cz,gate_length,68.0,ns,2026-08-30 18:51:38-04:00,2026-08-31T00:06:52.147146+00:00
ibm_marrakesh,24,23,cz,gate_error,0.004523952340928672,,2026-08-30 18:51:38-04:00,2026-08-31T00:06:52.147146+00:00
ibm_marrakesh,24,23,cz,gate_length,68.0,ns,2026-08-30 18:51:38-04:00,2026-08-31T00:06:52.147146+00:00
ibm_marrakesh,143,144,cz,gate_error,0.003235364834699078,,2026-08-30 18:51:29-04:00,2026-08-31T00:06:52.147146+00:00
ibm_marrakesh,143,144,cz,gate_length,68.0,ns,2026-08-30 18:51:29-04:00,2026-08-31T00:06:52.147146+00:00
ibm_marrakesh,144,143,cz,gate_error,0.003235364834699078,,2026-08-30 18:51:29-04:00,2026-08-31T00:06:52.147146+00:00
ibm_marrakesh,144,143,cz,gate_length,68.0,ns,2026-08-30 18:51:29-04:00,2026-08-31T00:06:52.147146+00:00
ibm_marrakesh,21,36,cz,gate_error,0.003198103991532253,,2026-08-30 18:51:22-04:00,2026-08-31T00:06:52.147146+00:00
ibm_marrakesh,21,36,cz,gate_length,68.0,ns,2026-08-30 18:51:22-04:00,2026-08-31T00:06:52.147146+00:00
ibm_marrakesh,36,21,cz,gate_error,0.003198103991532253,,2026-08-30 18:51:22-04:00,2026-08-31T00:06:52.147146+00:00
ibm_marrakesh,36,21,cz,gate_length,68.0,ns,2026-08-30 18:51:22-04:00,2026-08-31T00:06:52.147146+00:00
ibm_marrakesh,83,84,cz,gate_error,0.002505348940831903,,2026-08-30 18:51:20-04:00,2026-08-31T00:06:52.147146+00:00
ibm_marrakesh,83,84,cz,gate_length,68.0,ns,2026-08-30 18:51:20-04:00,2026-08-31T00:06:52.147146+00:00
ibm_marrakesh,84,83,cz,gate_error,0.002505348940831903,,2026-08-30 18:51:20-04:00,2026-08-31T00:06:52.147146+00:00
ibm_marrakesh,84,83,cz,gate_length,68.0,ns,2026-08-30 18:51:20-04:00,2026-08-31T00:06:52.147146+00:00
ibm_marrakesh,113,119,cz,gate_error,1.0,,2026-08-30 18:54:03.163251-04:00,2026-08-31T00:06:52.147146+00:00
ibm_marrakesh,113,119,cz,gate_length,68.0,ns,2026-08-30 18:54:03.163251-04:00,2026-08-31T00:06:52.147146+00:00
ibm_marrakesh,119,113,cz,gate_error,1.0,,2026-08-30 18:54:03.163257-04:00,2026-08-31T00:06:52.147146+00:00
ibm_marrakesh,119,113,cz,gate_length,68.0,ns,2026-08-30 18:54:03.163257-04:00,2026-08-31T00:06:52.147146+00:00
ibm_marrakesh,76,81,cz,gate_error,0.004863579198030987,,2026-08-30 18:51:23-04:00,2026-08-31T00:06:52.147146+00:00
ibm_marrakesh,76,81,cz,gate_length,68.0,ns,2026-08-30 18:51:23-04:00,2026-08-31T00:06:52.147146+00:00
ibm_marrakesh,81,76,cz,gate_error,0.004863579198030987,,2026-08-30 18:51:23-04:00,2026-08-31T00:06:52.147146+00:00
ibm_marrakesh,81,76,cz,gate_length,68.0,ns,2026-08-30 18:51:23-04:00,2026-08-31T00:06:52.147146+00:00
ibm_marrakesh,24,25,cz,gate_error,0.004786484115686718,,2026-08-30 18:51:14-04:00,2026-08-31T00:06:52.147146+00:00
ibm_marrakesh,24,25,cz,gate_length,68.0,ns,2026-08-30 18:51:14-04:00,2026-08-31T00:06:52.147146+00:00
ibm_marrakesh,25,24,cz,gate_error,0.004786484115686718,,2026-08-30 18:51:14-04:00,2026-08-31T00:06:52.147146+00:00
ibm_marrakesh,25,24,cz,gate_length,68.0,ns,2026-08-30 18:51:14-04:00,2026-08-31T00:06:52.147146+00:00
ibm_marrakesh,105,117,cz,gate_error,0.006270000130176728,,2026-08-30 18:51:35-04:00,2026-08-31T00:06:52.147146+00:00
ibm_marrakesh,105,117,cz,gate_length,68.0,ns,2026-08-30 18:51:35-04:00,2026-08-31T00:06:52.147146+00:00
ibm_marrakesh,117,105,cz,gate_error,0.006270000130176728,,2026-08-30 18:51:35-04:00,2026-08-31T00:06:52.147146+00:00
ibm_marrakesh,117,105,cz,gate_length,68.0,ns,2026-08-30 18:51:35-04:00,2026-08-31T00:06:52.147146+00:00
ibm_marrakesh,20,21,cz,gate_error,0.003010517713202876,,2026-08-30 18:51:14-04:00,2026-08-31T00:06:52.147146+00:00
ibm_marrakesh,20,21,cz,gate_length,68.0,ns,2026-08-30 18:51:14-04:00,2026-08-31T00:06:52.147146+00:00
ibm_marrakesh,21,20,cz,gate_error,0.003010517713202876,,2026-08-30 18:51:14-04:00,2026-08-31T00:06:52.147146+00:00
ibm_marrakesh,21,20,cz,gate_length,68.0,ns,2026-08-30 18:51:14-04:00,2026-08-31T00:06:52.147146+00:00
ibm_marrakesh,52,53,cz,gate_error,0.002813452283691259,,2026-08-30 18:51:31-04:00,2026-08-31T00:06:52.147146+00:00
ibm_marrakesh,52,53,cz,gate_length,68.0,ns,2026-08-30 18:51:31-04:00,2026-08-31T00:06:52.147146+00:00
ibm_marrakesh,53,52,cz,gate_error,0.002813452283691259,,2026-08-30 18:51:31-04:00,2026-08-31T00:06:52.147146+00:00
ibm_marrakesh,53,52,cz,gate_length,68.0,ns,2026-08-30 18:51:31-04:00,2026-08-31T00:06:52.147146+00:00
ibm_marrakesh,139,155,cz,gate_error,0.003655306600283126,,2026-08-30 18:51:25-04:00,2026-08-31T00:06:52.147146+00:00
ibm_marrakesh,139,155,cz,gate_length,80.0,ns,2026-08-30 18:51:25-04:00,2026-08-31T00:06:52.147146+00:00
ibm_marrakesh,155,139,cz,gate_error,0.003655306600283126,,2026-08-30 18:51:25-04:00,2026-08-31T00:06:52.147146+00:00
ibm_marrakesh,155,139,cz,gate_length,80.0,ns,2026-08-30 18:51:25-04:00,2026-08-31T00:06:52.147146+00:00
ibm_marrakesh,69,78,cz,gate_error,0.00335824269130805,,2026-08-30 18:51:37-04:00,2026-08-31T00:06:52.147146+00:00
ibm_marrakesh,69,78,cz,gate_length,68.0,ns,2026-08-30 18:51:37-04:00,2026-08-31T00:06:52.147146+00:00
ibm_marrakesh,78,69,cz,gate_error,0.00335824269130805,,2026-08-30 18:51:37-04:00,2026-08-31T00:06:52.147146+00:00
ibm_marrakesh,78,69,cz,gate_length,68.0,ns,2026-08-30 18:51:37-04:00,2026-08-31T00:06:52.147146+00:00
ibm_marrakesh,89,90,cz,gate_error,0.002702215334414698,,2026-08-30 18:51:31-04:00,2026-08-31T00:06:52.147146+00:00
ibm_marrakesh,89,90,cz,gate_length,68.0,ns,2026-08-30 18:51:31-04:00,2026-08-31T00:06:52.147146+00:00
ibm_marrakesh,90,89,cz,gate_error,0.002702215334414698,,2026-08-30 18:51:31-04:00,2026-08-31T00:06:52.147146+00:00
ibm_marrakesh,90,89,cz,gate_length,68.0,ns,2026-08-30 18:51:31-04:00,2026-08-31T00:06:52.147146+00:00
ibm_marrakesh,149,150,cz,gate_error,0.0039290580193381275,,2026-08-30 18:51:33-04:00,2026-08-31T00:06:52.147146+00:00
ibm_marrakesh,149,150,cz,gate_length,68.0,ns,2026-08-30 18:51:33-04:00,2026-08-31T00:06:52.147146+00:00
ibm_marrakesh,150,149,cz,gate_error,0.0039290580193381275,,2026-08-30 18:51:33-04:00,2026-08-31T00:06:52.147146+00:00
ibm_marrakesh,150,149,cz,gate_length,68.0,ns,2026-08-30 18:51:33-04:00,2026-08-31T00:06:52.147146+00:00
ibm_marrakesh,53,54,cz,gate_error,0.002265237256018182,,2026-08-30 18:51:37-04:00,2026-08-31T00:06:52.147146+00:00
ibm_marrakesh,53,54,cz,gate_length,68.0,ns,2026-08-30 18:51:37-04:00,2026-08-31T00:06:52.147146+00:00
ibm_marrakesh,54,53,cz,gate_error,0.002265237256018182,,2026-08-30 18:51:37-04:00,2026-08-31T00:06:52.147146+00:00
ibm_marrakesh,54,53,cz,gate_length,68.0,ns,2026-08-30 18:51:37-04:00,2026-08-31T00:06:52.147146+00:00
ibm_marrakesh,11,18,cz,gate_error,0.001895782123033346,,2026-08-30 18:51:30-04:00,2026-08-31T00:06:52.147146+00:00
ibm_marrakesh,11,18,cz,gate_length,68.0,ns,2026-08-30 18:51:30-04:00,2026-08-31T00:06:52.147146+00:00
ibm_marrakesh,18,11,cz,gate_error,0.001895782123033346,,2026-08-30 18:51:30-04:00,2026-08-31T00:06:52.147146+00:00
ibm_marrakesh,18,11,cz,gate_length,68.0,ns,2026-08-30 18:51:30-04:00,2026-08-31T00:06:52.147146+00:00
ibm_marrakesh,30,31,cz,gate_error,0.003567999710168135,,2026-08-30 18:51:36-04:00,2026-08-31T00:06:52.147146+00:00
ibm_marrakesh,30,31,cz,gate_length,68.0,ns,2026-08-30 18:51:36-04:00,2026-08-31T00:06:52.147146+00:00
ibm_marrakesh,31,30,cz,gate_error,0.003567999710168135,,2026-08-30 18:51:36-04:00,2026-08-31T00:06:52.147146+00:00
ibm_marrakesh,31,30,cz,gate_length,68.0,ns,2026-08-30 18:51:36-04:00,2026-08-31T00:06:52.147146+00:00
ibm_marrakesh,16,23,cz,gate_error,0.0023169043772246767,,2026-08-30 18:51:33-04:00,2026-08-31T00:06:52.147146+00:00
ibm_marrakesh,16,23,cz,gate_length,68.0,ns,2026-08-30 18:51:33-04:00,2026-08-31T00:06:52.147146+00:00
ibm_marrakesh,23,16,cz,gate_error,0.0023169043772246767,,2026-08-30 18:51:33-04:00,2026-08-31T00:06:52.147146+00:00
ibm_marrakesh,23,16,cz,gate_length,68.0,ns,2026-08-30 18:51:33-04:00,2026-08-31T00:06:52.147146+00:00
ibm_marrakesh,90,91,cz,gate_error,0.0022098199275675245,,2026-08-30 18:51:15-04:00,2026-08-31T00:06:52.147146+00:00
ibm_marrakesh,90,91,cz,gate_length,80.0,ns,2026-08-30 18:51:15-04:00,2026-08-31T00:06:52.147146+00:00
ibm_marrakesh,91,90,cz,gate_error,0.0022098199275675245,,2026-08-30 18:51:15-04:00,2026-08-31T00:06:52.147146+00:00
ibm_marrakesh,91,90,cz,gate_length,80.0,ns,2026-08-30 18:51:15-04:00,2026-08-31T00:06:52.147146+00:00
ibm_marrakesh,136,143,cz,gate_error,0.003792876125312261,,2026-08-30 18:51:37-04:00,2026-08-31T00:06:52.147146+00:00
ibm_marrakesh,136,143,cz,gate_length,68.0,ns,2026-08-30 18:51:37-04:00,2026-08-31T00:06:52.147146+00:00
ibm_marrakesh,143,136,cz,gate_error,0.003792876125312261,,2026-08-30 18:51:37-04:00,2026-08-31T00:06:52.147146+00:00
ibm_marrakesh,143,136,cz,gate_length,68.0,ns,2026-08-30 18:51:37-04:00,2026-08-31T00:06:52.147146+00:00
ibm_marrakesh,145,146,cz,gate_error,0.002619669828748089,,2026-08-30 18:51:33-04:00,2026-08-31T00:06:52.147146+00:00
ibm_marrakesh,145,146,cz,gate_length,68.0,ns,2026-08-30 18:51:33-04:00,2026-08-31T00:06:52.147146+00:00
ibm_marrakesh,146,145,cz,gate_error,0.002619669828748089,,2026-08-30 18:51:33-04:00,2026-08-31T00:06:52.147146+00:00
ibm_marrakesh,146,145,cz,gate_length,68.0,ns,2026-08-30 18:51:33-04:00,2026-08-31T00:06:52.147146+00:00
ibm_marrakesh,21,22,cz,gate_error,0.002688459436445245,,2026-08-30 18:51:18-04:00,2026-08-31T00:06:52.147146+00:00
ibm_marrakesh,21,22,cz,gate_length,68.0,ns,2026-08-30 18:51:18-04:00,2026-08-31T00:06:52.147146+00:00
ibm_marrakesh,22,21,cz,gate_error,0.002688459436445245,,2026-08-30 18:51:18-04:00,2026-08-31T00:06:52.147146+00:00
ibm_marrakesh,22,21,cz,gate_length,68.0,ns,2026-08-30 18:51:18-04:00,2026-08-31T00:06:52.147146+00:00
ibm_marrakesh,3,16,cz,gate_error,0.0019348805246088563,,2026-08-30 18:51:30-04:00,2026-08-31T00:06:52.147146+00:00
ibm_marrakesh,3,16,cz,gate_length,68.0,ns,2026-08-30 18:51:30-04:00,2026-08-31T00:06:52.147146+00:00
ibm_marrakesh,16,3,cz,gate_error,0.0019348805246088563,,2026-08-30 18:51:30-04:00,2026-08-31T00:06:52.147146+00:00
ibm_marrakesh,16,3,cz,gate_length,68.0,ns,2026-08-30 18:51:30-04:00,2026-08-31T00:06:52.147146+00:00
ibm_marrakesh,31,32,cz,gate_error,0.0032524438082184304,,2026-08-30 18:51:38-04:00,2026-08-31T00:06:52.147146+00:00
ibm_marrakesh,31,32,cz,gate_length,68.0,ns,2026-08-30 18:51:38-04:00,2026-08-31T00:06:52.147146+00:00
ibm_marrakesh,32,31,cz,gate_error,0.0032524438082184304,,2026-08-30 18:51:38-04:00,2026-08-31T00:06:52.147146+00:00
ibm_marrakesh,32,31,cz,gate_length,68.0,ns,2026-08-30 18:51:38-04:00,2026-08-31T00:06:52.147146+00:00
ibm_marrakesh,58,71,cz,gate_error,0.0018243514830844632,,2026-08-30 18:51:23-04:00,2026-08-31T00:06:52.147146+00:00
ibm_marrakesh,58,71,cz,gate_length,68.0,ns,2026-08-30 18:51:23-04:00,2026-08-31T00:06:52.147146+00:00
ibm_marrakesh,71,58,cz,gate_error,0.0018243514830844632,,2026-08-30 18:51:23-04:00,2026-08-31T00:06:52.147146+00:00
ibm_marrakesh,71,58,cz,gate_length,68.0,ns,2026-08-30 18:51:23-04:00,2026-08-31T00:06:52.147146+00:00
ibm_marrakesh,86,87,cz,gate_error,0.002362699687057296,,2026-08-30 18:51:15-04:00,2026-08-31T00:06:52.147146+00:00
ibm_marrakesh,86,87,cz,gate_length,68.0,ns,2026-08-30 18:51:15-04:00,2026-08-31T00:06:52.147146+00:00
ibm_marrakesh,87,86,cz,gate_error,0.002362699687057296,,2026-08-30 18:51:15-04:00,2026-08-31T00:06:52.147146+00:00
ibm_marrakesh,87,86,cz,gate_length,68.0,ns,2026-08-30 18:51:15-04:00,2026-08-31T00:06:52.147146+00:00
ibm_marrakesh,141,142,cz,gate_error,0.005124357116774864,,2026-08-30 18:51:21-04:00,2026-08-31T00:06:52.147146+00:00
ibm_marrakesh,141,142,cz,gate_length,68.0,ns,2026-08-30 18:51:21-04:00,2026-08-31T00:06:52.147146+00:00
ibm_marrakesh,142,141,cz,gate_error,0.005124357116774864,,2026-08-30 18:51:21-04:00,2026-08-31T00:06:52.147146+00:00
ibm_marrakesh,142,141,cz,gate_length,68.0,ns,2026-08-30 18:51:21-04:00,2026-08-31T00:06:52.147146+00:00
ibm_marrakesh,95,99,cz,gate_error,1.0,,2026-08-30 18:54:03.390846-04:00,2026-08-31T00:06:52.147146+00:00
ibm_marrakesh,95,99,cz,gate_length,68.0,ns,2026-08-30 18:54:03.390846-04:00,2026-08-31T00:06:52.147146+00:00
ibm_marrakesh,99,95,cz,gate_error,1.0,,2026-08-30 18:54:03.390852-04:00,2026-08-31T00:06:52.147146+00:00
ibm_marrakesh,99,95,cz,gate_length,68.0,ns,2026-08-30 18:54:03.390852-04:00,2026-08-31T00:06:52.147146+00:00
ibm_marrakesh,61,76,cz,gate_error,0.002747521865694269,,2026-08-30 18:51:19-04:00,2026-08-31T00:06:52.147146+00:00
ibm_marrakesh,61,76,cz,gate_length,68.0,ns,2026-08-30 18:51:19-04:00,2026-08-31T00:06:52.147146+00:00
ibm_marrakesh,76,61,cz,gate_error,0.002747521865694269,,2026-08-30 18:51:19-04:00,2026-08-31T00:06:52.147146+00:00
ibm_marrakesh,76,61,cz,gate_length,68.0,ns,2026-08-30 18:51:19-04:00,2026-08-31T00:06:52.147146+00:00
ibm_marrakesh,123,124,cz,gate_error,0.005159803582793165,,2026-08-30 18:51:21-04:00,2026-08-31T00:06:52.147146+00:00
ibm_marrakesh,123,124,cz,gate_length,68.0,ns,2026-08-30 18:51:21-04:00,2026-08-31T00:06:52.147146+00:00
ibm_marrakesh,124,123,cz,gate_error,0.005159803582793165,,2026-08-30 18:51:21-04:00,2026-08-31T00:06:52.147146+00:00
ibm_marrakesh,124,123,cz,gate_length,68.0,ns,2026-08-30 18:51:21-04:00,2026-08-31T00:06:52.147146+00:00
ibm_marrakesh,54,55,cz,gate_error,0.0018467402852694048,,2026-08-30 18:51:14-04:00,2026-08-31T00:06:52.147146+00:00
ibm_marrakesh,54,55,cz,gate_length,68.0,ns,2026-08-30 18:51:14-04:00,2026-08-31T00:06:52.147146+00:00
ibm_marrakesh,55,54,cz,gate_error,0.0018467402852694048,,2026-08-30 18:51:14-04:00,2026-08-31T00:06:52.147146+00:00
ibm_marrakesh,55,54,cz,gate_length,68.0,ns,2026-08-30 18:51:14-04:00,2026-08-31T00:06:52.147146+00:00
ibm_marrakesh,64,65,cz,gate_error,0.007901592336768903,,2026-08-30 18:51:15-04:00,2026-08-31T00:06:52.147146+00:00
ibm_marrakesh,64,65,cz,gate_length,68.0,ns,2026-08-30 18:51:15-04:00,2026-08-31T00:06:52.147146+00:00
ibm_marrakesh,65,64,cz,gate_error,0.007901592336768903,,2026-08-30 18:51:15-04:00,2026-08-31T00:06:52.147146+00:00
ibm_marrakesh,65,64,cz,gate_length,68.0,ns,2026-08-30 18:51:15-04:00,2026-08-31T00:06:52.147146+00:00
ibm_marrakesh,146,147,cz,gate_error,0.0026766293558724286,,2026-08-30 18:51:25-04:00,2026-08-31T00:06:52.147146+00:00
ibm_marrakesh,146,147,cz,gate_length,68.0,ns,2026-08-30 18:51:25-04:00,2026-08-31T00:06:52.147146+00:00
ibm_marrakesh,147,146,cz,gate_error,0.0026766293558724286,,2026-08-30 18:51:25-04:00,2026-08-31T00:06:52.147146+00:00
ibm_marrakesh,147,146,cz,gate_length,68.0,ns,2026-08-30 18:51:25-04:00,2026-08-31T00:06:52.147146+00:00
ibm_marrakesh,5,6,cz,gate_error,0.0011957795866061882,,2026-08-30 18:51:18-04:00,2026-08-31T00:06:52.147146+00:00
ibm_marrakesh,5,6,cz,gate_length,68.0,ns,2026-08-30 18:51:18-04:00,2026-08-31T00:06:52.147146+00:00
ibm_marrakesh,6,5,cz,gate_error,0.0011957795866061882,,2026-08-30 18:51:18-04:00,2026-08-31T00:06:52.147146+00:00
ibm_marrakesh,6,5,cz,gate_length,68.0,ns,2026-08-30 18:51:18-04:00,2026-08-31T00:06:52.147146+00:00
ibm_marrakesh,51,58,cz,gate_error,0.002766012959995512,,2026-08-30 18:51:38-04:00,2026-08-31T00:06:52.147146+00:00
ibm_marrakesh,51,58,cz,gate_length,68.0,ns,2026-08-30 18:51:38-04:00,2026-08-31T00:06:52.147146+00:00
ibm_marrakesh,58,51,cz,gate_error,0.002766012959995512,,2026-08-30 18:51:38-04:00,2026-08-31T00:06:52.147146+00:00
ibm_marrakesh,58,51,cz,gate_length,68.0,ns,2026-08-30 18:51:38-04:00,2026-08-31T00:06:52.147146+00:00
ibm_marrakesh,60,61,cz,gate_error,0.008707293628483548,,2026-08-30 18:51:15-04:00,2026-08-31T00:06:52.147146+00:00
ibm_marrakesh,60,61,cz,gate_length,80.0,ns,2026-08-30 18:51:15-04:00,2026-08-31T00:06:52.147146+00:00
ibm_marrakesh,61,60,cz,gate_error,0.008707293628483548,,2026-08-30 18:51:15-04:00,2026-08-31T00:06:52.147146+00:00
ibm_marrakesh,61,60,cz,gate_length,80.0,ns,2026-08-30 18:51:15-04:00,2026-08-31T00:06:52.147146+00:00
ibm_marrakesh,87,88,cz,gate_error,0.001421818936152841,,2026-08-30 18:51:20-04:00,2026-08-31T00:06:52.147146+00:00
ibm_marrakesh,87,88,cz,gate_length,68.0,ns,2026-08-30 18:51:20-04:00,2026-08-31T00:06:52.147146+00:00
ibm_marrakesh,88,87,cz,gate_error,0.001421818936152841,,2026-08-30 18:51:20-04:00,2026-08-31T00:06:52.147146+00:00
ibm_marrakesh,88,87,cz,gate_length,68.0,ns,2026-08-30 18:51:20-04:00,2026-08-31T00:06:52.147146+00:00
ibm_marrakesh,38,49,cz,gate_error,0.003097600890824337,,2026-08-30 18:51:26-04:00,2026-08-31T00:06:52.147146+00:00
ibm_marrakesh,38,49,cz,gate_length,68.0,ns,2026-08-30 18:51:26-04:00,2026-08-31T00:06:52.147146+00:00
ibm_marrakesh,49,38,cz,gate_error,0.003097600890824337,,2026-08-30 18:51:26-04:00,2026-08-31T00:06:52.147146+00:00
ibm_marrakesh,49,38,cz,gate_length,68.0,ns,2026-08-30 18:51:26-04:00,2026-08-31T00:06:52.147146+00:00
ibm_marrakesh,152,153,cz,gate_error,0.002856102042648856,,2026-08-30 18:51:18-04:00,2026-08-31T00:06:52.147146+00:00
ibm_marrakesh,152,153,cz,gate_length,68.0,ns,2026-08-30 18:51:18-04:00,2026-08-31T00:06:52.147146+00:00
ibm_marrakesh,153,152,cz,gate_error,0.002856102042648856,,2026-08-30 18:51:18-04:00,2026-08-31T00:06:52.147146+00:00
ibm_marrakesh,153,152,cz,gate_length,68.0,ns,2026-08-30 18:51:18-04:00,2026-08-31T00:06:52.147146+00:00
ibm_marrakesh,87,97,cz,gate_error,0.0023665585610632145,,2026-08-30 18:51:37-04:00,2026-08-31T00:06:52.147146+00:00
ibm_marrakesh,87,97,cz,gate_length,68.0,ns,2026-08-30 18:51:37-04:00,2026-08-31T00:06:52.147146+00:00
ibm_marrakesh,97,87,cz,gate_error,0.0023665585610632145,,2026-08-30 18:51:37-04:00,2026-08-31T00:06:52.147146+00:00
ibm_marrakesh,97,87,cz,gate_length,68.0,ns,2026-08-30 18:51:37-04:00,2026-08-31T00:06:52.147146+00:00
ibm_marrakesh,1,2,cz,gate_error,0.0012979953062594307,,2026-08-30 18:51:18-04:00,2026-08-31T00:06:52.147146+00:00
ibm_marrakesh,1,2,cz,gate_length,68.0,ns,2026-08-30 18:51:18-04:00,2026-08-31T00:06:52.147146+00:00
ibm_marrakesh,2,1,cz,gate_error,0.0012979953062594307,,2026-08-30 18:51:18-04:00,2026-08-31T00:06:52.147146+00:00
ibm_marrakesh,2,1,cz,gate_length,68.0,ns,2026-08-30 18:51:18-04:00,2026-08-31T00:06:52.147146+00:00
ibm_marrakesh,28,29,cz,gate_error,0.003277731997095107,,2026-08-30 18:51:14-04:00,2026-08-31T00:06:52.147146+00:00
ibm_marrakesh,28,29,cz,gate_length,68.0,ns,2026-08-30 18:51:14-04:00,2026-08-31T00:06:52.147146+00:00
ibm_marrakesh,29,28,cz,gate_error,0.003277731997095107,,2026-08-30 18:51:14-04:00,2026-08-31T00:06:52.147146+00:00
ibm_marrakesh,29,28,cz,gate_length,68.0,ns,2026-08-30 18:51:14-04:00,2026-08-31T00:06:52.147146+00:00
ibm_marrakesh,148,149,cz,gate_error,0.001490787224840917,,2026-08-30 18:51:17-04:00,2026-08-31T00:06:52.147146+00:00
ibm_marrakesh,148,149,cz,gate_length,68.0,ns,2026-08-30 18:51:17-04:00,2026-08-31T00:06:52.147146+00:00
ibm_marrakesh,149,148,cz,gate_error,0.001490787224840917,,2026-08-30 18:51:17-04:00,2026-08-31T00:06:52.147146+00:00
ibm_marrakesh,149,148,cz,gate_length,68.0,ns,2026-08-30 18:51:17-04:00,2026-08-31T00:06:52.147146+00:00
ibm_marrakesh,19,35,cz,gate_error,0.0013483651823207043,,2026-08-30 18:51:13-04:00,2026-08-31T00:06:52.147146+00:00
ibm_marrakesh,19,35,cz,gate_length,80.0,ns,2026-08-30 18:51:13-04:00,2026-08-31T00:06:52.147146+00:00
ibm_marrakesh,35,19,cz,gate_error,0.0013483651823207043,,2026-08-30 18:51:13-04:00,2026-08-31T00:06:52.147146+00:00
ibm_marrakesh,35,19,cz,gate_length,80.0,ns,2026-08-30 18:51:13-04:00,2026-08-31T00:06:52.147146+00:00
ibm_marrakesh,88,89,cz,gate_error,0.0017514786243545966,,2026-08-30 18:51:28-04:00,2026-08-31T00:06:52.147146+00:00
ibm_marrakesh,88,89,cz,gate_length,68.0,ns,2026-08-30 18:51:28-04:00,2026-08-31T00:06:52.147146+00:00
ibm_marrakesh,89,88,cz,gate_error,0.0017514786243545966,,2026-08-30 18:51:28-04:00,2026-08-31T00:06:52.147146+00:00
ibm_marrakesh,89,88,cz,gate_length,68.0,ns,2026-08-30 18:51:28-04:00,2026-08-31T00:06:52.147146+00:00
ibm_marrakesh,117,125,cz,gate_error,0.002199212252042476,,2026-08-30 18:51:25-04:00,2026-08-31T00:06:52.147146+00:00
ibm_marrakesh,117,125,cz,gate_length,68.0,ns,2026-08-30 18:51:25-04:00,2026-08-31T00:06:52.147146+00:00
ibm_marrakesh,125,117,cz,gate_error,0.002199212252042476,,2026-08-30 18:51:25-04:00,2026-08-31T00:06:52.147146+00:00
ibm_marrakesh,125,117,cz,gate_length,68.0,ns,2026-08-30 18:51:25-04:00,2026-08-31T00:06:52.147146+00:00
ibm_marrakesh,120,121,cz,gate_error,0.0017594749154514477,,2026-08-30 18:51:29-04:00,2026-08-31T00:06:52.147146+00:00
ibm_marrakesh,120,121,cz,gate_length,68.0,ns,2026-08-30 18:51:29-04:00,2026-08-31T00:06:52.147146+00:00
ibm_marrakesh,121,120,cz,gate_error,0.0017594749154514477,,2026-08-30 18:51:29-04:00,2026-08-31T00:06:52.147146+00:00
ibm_marrakesh,121,120,cz,gate_length,68.0,ns,2026-08-30 18:51:29-04:00,2026-08-31T00:06:52.147146+00:00
ibm_marrakesh,56,63,cz,gate_error,0.002793022242800147,,2026-08-30 18:51:37-04:00,2026-08-31T00:06:52.147146+00:00
ibm_marrakesh,56,63,cz,gate_length,68.0,ns,2026-08-30 18:51:37-04:00,2026-08-31T00:06:52.147146+00:00
ibm_marrakesh,63,56,cz,gate_error,0.002793022242800147,,2026-08-30 18:51:37-04:00,2026-08-31T00:06:52.147146+00:00
ibm_marrakesh,63,56,cz,gate_length,68.0,ns,2026-08-30 18:51:37-04:00,2026-08-31T00:06:52.147146+00:00
ibm_marrakesh,29,30,cz,gate_error,0.002128410029409361,,2026-08-30 18:51:19-04:00,2026-08-31T00:06:52.147146+00:00
ibm_marrakesh,29,30,cz,gate_length,68.0,ns,2026-08-30 18:51:19-04:00,2026-08-31T00:06:52.147146+00:00
ibm_marrakesh,30,29,cz,gate_error,0.002128410029409361,,2026-08-30 18:51:19-04:00,2026-08-31T00:06:52.147146+00:00
ibm_marrakesh,30,29,cz,gate_length,68.0,ns,2026-08-30 18:51:19-04:00,2026-08-31T00:06:52.147146+00:00
ibm_marrakesh,84,85,cz,gate_error,0.003973519690205735,,2026-08-30 18:51:31-04:00,2026-08-31T00:06:52.147146+00:00
ibm_marrakesh,84,85,cz,gate_length,68.0,ns,2026-08-30 18:51:31-04:00,2026-08-31T00:06:52.147146+00:00
ibm_marrakesh,85,84,cz,gate_error,0.003973519690205735,,2026-08-30 18:51:31-04:00,2026-08-31T00:06:52.147146+00:00
ibm_marrakesh,85,84,cz,gate_length,68.0,ns,2026-08-30 18:51:31-04:00,2026-08-31T00:06:52.147146+00:00
ibm_marrakesh,61,62,cz,gate_error,0.0035335151133989995,,2026-08-30 18:51:27-04:00,2026-08-31T00:06:52.147146+00:00
ibm_marrakesh,61,62,cz,gate_length,68.0,ns,2026-08-30 18:51:27-04:00,2026-08-31T00:06:52.147146+00:00
ibm_marrakesh,62,61,cz,gate_error,0.0035335151133989995,,2026-08-30 18:51:27-04:00,2026-08-31T00:06:52.147146+00:00
ibm_marrakesh,62,61,cz,gate_length,68.0,ns,2026-08-30 18:51:27-04:00,2026-08-31T00:06:52.147146+00:00
ibm_marrakesh,43,56,cz,gate_error,0.002922603927258377,,2026-08-30 18:51:23-04:00,2026-08-31T00:06:52.147146+00:00
ibm_marrakesh,43,56,cz,gate_length,68.0,ns,2026-08-30 18:51:23-04:00,2026-08-31T00:06:52.147146+00:00
ibm_marrakesh,56,43,cz,gate_error,0.002922603927258377,,2026-08-30 18:51:23-04:00,2026-08-31T00:06:52.147146+00:00
ibm_marrakesh,56,43,cz,gate_length,68.0,ns,2026-08-30 18:51:23-04:00,2026-08-31T00:06:52.147146+00:00
ibm_marrakesh,98,111,cz,gate_error,0.0027447586793825918,,2026-08-30 18:51:28-04:00,2026-08-31T00:06:52.147146+00:00
ibm_marrakesh,98,111,cz,gate_length,68.0,ns,2026-08-30 18:51:28-04:00,2026-08-31T00:06:52.147146+00:00
ibm_marrakesh,111,98,cz,gate_error,0.0027447586793825918,,2026-08-30 18:51:28-04:00,2026-08-31T00:06:52.147146+00:00
ibm_marrakesh,111,98,cz,gate_length,68.0,ns,2026-08-30 18:51:28-04:00,2026-08-31T00:06:52.147146+00:00
ibm_marrakesh,126,127,cz,gate_error,0.0029084005189473072,,2026-08-30 18:51:17-04:00,2026-08-31T00:06:52.147146+00:00
ibm_marrakesh,126,127,cz,gate_length,68.0,ns,2026-08-30 18:51:17-04:00,2026-08-31T00:06:52.147146+00:00
ibm_marrakesh,127,126,cz,gate_error,0.0029084005189473072,,2026-08-30 18:51:17-04:00,2026-08-31T00:06:52.147146+00:00
ibm_marrakesh,127,126,cz,gate_length,68.0,ns,2026-08-30 18:51:17-04:00,2026-08-31T00:06:52.147146+00:00
ibm_marrakesh,121,122,cz,gate_error,0.004157151289418182,,2026-08-30 18:51:32-04:00,2026-08-31T00:06:52.147146+00:00
ibm_marrakesh,121,122,cz,gate_length,80.0,ns,2026-08-30 18:51:32-04:00,2026-08-31T00:06:52.147146+00:00
ibm_marrakesh,122,121,cz,gate_error,0.004157151289418182,,2026-08-30 18:51:32-04:00,2026-08-31T00:06:52.147146+00:00
ibm_marrakesh,122,121,cz,gate_length,80.0,ns,2026-08-30 18:51:32-04:00,2026-08-31T00:06:52.147146+00:00
ibm_marrakesh,135,139,cz,gate_error,0.00116107300346735,,2026-08-30 18:51:21-04:00,2026-08-31T00:06:52.147146+00:00
ibm_marrakesh,135,139,cz,gate_length,68.0,ns,2026-08-30 18:51:21-04:00,2026-08-31T00:06:52.147146+00:00
ibm_marrakesh,139,135,cz,gate_error,0.00116107300346735,,2026-08-30 18:51:21-04:00,2026-08-31T00:06:52.147146+00:00
ibm_marrakesh,139,135,cz,gate_length,68.0,ns,2026-08-30 18:51:21-04:00,2026-08-31T00:06:52.147146+00:00
ibm_marrakesh,101,116,cz,gate_error,0.002773765510570597,,2026-08-30 18:51:35-04:00,2026-08-31T00:06:52.147146+00:00
ibm_marrakesh,101,116,cz,gate_length,68.0,ns,2026-08-30 18:51:35-04:00,2026-08-31T00:06:52.147146+00:00
ibm_marrakesh,116,101,cz,gate_error,0.002773765510570597,,2026-08-30 18:51:35-04:00,2026-08-31T00:06:52.147146+00:00
ibm_marrakesh,116,101,cz,gate_length,68.0,ns,2026-08-30 18:51:35-04:00,2026-08-31T00:06:52.147146+00:00
ibm_marrakesh,153,154,cz,gate_error,0.003629557243327558,,2026-08-30 18:51:33-04:00,2026-08-31T00:06:52.147146+00:00
ibm_marrakesh,153,154,cz,gate_length,68.0,ns,2026-08-30 18:51:33-04:00,2026-08-31T00:06:52.147146+00:00
ibm_marrakesh,154,153,cz,gate_error,0.003629557243327558,,2026-08-30 18:51:33-04:00,2026-08-31T00:06:52.147146+00:00
ibm_marrakesh,154,153,cz,gate_length,68.0,ns,2026-08-30 18:51:33-04:00,2026-08-31T00:06:52.147146+00:00
ibm_marrakesh,2,3,cz,gate_error,0.0012652275719416683,,2026-08-30 18:51:22-04:00,2026-08-31T00:06:52.147146+00:00
ibm_marrakesh,2,3,cz,gate_length,68.0,ns,2026-08-30 18:51:22-04:00,2026-08-31T00:06:52.147146+00:00
ibm_marrakesh,3,2,cz,gate_error,0.0012652275719416683,,2026-08-30 18:51:22-04:00,2026-08-31T00:06:52.147146+00:00
ibm_marrakesh,3,2,cz,gate_length,68.0,ns,2026-08-30 18:51:22-04:00,2026-08-31T00:06:52.147146+00:00
ibm_marrakesh,122,123,cz,gate_error,0.003076988413071441,,2026-08-30 18:51:17-04:00,2026-08-31T00:06:52.147146+00:00
ibm_marrakesh,122,123,cz,gate_length,68.0,ns,2026-08-30 18:51:17-04:00,2026-08-31T00:06:52.147146+00:00
ibm_marrakesh,123,122,cz,gate_error,0.003076988413071441,,2026-08-30 18:51:17-04:00,2026-08-31T00:06:52.147146+00:00
ibm_marrakesh,123,122,cz,gate_length,68.0,ns,2026-08-30 18:51:17-04:00,2026-08-31T00:06:52.147146+00:00
ibm_marrakesh,57,67,cz,gate_error,0.0021307242800424064,,2026-08-30 18:51:27-04:00,2026-08-31T00:06:52.147146+00:00
ibm_marrakesh,57,67,cz,gate_length,68.0,ns,2026-08-30 18:51:27-04:00,2026-08-31T00:06:52.147146+00:00
ibm_marrakesh,67,57,cz,gate_error,0.0021307242800424064,,2026-08-30 18:51:27-04:00,2026-08-31T00:06:52.147146+00:00
ibm_marrakesh,67,57,cz,gate_length,68.0,ns,2026-08-30 18:51:27-04:00,2026-08-31T00:06:52.147146+00:00
ibm_marrakesh,62,63,cz,gate_error,0.00364297114058576,,2026-08-30 18:51:31-04:00,2026-08-31T00:06:52.147146+00:00
ibm_marrakesh,62,63,cz,gate_length,68.0,ns,2026-08-30 18:51:31-04:00,2026-08-31T00:06:52.147146+00:00
ibm_marrakesh,63,62,cz,gate_error,0.00364297114058576,,2026-08-30 18:51:31-04:00,2026-08-31T00:06:52.147146+00:00
ibm_marrakesh,63,62,cz,gate_length,68.0,ns,2026-08-30 18:51:31-04:00,2026-08-31T00:06:52.147146+00:00
ibm_marrakesh,154,155,cz,gate_error,0.0036503551392241262,,2026-08-30 18:51:36-04:00,2026-08-31T00:06:52.147146+00:00
ibm_marrakesh,154,155,cz,gate_length,68.0,ns,2026-08-30 18:51:36-04:00,2026-08-31T00:06:52.147146+00:00
ibm_marrakesh,155,154,cz,gate_error,0.0036503551392241262,,2026-08-30 18:51:36-04:00,2026-08-31T00:06:52.147146+00:00
ibm_marrakesh,155,154,cz,gate_length,68.0,ns,2026-08-30 18:51:36-04:00,2026-08-31T00:06:52.147146+00:00
ibm_marrakesh,119,133,cz,gate_error,0.1472694104635052,,2026-08-30 18:51:25-04:00,2026-08-31T00:06:52.147146+00:00
ibm_marrakesh,119,133,cz,gate_length,68.0,ns,2026-08-30 18:51:25-04:00,2026-08-31T00:06:52.147146+00:00
ibm_marrakesh,133,119,cz,gate_error,0.1472694104635052,,2026-08-30 18:51:25-04:00,2026-08-31T00:06:52.147146+00:00
ibm_marrakesh,133,119,cz,gate_length,68.0,ns,2026-08-30 18:51:25-04:00,2026-08-31T00:06:52.147146+00:00
ibm_marrakesh,3,4,cz,gate_error,0.0023631544253807923,,2026-08-30 18:51:26-04:00,2026-08-31T00:06:52.147146+00:00
ibm_marrakesh,3,4,cz,gate_length,80.0,ns,2026-08-30 18:51:26-04:00,2026-08-31T00:06:52.147146+00:00
ibm_marrakesh,4,3,cz,gate_error,0.0023631544253807923,,2026-08-30 18:51:26-04:00,2026-08-31T00:06:52.147146+00:00
ibm_marrakesh,4,3,cz,gate_length,80.0,ns,2026-08-30 18:51:26-04:00,2026-08-31T00:06:52.147146+00:00
ibm_marrakesh,33,39,cz,gate_error,0.0012969666241484379,,2026-08-30 18:51:27-04:00,2026-08-31T00:06:52.147146+00:00
ibm_marrakesh,33,39,cz,gate_length,68.0,ns,2026-08-30 18:51:27-04:00,2026-08-31T00:06:52.147146+00:00
ibm_marrakesh,39,33,cz,gate_error,0.0012969666241484379,,2026-08-30 18:51:27-04:00,2026-08-31T00:06:52.147146+00:00
ibm_marrakesh,39,33,cz,gate_length,68.0,ns,2026-08-30 18:51:27-04:00,2026-08-31T00:06:52.147146+00:00
ibm_marrakesh,150,151,cz,gate_error,0.003326011850113164,,2026-08-30 18:51:26-04:00,2026-08-31T00:06:52.147146+00:00
ibm_marrakesh,150,151,cz,gate_length,68.0,ns,2026-08-30 18:51:26-04:00,2026-08-31T00:06:52.147146+00:00
ibm_marrakesh,151,150,cz,gate_error,0.003326011850113164,,2026-08-30 18:51:26-04:00,2026-08-31T00:06:52.147146+00:00
ibm_marrakesh,151,150,cz,gate_length,68.0,ns,2026-08-30 18:51:26-04:00,2026-08-31T00:06:52.147146+00:00
ibm_marrakesh,127,128,cz,gate_error,0.0020759088088680155,,2026-08-30 18:51:35-04:00,2026-08-31T00:06:52.147146+00:00
ibm_marrakesh,127,128,cz,gate_length,68.0,ns,2026-08-30 18:51:35-04:00,2026-08-31T00:06:52.147146+00:00
ibm_marrakesh,128,127,cz,gate_error,0.0020759088088680155,,2026-08-30 18:51:35-04:00,2026-08-31T00:06:52.147146+00:00
ibm_marrakesh,128,127,cz,gate_length,68.0,ns,2026-08-30 18:51:35-04:00,2026-08-31T00:06:52.147146+00:00
ibm_marrakesh,78,89,cz,gate_error,0.0027977798276194177,,2026-08-30 18:51:24-04:00,2026-08-31T00:06:52.147146+00:00
ibm_marrakesh,78,89,cz,gate_length,68.0,ns,2026-08-30 18:51:24-04:00,2026-08-31T00:06:52.147146+00:00
ibm_marrakesh,89,78,cz,gate_error,0.0027977798276194177,,2026-08-30 18:51:24-04:00,2026-08-31T00:06:52.147146+00:00
ibm_marrakesh,89,78,cz,gate_length,68.0,ns,2026-08-30 18:51:24-04:00,2026-08-31T00:06:52.147146+00:00
ibm_marrakesh,127,137,cz,gate_error,0.002462621474354637,,2026-08-30 18:51:21-04:00,2026-08-31T00:06:52.147146+00:00
ibm_marrakesh,127,137,cz,gate_length,68.0,ns,2026-08-30 18:51:21-04:00,2026-08-31T00:06:52.147146+00:00
ibm_marrakesh,137,127,cz,gate_error,0.002462621474354637,,2026-08-30 18:51:21-04:00,2026-08-31T00:06:52.147146+00:00
ibm_marrakesh,137,127,cz,gate_length,68.0,ns,2026-08-30 18:51:21-04:00,2026-08-31T00:06:52.147146+00:00
ibm_marrakesh,91,92,cz,gate_error,0.0021776856833131686,,2026-08-30 18:51:35-04:00,2026-08-31T00:06:52.147146+00:00
ibm_marrakesh,91,92,cz,gate_length,68.0,ns,2026-08-30 18:51:35-04:00,2026-08-31T00:06:52.147146+00:00
ibm_marrakesh,92,91,cz,gate_error,0.0021776856833131686,,2026-08-30 18:51:35-04:00,2026-08-31T00:06:52.147146+00:00
ibm_marrakesh,92,91,cz,gate_length,68.0,ns,2026-08-30 18:51:35-04:00,2026-08-31T00:06:52.147146+00:00
ibm_marrakesh,68,69,cz,gate_error,0.002886567484332997,,2026-08-30 18:51:15-04:00,2026-08-31T00:06:52.147146+00:00
ibm_marrakesh,68,69,cz,gate_length,68.0,ns,2026-08-30 18:51:15-04:00,2026-08-31T00:06:52.147146+00:00
ibm_marrakesh,69,68,cz,gate_error,0.002886567484332997,,2026-08-30 18:51:15-04:00,2026-08-31T00:06:52.147146+00:00
ibm_marrakesh,69,68,cz,gate_length,68.0,ns,2026-08-30 18:51:15-04:00,2026-08-31T00:06:52.147146+00:00
ibm_marrakesh,37,45,cz,gate_error,0.008767801985952478,,2026-08-30 18:51:27-04:00,2026-08-31T00:06:52.147146+00:00
ibm_marrakesh,37,45,cz,gate_length,68.0,ns,2026-08-30 18:51:27-04:00,2026-08-31T00:06:52.147146+00:00
ibm_marrakesh,45,37,cz,gate_error,0.008767801985952478,,2026-08-30 18:51:27-04:00,2026-08-31T00:06:52.147146+00:00
ibm_marrakesh,45,37,cz,gate_length,68.0,ns,2026-08-30 18:51:27-04:00,2026-08-31T00:06:52.147146+00:00
ibm_marrakesh,63,64,cz,gate_error,0.0029492854630802923,,2026-08-30 18:51:34-04:00,2026-08-31T00:06:52.147146+00:00
ibm_marrakesh,63,64,cz,gate_length,68.0,ns,2026-08-30 18:51:34-04:00,2026-08-31T00:06:52.147146+00:00
ibm_marrakesh,64,63,cz,gate_error,0.0029492854630802923,,2026-08-30 18:51:34-04:00,2026-08-31T00:06:52.147146+00:00
ibm_marrakesh,64,63,cz,gate_length,68.0,ns,2026-08-30 18:51:34-04:00,2026-08-31T00:06:52.147146+00:00
ibm_marrakesh,128,129,cz,gate_error,0.0072381858186616466,,2026-08-30 18:51:25-04:00,2026-08-31T00:06:52.147146+00:00
ibm_marrakesh,128,129,cz,gate_length,68.0,ns,2026-08-30 18:51:25-04:00,2026-08-31T00:06:52.147146+00:00
ibm_marrakesh,129,128,cz,gate_error,0.0072381858186616466,,2026-08-30 18:51:25-04:00,2026-08-31T00:06:52.147146+00:00
ibm_marrakesh,129,128,cz,gate_length,68.0,ns,2026-08-30 18:51:25-04:00,2026-08-31T00:06:52.147146+00:00
ibm_marrakesh,32,33,cz,gate_error,0.0034534306300255946,,2026-08-30 18:51:23-04:00,2026-08-31T00:06:52.147146+00:00
ibm_marrakesh,32,33,cz,gate_length,68.0,ns,2026-08-30 18:51:23-04:00,2026-08-31T00:06:52.147146+00:00
ibm_marrakesh,33,32,cz,gate_error,0.0034534306300255946,,2026-08-30 18:51:23-04:00,2026-08-31T00:06:52.147146+00:00
ibm_marrakesh,33,32,cz,gate_length,68.0,ns,2026-08-30 18:51:23-04:00,2026-08-31T00:06:52.147146+00:00
ibm_marrakesh,4,5,cz,gate_error,0.0018998294076359723,,2026-08-30 18:51:13-04:00,2026-08-31T00:06:52.147146+00:00
ibm_marrakesh,4,5,cz,gate_length,68.0,ns,2026-08-30 18:51:13-04:00,2026-08-31T00:06:52.147146+00:00
ibm_marrakesh,5,4,cz,gate_error,0.0018998294076359723,,2026-08-30 18:51:13-04:00,2026-08-31T00:06:52.147146+00:00
ibm_marrakesh,5,4,cz,gate_length,68.0,ns,2026-08-30 18:51:13-04:00,2026-08-31T00:06:52.147146+00:00
ibm_marrakesh,25,37,cz,gate_error,0.005636095197236096,,2026-08-30 18:51:22-04:00,2026-08-31T00:06:52.147146+00:00
ibm_marrakesh,25,37,cz,gate_length,68.0,ns,2026-08-30 18:51:22-04:00,2026-08-31T00:06:52.147146+00:00
ibm_marrakesh,37,25,cz,gate_error,0.005636095197236096,,2026-08-30 18:51:22-04:00,2026-08-31T00:06:52.147146+00:00
ibm_marrakesh,37,25,cz,gate_length,68.0,ns,2026-08-30 18:51:22-04:00,2026-08-31T00:06:52.147146+00:00
ibm_marrakesh,69,70,cz,gate_error,0.00238956043197594,,2026-08-30 18:51:20-04:00,2026-08-31T00:06:52.147146+00:00
ibm_marrakesh,69,70,cz,gate_length,80.0,ns,2026-08-30 18:51:20-04:00,2026-08-31T00:06:52.147146+00:00
ibm_marrakesh,70,69,cz,gate_error,0.00238956043197594,,2026-08-30 18:51:20-04:00,2026-08-31T00:06:52.147146+00:00
ibm_marrakesh,70,69,cz,gate_length,80.0,ns,2026-08-30 18:51:20-04:00,2026-08-31T00:06:52.147146+00:00
ibm_marrakesh,18,31,cz,gate_error,0.003081098992561565,,2026-08-30 18:51:33-04:00,2026-08-31T00:06:52.147146+00:00
ibm_marrakesh,18,31,cz,gate_length,68.0,ns,2026-08-30 18:51:33-04:00,2026-08-31T00:06:52.147146+00:00
ibm_marrakesh,31,18,cz,gate_error,0.003081098992561565,,2026-08-30 18:51:33-04:00,2026-08-31T00:06:52.147146+00:00
ibm_marrakesh,31,18,cz,gate_length,68.0,ns,2026-08-30 18:51:33-04:00,2026-08-31T00:06:52.147146+00:00
ibm_marrakesh,101,102,cz,gate_error,0.0032657226305066733,,2026-08-30 18:51:21-04:00,2026-08-31T00:06:52.147146+00:00
ibm_marrakesh,101,102,cz,gate_length,68.0,ns,2026-08-30 18:51:21-04:00,2026-08-31T00:06:52.147146+00:00
ibm_marrakesh,102,101,cz,gate_error,0.0032657226305066733,,2026-08-30 18:51:21-04:00,2026-08-31T00:06:52.147146+00:00
ibm_marrakesh,102,101,cz,gate_length,68.0,ns,2026-08-30 18:51:21-04:00,2026-08-31T00:06:52.147146+00:00
ibm_marrakesh,116,121,cz,gate_error,0.0026114328159227707,,2026-08-30 18:51:24-04:00,2026-08-31T00:06:52.147146+00:00
ibm_marrakesh,116,121,cz,gate_length,68.0,ns,2026-08-30 18:51:24-04:00,2026-08-31T00:06:52.147146+00:00
ibm_marrakesh,121,116,cz,gate_error,0.0026114328159227707,,2026-08-30 18:51:24-04:00,2026-08-31T00:06:52.147146+00:00
ibm_marrakesh,121,116,cz,gate_length,68.0,ns,2026-08-30 18:51:24-04:00,2026-08-31T00:06:52.147146+00:00
ibm_marrakesh,124,125,cz,gate_error,0.002610223054551525,,2026-08-30 18:51:29-04:00,2026-08-31T00:06:52.147146+00:00
ibm_marrakesh,124,125,cz,gate_length,68.0,ns,2026-08-30 18:51:29-04:00,2026-08-31T00:06:52.147146+00:00
ibm_marrakesh,125,124,cz,gate_error,0.002610223054551525,,2026-08-30 18:51:29-04:00,2026-08-31T00:06:52.147146+00:00
ibm_marrakesh,125,124,cz,gate_length,68.0,ns,2026-08-30 18:51:29-04:00,2026-08-31T00:06:52.147146+00:00
ibm_marrakesh,0,1,cz,gate_error,0.0033907001027093653,,2026-08-30 18:51:13-04:00,2026-08-31T00:06:52.147146+00:00
ibm_marrakesh,0,1,cz,gate_length,68.0,ns,2026-08-30 18:51:13-04:00,2026-08-31T00:06:52.147146+00:00
ibm_marrakesh,1,0,cz,gate_error,0.0033907001027093653,,2026-08-30 18:51:13-04:00,2026-08-31T00:06:52.147146+00:00
ibm_marrakesh,1,0,cz,gate_length,68.0,ns,2026-08-30 18:51:13-04:00,2026-08-31T00:06:52.147146+00:00
ibm_marrakesh,10,11,cz,gate_error,0.0015934687299822559,,2026-08-30 18:51:22-04:00,2026-08-31T00:06:52.147146+00:00
ibm_marrakesh,10,11,cz,gate_length,68.0,ns,2026-08-30 18:51:22-04:00,2026-08-31T00:06:52.147146+00:00
ibm_marrakesh,11,10,cz,gate_error,0.0015934687299822559,,2026-08-30 18:51:22-04:00,2026-08-31T00:06:52.147146+00:00
ibm_marrakesh,11,10,cz,gate_length,68.0,ns,2026-08-30 18:51:22-04:00,2026-08-31T00:06:52.147146+00:00
ibm_marrakesh,92,93,cz,gate_error,0.0026973877354646014,,2026-08-30 18:51:24-04:00,2026-08-31T00:06:52.147146+00:00
ibm_marrakesh,92,93,cz,gate_length,68.0,ns,2026-08-30 18:51:24-04:00,2026-08-31T00:06:52.147146+00:00
ibm_marrakesh,93,92,cz,gate_error,0.0026973877354646014,,2026-08-30 18:51:24-04:00,2026-08-31T00:06:52.147146+00:00
ibm_marrakesh,93,92,cz,gate_length,68.0,ns,2026-08-30 18:51:24-04:00,2026-08-31T00:06:52.147146+00:00
ibm_marrakesh,97,107,cz,gate_error,0.0016232838818747986,,2026-08-30 18:51:24-04:00,2026-08-31T00:06:52.147146+00:00
ibm_marrakesh,97,107,cz,gate_length,68.0,ns,2026-08-30 18:51:24-04:00,2026-08-31T00:06:52.147146+00:00
ibm_marrakesh,107,97,cz,gate_error,0.0016232838818747986,,2026-08-30 18:51:24-04:00,2026-08-31T00:06:52.147146+00:00
ibm_marrakesh,107,97,cz,gate_length,68.0,ns,2026-08-30 18:51:24-04:00,2026-08-31T00:06:52.147146+00:00
ibm_marrakesh,109,118,cz,gate_error,0.001750715106262013,,2026-08-30 18:51:21-04:00,2026-08-31T00:06:52.147146+00:00
ibm_marrakesh,109,118,cz,gate_length,68.0,ns,2026-08-30 18:51:21-04:00,2026-08-31T00:06:52.147146+00:00
ibm_marrakesh,118,109,cz,gate_error,0.001750715106262013,,2026-08-30 18:51:21-04:00,2026-08-31T00:06:52.147146+00:00
ibm_marrakesh,118,109,cz,gate_length,68.0,ns,2026-08-30 18:51:21-04:00,2026-08-31T00:06:52.147146+00:00
ibm_marrakesh,6,7,cz,gate_error,0.00115883994116886,,2026-08-30 18:51:22-04:00,2026-08-31T00:06:52.147146+00:00
ibm_marrakesh,6,7,cz,gate_length,68.0,ns,2026-08-30 18:51:22-04:00,2026-08-31T00:06:52.147146+00:00
ibm_marrakesh,7,6,cz,gate_error,0.00115883994116886,,2026-08-30 18:51:22-04:00,2026-08-31T00:06:52.147146+00:00
ibm_marrakesh,7,6,cz,gate_length,68.0,ns,2026-08-30 18:51:22-04:00,2026-08-31T00:06:52.147146+00:00
ibm_marrakesh,15,19,cz,gate_error,0.006120416707797893,,2026-08-30 18:51:26-04:00,2026-08-31T00:06:52.147146+00:00
ibm_marrakesh,15,19,cz,gate_length,68.0,ns,2026-08-30 18:51:26-04:00,2026-08-31T00:06:52.147146+00:00
ibm_marrakesh,19,15,cz,gate_error,0.006120416707797893,,2026-08-30 18:51:26-04:00,2026-08-31T00:06:52.147146+00:00
ibm_marrakesh,19,15,cz,gate_length,68.0,ns,2026-08-30 18:51:26-04:00,2026-08-31T00:06:52.147146+00:00
ibm_marrakesh,33,34,cz,gate_error,0.002177371832990438,,2026-08-30 18:51:19-04:00,2026-08-31T00:06:52.147146+00:00
ibm_marrakesh,33,34,cz,gate_length,68.0,ns,2026-08-30 18:51:19-04:00,2026-08-31T00:06:52.147146+00:00
ibm_marrakesh,34,33,cz,gate_error,0.002177371832990438,,2026-08-30 18:51:19-04:00,2026-08-31T00:06:52.147146+00:00
ibm_marrakesh,34,33,cz,gate_length,68.0,ns,2026-08-30 18:51:19-04:00,2026-08-31T00:06:52.147146+00:00
ibm_marrakesh,43,44,cz,gate_error,0.011958711908706371,,2026-08-30 18:51:19-04:00,2026-08-31T00:06:52.147146+00:00
ibm_marrakesh,43,44,cz,gate_length,68.0,ns,2026-08-30 18:51:19-04:00,2026-08-31T00:06:52.147146+00:00
ibm_marrakesh,44,43,cz,gate_error,0.011958711908706371,,2026-08-30 18:51:19-04:00,2026-08-31T00:06:52.147146+00:00
ibm_marrakesh,44,43,cz,gate_length,68.0,ns,2026-08-30 18:51:19-04:00,2026-08-31T00:06:52.147146+00:00
ibm_marrakesh,70,71,cz,gate_error,0.002059171686038419,,2026-08-30 18:51:27-04:00,2026-08-31T00:06:52.147146+00:00
ibm_marrakesh,70,71,cz,gate_length,68.0,ns,2026-08-30 18:51:27-04:00,2026-08-31T00:06:52.147146+00:00
ibm_marrakesh,71,70,cz,gate_error,0.002059171686038419,,2026-08-30 18:51:27-04:00,2026-08-31T00:06:52.147146+00:00
ibm_marrakesh,71,70,cz,gate_length,68.0,ns,2026-08-30 18:51:27-04:00,2026-08-31T00:06:52.147146+00:00
ibm_marrakesh,125,126,cz,gate_error,0.0027891126537478994,,2026-08-30 18:51:32-04:00,2026-08-31T00:06:52.147146+00:00
ibm_marrakesh,125,126,cz,gate_length,68.0,ns,2026-08-30 18:51:32-04:00,2026-08-31T00:06:52.147146+00:00
ibm_marrakesh,126,125,cz,gate_error,0.0027891126537478994,,2026-08-30 18:51:32-04:00,2026-08-31T00:06:52.147146+00:00
ibm_marrakesh,126,125,cz,gate_length,68.0,ns,2026-08-30 18:51:32-04:00,2026-08-31T00:06:52.147146+00:00
ibm_marrakesh,118,129,cz,gate_error,0.001820496302958663,,2026-08-30 18:51:28-04:00,2026-08-31T00:06:52.147146+00:00
ibm_marrakesh,118,129,cz,gate_length,68.0,ns,2026-08-30 18:51:28-04:00,2026-08-31T00:06:52.147146+00:00
ibm_marrakesh,129,118,cz,gate_error,0.001820496302958663,,2026-08-30 18:51:28-04:00,2026-08-31T00:06:52.147146+00:00
ibm_marrakesh,129,118,cz,gate_length,68.0,ns,2026-08-30 18:51:28-04:00,2026-08-31T00:06:52.147146+00:00
ibm_marrakesh,130,131,cz,gate_error,1.0,,2026-08-30 18:54:04.065105-04:00,2026-08-31T00:06:52.147146+00:00
ibm_marrakesh,130,131,cz,gate_length,68.0,ns,2026-08-30 18:54:04.065105-04:00,2026-08-31T00:06:52.147146+00:00
ibm_marrakesh,131,130,cz,gate_error,1.0,,2026-08-30 18:54:04.065112-04:00,2026-08-31T00:06:52.147146+00:00
ibm_marrakesh,131,130,cz,gate_length,68.0,ns,2026-08-30 18:54:04.065112-04:00,2026-08-31T00:06:52.147146+00:00
ibm_marrakesh,34,35,cz,gate_error,0.00210880661719709,,2026-08-30 18:51:30-04:00,2026-08-31T00:06:52.147146+00:00
ibm_marrakesh,34,35,cz,gate_length,68.0,ns,2026-08-30 18:51:30-04:00,2026-08-31T00:06:52.147146+00:00
ibm_marrakesh,35,34,cz,gate_error,0.00210880661719709,,2026-08-30 18:51:30-04:00,2026-08-31T00:06:52.147146+00:00
ibm_marrakesh,35,34,cz,gate_length,68.0,ns,2026-08-30 18:51:30-04:00,2026-08-31T00:06:52.147146+00:00
ibm_marrakesh,11,12,cz,gate_error,0.0014166248190689845,,2026-08-30 18:51:26-04:00,2026-08-31T00:06:52.147146+00:00
ibm_marrakesh,11,12,cz,gate_length,68.0,ns,2026-08-30 18:51:26-04:00,2026-08-31T00:06:52.147146+00:00
ibm_marrakesh,12,11,cz,gate_error,0.0014166248190689845,,2026-08-30 18:51:26-04:00,2026-08-31T00:06:52.147146+00:00
ibm_marrakesh,12,11,cz,gate_length,68.0,ns,2026-08-30 18:51:26-04:00,2026-08-31T00:06:52.147146+00:00
ibm_marrakesh,65,77,cz,gate_error,0.0025644747768763243,,2026-08-30 18:51:23-04:00,2026-08-31T00:06:52.147146+00:00
ibm_marrakesh,65,77,cz,gate_length,68.0,ns,2026-08-30 18:51:23-04:00,2026-08-31T00:06:52.147146+00:00
ibm_marrakesh,77,65,cz,gate_error,0.0025644747768763243,,2026-08-30 18:51:23-04:00,2026-08-31T00:06:52.147146+00:00
ibm_marrakesh,77,65,cz,gate_length,68.0,ns,2026-08-30 18:51:23-04:00,2026-08-31T00:06:52.147146+00:00
ibm_marrakesh,131,132,cz,gate_error,0.0026315038863269635,,2026-08-30 18:51:36-04:00,2026-08-31T00:06:52.147146+00:00
ibm_marrakesh,131,132,cz,gate_length,68.0,ns,2026-08-30 18:51:36-04:00,2026-08-31T00:06:52.147146+00:00
ibm_marrakesh,132,131,cz,gate_error,0.0026315038863269635,,2026-08-30 18:51:36-04:00,2026-08-31T00:06:52.147146+00:00
ibm_marrakesh,132,131,cz,gate_length,68.0,ns,2026-08-30 18:51:36-04:00,2026-08-31T00:06:52.147146+00:00
ibm_marrakesh,7,8,cz,gate_error,0.0022253823563675723,,2026-08-30 18:51:26-04:00,2026-08-31T00:06:52.147146+00:00
ibm_marrakesh,7,8,cz,gate_length,80.0,ns,2026-08-30 18:51:26-04:00,2026-08-31T00:06:52.147146+00:00
ibm_marrakesh,8,7,cz,gate_error,0.0022253823563675723,,2026-08-30 18:51:26-04:00,2026-08-31T00:06:52.147146+00:00
ibm_marrakesh,8,7,cz,gate_length,80.0,ns,2026-08-30 18:51:26-04:00,2026-08-31T00:06:52.147146+00:00
ibm_marrakesh,129,130,rzz,gate_error,1.0,,2026-08-30 18:54:02.747485-04:00,2026-08-31T00:06:52.147146+00:00
ibm_marrakesh,129,130,rzz,gate_length,68.0,ns,2026-08-30 18:54:02.747485-04:00,2026-08-31T00:06:52.147146+00:00
ibm_marrakesh,130,129,rzz,gate_error,1.0,,2026-08-30 18:54:02.747492-04:00,2026-08-31T00:06:52.147146+00:00
ibm_marrakesh,130,129,rzz,gate_length,68.0,ns,2026-08-30 18:54:02.747492-04:00,2026-08-31T00:06:52.147146+00:00
ibm_marrakesh,81,82,rzz,gate_error,1.0,,2026-08-30 18:54:02.922695-04:00,2026-08-31T00:06:52.147146+00:00
ibm_marrakesh,81,82,rzz,gate_length,68.0,ns,2026-08-30 18:54:02.922695-04:00,2026-08-31T00:06:52.147146+00:00
ibm_marrakesh,82,81,rzz,gate_error,1.0,,2026-08-30 18:54:02.922702-04:00,2026-08-31T00:06:52.147146+00:00
ibm_marrakesh,82,81,rzz,gate_length,68.0,ns,2026-08-30 18:54:02.922702-04:00,2026-08-31T00:06:52.147146+00:00
ibm_marrakesh,82,83,rzz,gate_error,1.0,,2026-08-30 18:54:03.079589-04:00,2026-08-31T00:06:52.147146+00:00
ibm_marrakesh,82,83,rzz,gate_length,68.0,ns,2026-08-30 18:54:03.079589-04:00,2026-08-31T00:06:52.147146+00:00
ibm_marrakesh,83,82,rzz,gate_error,1.0,,2026-08-30 18:54:03.079596-04:00,2026-08-31T00:06:52.147146+00:00
ibm_marrakesh,83,82,rzz,gate_length,68.0,ns,2026-08-30 18:54:03.079596-04:00,2026-08-31T00:06:52.147146+00:00
ibm_marrakesh,113,119,rzz,gate_error,1.0,,2026-08-30 18:54:03.167920-04:00,2026-08-31T00:06:52.147146+00:00
ibm_marrakesh,113,119,rzz,gate_length,68.0,ns,2026-08-30 18:54:03.167920-04:00,2026-08-31T00:06:52.147146+00:00
ibm_marrakesh,119,113,rzz,gate_error,1.0,,2026-08-30 18:54:03.167926-04:00,2026-08-31T00:06:52.147146+00:00
ibm_marrakesh,119,113,rzz,gate_length,68.0,ns,2026-08-30 18:54:03.167926-04:00,2026-08-31T00:06:52.147146+00:00
ibm_marrakesh,112,113,rzz,gate_error,1.0,,2026-08-30 18:54:03.238083-04:00,2026-08-31T00:06:52.147146+00:00
ibm_marrakesh,112,113,rzz,gate_length,68.0,ns,2026-08-30 18:54:03.238083-04:00,2026-08-31T00:06:52.147146+00:00
ibm_marrakesh,113,112,rzz,gate_error,1.0,,2026-08-30 18:54:03.238091-04:00,2026-08-31T00:06:52.147146+00:00
ibm_marrakesh,113,112,rzz,gate_length,68.0,ns,2026-08-30 18:54:03.238091-04:00,2026-08-31T00:06:52.147146+00:00
ibm_marrakesh,95,99,rzz,gate_error,1.0,,2026-08-30 18:54:03.395659-04:00,2026-08-31T00:06:52.147146+00:00
ibm_marrakesh,95,99,rzz,gate_length,68.0,ns,2026-08-30 18:54:03.395659-04:00,2026-08-31T00:06:52.147146+00:00
ibm_marrakesh,99,95,rzz,gate_error,1.0,,2026-08-30 18:54:03.395671-04:00,2026-08-31T00:06:52.147146+00:00
ibm_marrakesh,99,95,rzz,gate_length,68.0,ns,2026-08-30 18:54:03.395671-04:00,2026-08-31T00:06:52.147146+00:00
ibm_marrakesh,113,114,rzz,gate_error,1.0,,2026-08-30 18:54:03.413203-04:00,2026-08-31T00:06:52.147146+00:00
ibm_marrakesh,113,114,rzz,gate_length,68.0,ns,2026-08-30 18:54:03.413203-04:00,2026-08-31T00:06:52.147146+00:00
ibm_marrakesh,114,113,rzz,gate_error,1.0,,2026-08-30 18:54:03.413211-04:00,2026-08-31T00:06:52.147146+00:00
ibm_marrakesh,114,113,rzz,gate_length,68.0,ns,2026-08-30 18:54:03.413211-04:00,2026-08-31T00:06:52.147146+00:00
ibm_marrakesh,51,58,rzz,gate_error,1.0,,2026-08-30 18:54:03.483321-04:00,2026-08-31T00:06:52.147146+00:00
ibm_marrakesh,51,58,rzz,gate_length,140.0,ns,2026-08-30 18:54:03.483321-04:00,2026-08-31T00:06:52.147146+00:00
ibm_marrakesh,58,51,rzz,gate_error,1.0,,2026-08-30 18:54:03.483329-04:00,2026-08-31T00:06:52.147146+00:00
ibm_marrakesh,58,51,rzz,gate_length,140.0,ns,2026-08-30 18:54:03.483329-04:00,2026-08-31T00:06:52.147146+00:00
ibm_marrakesh,33,39,rzz,gate_error,1.0,,2026-08-30 18:54:03.771939-04:00,2026-08-31T00:06:52.147146+00:00
ibm_marrakesh,33,39,rzz,gate_length,140.0,ns,2026-08-30 18:54:03.771939-04:00,2026-08-31T00:06:52.147146+00:00
ibm_marrakesh,39,33,rzz,gate_error,1.0,,2026-08-30 18:54:03.771946-04:00,2026-08-31T00:06:52.147146+00:00
ibm_marrakesh,39,33,rzz,gate_length,140.0,ns,2026-08-30 18:54:03.771946-04:00,2026-08-31T00:06:52.147146+00:00
ibm_marrakesh,118,129,rzz,gate_error,1.0,,2026-08-30 18:54:04.060629-04:00,2026-08-31T00:06:52.147146+00:00
ibm_marrakesh,118,129,rzz,gate_length,68.0,ns,2026-08-30 18:54:04.060629-04:00,2026-08-31T00:06:52.147146+00:00
ibm_marrakesh,129,118,rzz,gate_error,1.0,,2026-08-30 18:54:04.060636-04:00,2026-08-31T00:06:52.147146+00:00
ibm_marrakesh,129,118,rzz,gate_length,68.0,ns,2026-08-30 18:54:04.060636-04:00,2026-08-31T00:06:52.147146+00:00
ibm_marrakesh,130,131,rzz,gate_error,1.0,,2026-08-30 18:54:04.069970-04:00,2026-08-31T00:06:52.147146+00:00
ibm_marrakesh,130,131,rzz,gate_length,68.0,ns,2026-08-30 18:54:04.069970-04:00,2026-08-31T00:06:52.147146+00:00
ibm_marrakesh,131,130,rzz,gate_error,1.0,,2026-08-30 18:54:04.069977-04:00,2026-08-31T00:06:52.147146+00:00
ibm_marrakesh,131,130,rzz,gate_length,68.0,ns,2026-08-30 18:54:04.069977-04:00,2026-08-31T00:06:52.147146+00:00
ibm_kingston,72,73,cz,gate_error,0.0401684802707864,,2026-08-30 12:45:44-04:00,2026-08-31T00:06:57.295633+00:00
ibm_kingston,72,73,cz,gate_length,68.0,ns,2026-08-30 12:45:44-04:00,2026-08-31T00:06:57.295633+00:00
ibm_kingston,73,72,cz,gate_error,0.0401684802707864,,2026-08-30 12:45:44-04:00,2026-08-31T00:06:57.295633+00:00
ibm_kingston,73,72,cz,gate_length,68.0,ns,2026-08-30 12:45:44-04:00,2026-08-31T00:06:57.295633+00:00
ibm_kingston,7,17,cz,gate_error,0.007013813545820924,,2026-08-30 12:46:04-04:00,2026-08-31T00:06:57.295633+00:00
ibm_kingston,7,17,cz,gate_length,68.0,ns,2026-08-30 12:46:04-04:00,2026-08-31T00:06:57.295633+00:00
ibm_kingston,17,7,cz,gate_error,0.007013813545820924,,2026-08-30 12:46:04-04:00,2026-08-31T00:06:57.295633+00:00
ibm_kingston,17,7,cz,gate_length,68.0,ns,2026-08-30 12:46:04-04:00,2026-08-31T00:06:57.295633+00:00
ibm_kingston,67,68,cz,gate_error,0.0015239504798823522,,2026-08-30 12:46:10-04:00,2026-08-31T00:06:57.295633+00:00
ibm_kingston,67,68,cz,gate_length,68.0,ns,2026-08-30 12:46:10-04:00,2026-08-31T00:06:57.295633+00:00
ibm_kingston,68,67,cz,gate_error,0.0015239504798823522,,2026-08-30 12:46:10-04:00,2026-08-31T00:06:57.295633+00:00
ibm_kingston,68,67,cz,gate_length,68.0,ns,2026-08-30 12:46:10-04:00,2026-08-31T00:06:57.295633+00:00
ibm_kingston,44,45,cz,gate_error,0.001517984092557323,,2026-08-30 12:46:04-04:00,2026-08-31T00:06:57.295633+00:00
ibm_kingston,44,45,cz,gate_length,68.0,ns,2026-08-30 12:46:04-04:00,2026-08-31T00:06:57.295633+00:00
ibm_kingston,45,44,cz,gate_error,0.001517984092557323,,2026-08-30 12:46:04-04:00,2026-08-31T00:06:57.295633+00:00
ibm_kingston,45,44,cz,gate_length,68.0,ns,2026-08-30 12:46:04-04:00,2026-08-31T00:06:57.295633+00:00
ibm_kingston,8,9,cz,gate_error,0.00336381798993024,,2026-08-30 12:45:42-04:00,2026-08-31T00:06:57.295633+00:00
ibm_kingston,8,9,cz,gate_length,68.0,ns,2026-08-30 12:45:42-04:00,2026-08-31T00:06:57.295633+00:00
ibm_kingston,9,8,cz,gate_error,0.00336381798993024,,2026-08-30 12:45:42-04:00,2026-08-31T00:06:57.295633+00:00
ibm_kingston,9,8,cz,gate_length,68.0,ns,2026-08-30 12:45:42-04:00,2026-08-31T00:06:57.295633+00:00
ibm_kingston,40,41,cz,gate_error,0.0020614703641604337,,2026-08-30 12:46:04-04:00,2026-08-31T00:06:57.295633+00:00
ibm_kingston,40,41,cz,gate_length,68.0,ns,2026-08-30 12:46:04-04:00,2026-08-31T00:06:57.295633+00:00
ibm_kingston,41,40,cz,gate_error,0.0020614703641604337,,2026-08-30 12:46:04-04:00,2026-08-31T00:06:57.295633+00:00
ibm_kingston,41,40,cz,gate_length,68.0,ns,2026-08-30 12:46:04-04:00,2026-08-31T00:06:57.295633+00:00
ibm_kingston,100,101,cz,gate_error,0.001372826154472928,,2026-08-30 12:45:45-04:00,2026-08-31T00:06:57.295633+00:00
ibm_kingston,100,101,cz,gate_length,68.0,ns,2026-08-30 12:45:45-04:00,2026-08-31T00:06:57.295633+00:00
ibm_kingston,101,100,cz,gate_error,0.001372826154472928,,2026-08-30 12:45:45-04:00,2026-08-31T00:06:57.295633+00:00
ibm_kingston,101,100,cz,gate_length,68.0,ns,2026-08-30 12:45:45-04:00,2026-08-31T00:06:57.295633+00:00
ibm_kingston,91,98,cz,gate_error,0.0016765320392899963,,2026-08-30 12:45:52-04:00,2026-08-31T00:06:57.295633+00:00
ibm_kingston,91,98,cz,gate_length,68.0,ns,2026-08-30 12:45:52-04:00,2026-08-31T00:06:57.295633+00:00
ibm_kingston,98,91,cz,gate_error,0.0016765320392899963,,2026-08-30 12:45:52-04:00,2026-08-31T00:06:57.295633+00:00
ibm_kingston,98,91,cz,gate_length,68.0,ns,2026-08-30 12:45:52-04:00,2026-08-31T00:06:57.295633+00:00
ibm_kingston,132,133,cz,gate_error,0.001844689600233873,,2026-08-30 12:46:03-04:00,2026-08-31T00:06:57.295633+00:00
ibm_kingston,132,133,cz,gate_length,68.0,ns,2026-08-30 12:46:03-04:00,2026-08-31T00:06:57.295633+00:00
ibm_kingston,133,132,cz,gate_error,0.001844689600233873,,2026-08-30 12:46:03-04:00,2026-08-31T00:06:57.295633+00:00
ibm_kingston,133,132,cz,gate_length,68.0,ns,2026-08-30 12:46:03-04:00,2026-08-31T00:06:57.295633+00:00
ibm_kingston,41,42,cz,gate_error,0.002460787980082979,,2026-08-30 12:46:09-04:00,2026-08-31T00:06:57.295633+00:00
ibm_kingston,41,42,cz,gate_length,68.0,ns,2026-08-30 12:46:09-04:00,2026-08-31T00:06:57.295633+00:00
ibm_kingston,42,41,cz,gate_error,0.002460787980082979,,2026-08-30 12:46:09-04:00,2026-08-31T00:06:57.295633+00:00
ibm_kingston,42,41,cz,gate_length,68.0,ns,2026-08-30 12:46:09-04:00,2026-08-31T00:06:57.295633+00:00
ibm_kingston,55,59,cz,gate_error,0.0010809696470085173,,2026-08-30 12:45:50-04:00,2026-08-31T00:06:57.295633+00:00
ibm_kingston,55,59,cz,gate_length,68.0,ns,2026-08-30 12:45:50-04:00,2026-08-31T00:06:57.295633+00:00
ibm_kingston,59,55,cz,gate_error,0.0010809696470085173,,2026-08-30 12:45:50-04:00,2026-08-31T00:06:57.295633+00:00
ibm_kingston,59,55,cz,gate_length,68.0,ns,2026-08-30 12:45:50-04:00,2026-08-31T00:06:57.295633+00:00
ibm_kingston,73,74,cz,gate_error,0.001694327421703723,,2026-08-30 12:45:56-04:00,2026-08-31T00:06:57.295633+00:00
ibm_kingston,73,74,cz,gate_length,68.0,ns,2026-08-30 12:45:56-04:00,2026-08-31T00:06:57.295633+00:00
ibm_kingston,74,73,cz,gate_error,0.001694327421703723,,2026-08-30 12:45:56-04:00,2026-08-31T00:06:57.295633+00:00
ibm_kingston,74,73,cz,gate_length,68.0,ns,2026-08-30 12:45:56-04:00,2026-08-31T00:06:57.295633+00:00
ibm_kingston,133,134,cz,gate_error,0.002044291671162324,,2026-08-30 12:46:12-04:00,2026-08-31T00:06:57.295633+00:00
ibm_kingston,133,134,cz,gate_length,68.0,ns,2026-08-30 12:46:12-04:00,2026-08-31T00:06:57.295633+00:00
ibm_kingston,134,133,cz,gate_error,0.002044291671162324,,2026-08-30 12:46:12-04:00,2026-08-31T00:06:57.295633+00:00
ibm_kingston,134,133,cz,gate_length,68.0,ns,2026-08-30 12:46:12-04:00,2026-08-31T00:06:57.295633+00:00
ibm_kingston,59,75,cz,gate_error,0.0029341045691316237,,2026-08-30 12:46:06-04:00,2026-08-31T00:06:57.295633+00:00
ibm_kingston,59,75,cz,gate_length,68.0,ns,2026-08-30 12:46:06-04:00,2026-08-31T00:06:57.295633+00:00
ibm_kingston,75,59,cz,gate_error,0.0029341045691316237,,2026-08-30 12:46:06-04:00,2026-08-31T00:06:57.295633+00:00
ibm_kingston,75,59,cz,gate_length,68.0,ns,2026-08-30 12:46:06-04:00,2026-08-31T00:06:57.295633+00:00
ibm_kingston,14,15,cz,gate_error,0.0020079850617537587,,2026-08-30 12:45:54-04:00,2026-08-31T00:06:57.295633+00:00
ibm_kingston,14,15,cz,gate_length,68.0,ns,2026-08-30 12:45:54-04:00,2026-08-31T00:06:57.295633+00:00
ibm_kingston,15,14,cz,gate_error,0.0020079850617537587,,2026-08-30 12:45:54-04:00,2026-08-31T00:06:57.295633+00:00
ibm_kingston,15,14,cz,gate_length,68.0,ns,2026-08-30 12:45:54-04:00,2026-08-31T00:06:57.295633+00:00
ibm_kingston,9,10,cz,gate_error,0.0037924714556025196,,2026-08-30 12:45:48-04:00,2026-08-31T00:06:57.295633+00:00
ibm_kingston,9,10,cz,gate_length,68.0,ns,2026-08-30 12:45:48-04:00,2026-08-31T00:06:57.295633+00:00
ibm_kingston,10,9,cz,gate_error,0.0037924714556025196,,2026-08-30 12:45:48-04:00,2026-08-31T00:06:57.295633+00:00
ibm_kingston,10,9,cz,gate_length,68.0,ns,2026-08-30 12:45:48-04:00,2026-08-31T00:06:57.295633+00:00
ibm_kingston,74,75,cz,gate_error,0.0015603435959588297,,2026-08-30 12:46:01-04:00,2026-08-31T00:06:57.295633+00:00
ibm_kingston,74,75,cz,gate_length,68.0,ns,2026-08-30 12:46:01-04:00,2026-08-31T00:06:57.295633+00:00
ibm_kingston,75,74,cz,gate_error,0.0015603435959588297,,2026-08-30 12:46:01-04:00,2026-08-31T00:06:57.295633+00:00
ibm_kingston,75,74,cz,gate_length,68.0,ns,2026-08-30 12:46:01-04:00,2026-08-31T00:06:57.295633+00:00
ibm_kingston,39,53,cz,gate_error,0.0013375368220077122,,2026-08-30 12:46:09-04:00,2026-08-31T00:06:57.295633+00:00
ibm_kingston,39,53,cz,gate_length,68.0,ns,2026-08-30 12:46:09-04:00,2026-08-31T00:06:57.295633+00:00
ibm_kingston,53,39,cz,gate_error,0.0013375368220077122,,2026-08-30 12:46:09-04:00,2026-08-31T00:06:57.295633+00:00
ibm_kingston,53,39,cz,gate_length,68.0,ns,2026-08-30 12:46:09-04:00,2026-08-31T00:06:57.295633+00:00
ibm_kingston,129,130,cz,gate_error,0.005702876038887167,,2026-08-30 12:46:07-04:00,2026-08-31T00:06:57.295633+00:00
ibm_kingston,129,130,cz,gate_length,68.0,ns,2026-08-30 12:46:07-04:00,2026-08-31T00:06:57.295633+00:00
ibm_kingston,130,129,cz,gate_error,0.005702876038887167,,2026-08-30 12:46:07-04:00,2026-08-31T00:06:57.295633+00:00
ibm_kingston,130,129,cz,gate_length,68.0,ns,2026-08-30 12:46:07-04:00,2026-08-31T00:06:57.295633+00:00
ibm_kingston,106,107,cz,gate_error,0.0015451498196613067,,2026-08-30 12:46:13-04:00,2026-08-31T00:06:57.295633+00:00
ibm_kingston,106,107,cz,gate_length,68.0,ns,2026-08-30 12:46:13-04:00,2026-08-31T00:06:57.295633+00:00
ibm_kingston,107,106,cz,gate_error,0.0015451498196613067,,2026-08-30 12:46:13-04:00,2026-08-31T00:06:57.295633+00:00
ibm_kingston,107,106,cz,gate_length,68.0,ns,2026-08-30 12:46:13-04:00,2026-08-31T00:06:57.295633+00:00
ibm_kingston,83,96,cz,gate_error,0.0013405018405430735,,2026-08-30 12:46:13-04:00,2026-08-31T00:06:57.295633+00:00
ibm_kingston,83,96,cz,gate_length,68.0,ns,2026-08-30 12:46:13-04:00,2026-08-31T00:06:57.295633+00:00
ibm_kingston,96,83,cz,gate_error,0.0013405018405430735,,2026-08-30 12:46:13-04:00,2026-08-31T00:06:57.295633+00:00
ibm_kingston,96,83,cz,gate_length,68.0,ns,2026-08-30 12:46:13-04:00,2026-08-31T00:06:57.295633+00:00
ibm_kingston,111,112,cz,gate_error,0.12869266748427138,,2026-08-30 12:46:11-04:00,2026-08-31T00:06:57.295633+00:00
ibm_kingston,111,112,cz,gate_length,68.0,ns,2026-08-30 12:46:11-04:00,2026-08-31T00:06:57.295633+00:00
ibm_kingston,112,111,cz,gate_error,0.12869266748427138,,2026-08-30 12:46:11-04:00,2026-08-31T00:06:57.295633+00:00
ibm_kingston,112,111,cz,gate_length,68.0,ns,2026-08-30 12:46:11-04:00,2026-08-31T00:06:57.295633+00:00
ibm_kingston,138,151,cz,gate_error,0.00191181972943949,,2026-08-30 12:46:12-04:00,2026-08-31T00:06:57.295633+00:00
ibm_kingston,138,151,cz,gate_length,80.0,ns,2026-08-30 12:46:12-04:00,2026-08-31T00:06:57.295633+00:00
ibm_kingston,151,138,cz,gate_error,0.00191181972943949,,2026-08-30 12:46:12-04:00,2026-08-31T00:06:57.295633+00:00
ibm_kingston,151,138,cz,gate_length,80.0,ns,2026-08-30 12:46:12-04:00,2026-08-31T00:06:57.295633+00:00
ibm_kingston,47,48,cz,gate_error,0.002313557275334527,,2026-08-30 12:45:50-04:00,2026-08-31T00:06:57.295633+00:00
ibm_kingston,47,48,cz,gate_length,68.0,ns,2026-08-30 12:45:50-04:00,2026-08-31T00:06:57.295633+00:00
ibm_kingston,48,47,cz,gate_error,0.002313557275334527,,2026-08-30 12:45:50-04:00,2026-08-31T00:06:57.295633+00:00
ibm_kingston,48,47,cz,gate_length,68.0,ns,2026-08-30 12:45:50-04:00,2026-08-31T00:06:57.295633+00:00
ibm_kingston,42,43,cz,gate_error,0.0019041945743944466,,2026-08-30 12:45:43-04:00,2026-08-31T00:06:57.295633+00:00
ibm_kingston,42,43,cz,gate_length,68.0,ns,2026-08-30 12:45:43-04:00,2026-08-31T00:06:57.295633+00:00
ibm_kingston,43,42,cz,gate_error,0.0019041945743944466,,2026-08-30 12:45:43-04:00,2026-08-31T00:06:57.295633+00:00
ibm_kingston,43,42,cz,gate_length,68.0,ns,2026-08-30 12:45:43-04:00,2026-08-31T00:06:57.295633+00:00
ibm_kingston,47,57,cz,gate_error,0.0015729060842905873,,2026-08-30 12:45:55-04:00,2026-08-31T00:06:57.295633+00:00
ibm_kingston,47,57,cz,gate_length,68.0,ns,2026-08-30 12:45:55-04:00,2026-08-31T00:06:57.295633+00:00
ibm_kingston,57,47,cz,gate_error,0.0015729060842905873,,2026-08-30 12:45:55-04:00,2026-08-31T00:06:57.295633+00:00
ibm_kingston,57,47,cz,gate_length,68.0,ns,2026-08-30 12:45:55-04:00,2026-08-31T00:06:57.295633+00:00
ibm_kingston,107,108,cz,gate_error,0.002590459985177096,,2026-08-30 12:46:07-04:00,2026-08-31T00:06:57.295633+00:00
ibm_kingston,107,108,cz,gate_length,68.0,ns,2026-08-30 12:46:07-04:00,2026-08-31T00:06:57.295633+00:00
ibm_kingston,108,107,cz,gate_error,0.002590459985177096,,2026-08-30 12:46:07-04:00,2026-08-31T00:06:57.295633+00:00
ibm_kingston,108,107,cz,gate_length,68.0,ns,2026-08-30 12:46:07-04:00,2026-08-31T00:06:57.295633+00:00
ibm_kingston,134,135,cz,gate_error,0.0022215068815475136,,2026-08-30 12:45:47-04:00,2026-08-31T00:06:57.295633+00:00
ibm_kingston,134,135,cz,gate_length,68.0,ns,2026-08-30 12:45:47-04:00,2026-08-31T00:06:57.295633+00:00
ibm_kingston,135,134,cz,gate_error,0.0022215068815475136,,2026-08-30 12:45:47-04:00,2026-08-31T00:06:57.295633+00:00
ibm_kingston,135,134,cz,gate_length,68.0,ns,2026-08-30 12:45:47-04:00,2026-08-31T00:06:57.295633+00:00
ibm_kingston,144,145,cz,gate_error,0.006708191826471505,,2026-08-30 12:45:47-04:00,2026-08-31T00:06:57.295633+00:00
ibm_kingston,144,145,cz,gate_length,68.0,ns,2026-08-30 12:45:47-04:00,2026-08-31T00:06:57.295633+00:00
ibm_kingston,145,144,cz,gate_error,0.006708191826471505,,2026-08-30 12:45:47-04:00,2026-08-31T00:06:57.295633+00:00
ibm_kingston,145,144,cz,gate_length,68.0,ns,2026-08-30 12:45:47-04:00,2026-08-31T00:06:57.295633+00:00
ibm_kingston,48,49,cz,gate_error,0.0019996367606207877,,2026-08-30 12:46:05-04:00,2026-08-31T00:06:57.295633+00:00
ibm_kingston,48,49,cz,gate_length,68.0,ns,2026-08-30 12:46:05-04:00,2026-08-31T00:06:57.295633+00:00
ibm_kingston,49,48,cz,gate_error,0.0019996367606207877,,2026-08-30 12:46:05-04:00,2026-08-31T00:06:57.295633+00:00
ibm_kingston,49,48,cz,gate_length,68.0,ns,2026-08-30 12:46:05-04:00,2026-08-31T00:06:57.295633+00:00
ibm_kingston,77,85,cz,gate_error,0.005764162609097762,,2026-08-30 12:46:01-04:00,2026-08-31T00:06:57.295633+00:00
ibm_kingston,77,85,cz,gate_length,68.0,ns,2026-08-30 12:46:01-04:00,2026-08-31T00:06:57.295633+00:00
ibm_kingston,85,77,cz,gate_error,0.005764162609097762,,2026-08-30 12:46:01-04:00,2026-08-31T00:06:57.295633+00:00
ibm_kingston,85,77,cz,gate_length,68.0,ns,2026-08-30 12:46:01-04:00,2026-08-31T00:06:57.295633+00:00
ibm_kingston,103,104,cz,gate_error,0.0019045096375920612,,2026-08-30 12:46:06-04:00,2026-08-31T00:06:57.295633+00:00
ibm_kingston,103,104,cz,gate_length,68.0,ns,2026-08-30 12:46:06-04:00,2026-08-31T00:06:57.295633+00:00
ibm_kingston,104,103,cz,gate_error,0.0019045096375920612,,2026-08-30 12:46:06-04:00,2026-08-31T00:06:57.295633+00:00
ibm_kingston,104,103,cz,gate_length,68.0,ns,2026-08-30 12:46:06-04:00,2026-08-31T00:06:57.295633+00:00
ibm_kingston,80,81,cz,gate_error,0.0012589006282676118,,2026-08-30 12:46:06-04:00,2026-08-31T00:06:57.295633+00:00
ibm_kingston,80,81,cz,gate_length,68.0,ns,2026-08-30 12:46:06-04:00,2026-08-31T00:06:57.295633+00:00
ibm_kingston,81,80,cz,gate_error,0.0012589006282676118,,2026-08-30 12:46:06-04:00,2026-08-31T00:06:57.295633+00:00
ibm_kingston,81,80,cz,gate_length,68.0,ns,2026-08-30 12:46:06-04:00,2026-08-31T00:06:57.295633+00:00
ibm_kingston,85,86,cz,gate_error,0.0343473127553878,,2026-08-30 12:46:10-04:00,2026-08-31T00:06:57.295633+00:00
ibm_kingston,85,86,cz,gate_length,68.0,ns,2026-08-30 12:46:10-04:00,2026-08-31T00:06:57.295633+00:00
ibm_kingston,86,85,cz,gate_error,0.0343473127553878,,2026-08-30 12:46:10-04:00,2026-08-31T00:06:57.295633+00:00
ibm_kingston,86,85,cz,gate_length,68.0,ns,2026-08-30 12:46:10-04:00,2026-08-31T00:06:57.295633+00:00
ibm_kingston,131,138,cz,gate_error,0.02332781737268308,,2026-08-30 12:45:47-04:00,2026-08-31T00:06:57.295633+00:00
ibm_kingston,131,138,cz,gate_length,68.0,ns,2026-08-30 12:45:47-04:00,2026-08-31T00:06:57.295633+00:00
ibm_kingston,138,131,cz,gate_error,0.02332781737268308,,2026-08-30 12:45:47-04:00,2026-08-31T00:06:57.295633+00:00
ibm_kingston,138,131,cz,gate_length,68.0,ns,2026-08-30 12:45:47-04:00,2026-08-31T00:06:57.295633+00:00
ibm_kingston,140,141,cz,gate_error,0.0008933469888950385,,2026-08-30 12:45:47-04:00,2026-08-31T00:06:57.295633+00:00
ibm_kingston,140,141,cz,gate_length,68.0,ns,2026-08-30 12:45:47-04:00,2026-08-31T00:06:57.295633+00:00
ibm_kingston,141,140,cz,gate_error,0.0008933469888950385,,2026-08-30 12:45:47-04:00,2026-08-31T00:06:57.295633+00:00
ibm_kingston,141,140,cz,gate_length,68.0,ns,2026-08-30 12:45:47-04:00,2026-08-31T00:06:57.295633+00:00
ibm_kingston,36,41,cz,gate_error,0.0017347668324004806,,2026-08-30 12:45:59-04:00,2026-08-31T00:06:57.295633+00:00
ibm_kingston,36,41,cz,gate_length,68.0,ns,2026-08-30 12:45:59-04:00,2026-08-31T00:06:57.295633+00:00
ibm_kingston,41,36,cz,gate_error,0.0017347668324004806,,2026-08-30 12:45:59-04:00,2026-08-31T00:06:57.295633+00:00
ibm_kingston,41,36,cz,gate_length,68.0,ns,2026-08-30 12:45:59-04:00,2026-08-31T00:06:57.295633+00:00
ibm_kingston,71,72,cz,gate_error,0.0014451274539918346,,2026-08-30 12:46:10-04:00,2026-08-31T00:06:57.295633+00:00
ibm_kingston,71,72,cz,gate_length,68.0,ns,2026-08-30 12:46:10-04:00,2026-08-31T00:06:57.295633+00:00
ibm_kingston,72,71,cz,gate_error,0.0014451274539918346,,2026-08-30 12:46:10-04:00,2026-08-31T00:06:57.295633+00:00
ibm_kingston,72,71,cz,gate_length,68.0,ns,2026-08-30 12:46:10-04:00,2026-08-31T00:06:57.295633+00:00
ibm_kingston,81,82,cz,gate_error,0.0011040018919613592,,2026-08-30 12:46:10-04:00,2026-08-31T00:06:57.295633+00:00
ibm_kingston,81,82,cz,gate_length,68.0,ns,2026-08-30 12:46:10-04:00,2026-08-31T00:06:57.295633+00:00
ibm_kingston,82,81,cz,gate_error,0.0011040018919613592,,2026-08-30 12:46:10-04:00,2026-08-31T00:06:57.295633+00:00
ibm_kingston,82,81,cz,gate_length,68.0,ns,2026-08-30 12:46:10-04:00,2026-08-31T00:06:57.295633+00:00
ibm_kingston,108,109,cz,gate_error,0.001535715920855496,,2026-08-30 12:45:46-04:00,2026-08-31T00:06:57.295633+00:00
ibm_kingston,108,109,cz,gate_length,68.0,ns,2026-08-30 12:45:46-04:00,2026-08-31T00:06:57.295633+00:00
ibm_kingston,109,108,cz,gate_error,0.001535715920855496,,2026-08-30 12:45:46-04:00,2026-08-31T00:06:57.295633+00:00
ibm_kingston,109,108,cz,gate_length,68.0,ns,2026-08-30 12:45:46-04:00,2026-08-31T00:06:57.295633+00:00
ibm_kingston,12,13,cz,gate_error,0.0030728666937697435,,2026-08-30 12:45:42-04:00,2026-08-31T00:06:57.295633+00:00
ibm_kingston,12,13,cz,gate_length,68.0,ns,2026-08-30 12:45:42-04:00,2026-08-31T00:06:57.295633+00:00
ibm_kingston,13,12,cz,gate_error,0.0030728666937697435,,2026-08-30 12:45:42-04:00,2026-08-31T00:06:57.295633+00:00
ibm_kingston,13,12,cz,gate_length,68.0,ns,2026-08-30 12:45:42-04:00,2026-08-31T00:06:57.295633+00:00
ibm_kingston,99,115,cz,gate_error,0.0052008963764414995,,2026-08-30 12:45:57-04:00,2026-08-31T00:06:57.295633+00:00
ibm_kingston,99,115,cz,gate_length,68.0,ns,2026-08-30 12:45:57-04:00,2026-08-31T00:06:57.295633+00:00
ibm_kingston,115,99,cz,gate_error,0.0052008963764414995,,2026-08-30 12:45:57-04:00,2026-08-31T00:06:57.295633+00:00
ibm_kingston,115,99,cz,gate_length,68.0,ns,2026-08-30 12:45:57-04:00,2026-08-31T00:06:57.295633+00:00
ibm_kingston,22,23,cz,gate_error,0.0015098178606532953,,2026-08-30 12:46:12-04:00,2026-08-31T00:06:57.295633+00:00
ibm_kingston,22,23,cz,gate_length,68.0,ns,2026-08-30 12:46:12-04:00,2026-08-31T00:06:57.295633+00:00
ibm_kingston,23,22,cz,gate_error,0.0015098178606532953,,2026-08-30 12:46:12-04:00,2026-08-31T00:06:57.295633+00:00
ibm_kingston,23,22,cz,gate_length,68.0,ns,2026-08-30 12:46:12-04:00,2026-08-31T00:06:57.295633+00:00
ibm_kingston,29,38,cz,gate_error,0.005831072827365752,,2026-08-30 12:45:55-04:00,2026-08-31T00:06:57.295633+00:00
ibm_kingston,29,38,cz,gate_length,68.0,ns,2026-08-30 12:45:55-04:00,2026-08-31T00:06:57.295633+00:00
ibm_kingston,38,29,cz,gate_error,0.005831072827365752,,2026-08-30 12:45:55-04:00,2026-08-31T00:06:57.295633+00:00
ibm_kingston,38,29,cz,gate_length,68.0,ns,2026-08-30 12:45:55-04:00,2026-08-31T00:06:57.295633+00:00
ibm_kingston,49,50,cz,gate_error,0.0017048470533881366,,2026-08-30 12:46:09-04:00,2026-08-31T00:06:57.295633+00:00
ibm_kingston,49,50,cz,gate_length,68.0,ns,2026-08-30 12:46:09-04:00,2026-08-31T00:06:57.295633+00:00
ibm_kingston,50,49,cz,gate_error,0.0017048470533881366,,2026-08-30 12:46:09-04:00,2026-08-31T00:06:57.295633+00:00
ibm_kingston,50,49,cz,gate_length,68.0,ns,2026-08-30 12:46:09-04:00,2026-08-31T00:06:57.295633+00:00
ibm_kingston,104,105,cz,gate_error,0.0014811734580102154,,2026-08-30 12:45:46-04:00,2026-08-31T00:06:57.295633+00:00
ibm_kingston,104,105,cz,gate_length,68.0,ns,2026-08-30 12:45:46-04:00,2026-08-31T00:06:57.295633+00:00
ibm_kingston,105,104,cz,gate_error,0.0014811734580102154,,2026-08-30 12:45:46-04:00,2026-08-31T00:06:57.295633+00:00
ibm_kingston,105,104,cz,gate_length,68.0,ns,2026-08-30 12:45:46-04:00,2026-08-31T00:06:57.295633+00:00
ibm_kingston,114,115,cz,gate_error,0.005149995330023527,,2026-08-30 12:46:02-04:00,2026-08-31T00:06:57.295633+00:00
ibm_kingston,114,115,cz,gate_length,68.0,ns,2026-08-30 12:46:02-04:00,2026-08-31T00:06:57.295633+00:00
ibm_kingston,115,114,cz,gate_error,0.005149995330023527,,2026-08-30 12:46:02-04:00,2026-08-31T00:06:57.295633+00:00
ibm_kingston,115,114,cz,gate_length,68.0,ns,2026-08-30 12:46:02-04:00,2026-08-31T00:06:57.295633+00:00
ibm_kingston,109,110,cz,gate_error,0.00252813970354121,,2026-08-30 12:45:57-04:00,2026-08-31T00:06:57.295633+00:00
ibm_kingston,109,110,cz,gate_length,68.0,ns,2026-08-30 12:45:57-04:00,2026-08-31T00:06:57.295633+00:00
ibm_kingston,110,109,cz,gate_error,0.00252813970354121,,2026-08-30 12:45:57-04:00,2026-08-31T00:06:57.295633+00:00
ibm_kingston,110,109,cz,gate_length,68.0,ns,2026-08-30 12:45:57-04:00,2026-08-31T00:06:57.295633+00:00
ibm_kingston,13,14,cz,gate_error,0.0012795939773307397,,2026-08-30 12:45:48-04:00,2026-08-31T00:06:57.295633+00:00
ibm_kingston,13,14,cz,gate_length,68.0,ns,2026-08-30 12:45:48-04:00,2026-08-31T00:06:57.295633+00:00
ibm_kingston,14,13,cz,gate_error,0.0012795939773307397,,2026-08-30 12:45:48-04:00,2026-08-31T00:06:57.295633+00:00
ibm_kingston,14,13,cz,gate_length,68.0,ns,2026-08-30 12:45:48-04:00,2026-08-31T00:06:57.295633+00:00
ibm_kingston,123,136,cz,gate_error,0.0019116806150479004,,2026-08-30 12:46:12-04:00,2026-08-31T00:06:57.295633+00:00
ibm_kingston,123,136,cz,gate_length,68.0,ns,2026-08-30 12:46:12-04:00,2026-08-31T00:06:57.295633+00:00
ibm_kingston,136,123,cz,gate_error,0.0019116806150479004,,2026-08-30 12:46:12-04:00,2026-08-31T00:06:57.295633+00:00
ibm_kingston,136,123,cz,gate_length,68.0,ns,2026-08-30 12:46:12-04:00,2026-08-31T00:06:57.295633+00:00
ibm_kingston,151,152,cz,gate_error,0.0012046760862185202,,2026-08-30 12:46:03-04:00,2026-08-31T00:06:57.295633+00:00
ibm_kingston,151,152,cz,gate_length,68.0,ns,2026-08-30 12:46:03-04:00,2026-08-31T00:06:57.295633+00:00
ibm_kingston,152,151,cz,gate_error,0.0012046760862185202,,2026-08-30 12:46:03-04:00,2026-08-31T00:06:57.295633+00:00
ibm_kingston,152,151,cz,gate_length,68.0,ns,2026-08-30 12:46:03-04:00,2026-08-31T00:06:57.295633+00:00
ibm_kingston,45,46,cz,gate_error,0.0014802926335419353,,2026-08-30 12:46:09-04:00,2026-08-31T00:06:57.295633+00:00
ibm_kingston,45,46,cz,gate_length,68.0,ns,2026-08-30 12:46:09-04:00,2026-08-31T00:06:57.295633+00:00
ibm_kingston,46,45,cz,gate_error,0.0014802926335419353,,2026-08-30 12:46:09-04:00,2026-08-31T00:06:57.295633+00:00
ibm_kingston,46,45,cz,gate_length,68.0,ns,2026-08-30 12:46:09-04:00,2026-08-31T00:06:57.295633+00:00
ibm_kingston,110,111,cz,gate_error,0.0021674701675476193,,2026-08-30 12:46:02-04:00,2026-08-31T00:06:57.295633+00:00
ibm_kingston,110,111,cz,gate_length,68.0,ns,2026-08-30 12:46:02-04:00,2026-08-31T00:06:57.295633+00:00
ibm_kingston,111,110,cz,gate_error,0.0021674701675476193,,2026-08-30 12:46:02-04:00,2026-08-31T00:06:57.295633+00:00
ibm_kingston,111,110,cz,gate_length,68.0,ns,2026-08-30 12:46:02-04:00,2026-08-31T00:06:57.295633+00:00
ibm_kingston,50,51,cz,gate_error,0.0014494845216474206,,2026-08-30 12:45:43-04:00,2026-08-31T00:06:57.295633+00:00
ibm_kingston,50,51,cz,gate_length,68.0,ns,2026-08-30 12:45:43-04:00,2026-08-31T00:06:57.295633+00:00
ibm_kingston,51,50,cz,gate_error,0.0014494845216474206,,2026-08-30 12:45:43-04:00,2026-08-31T00:06:57.295633+00:00
ibm_kingston,51,50,cz,gate_length,68.0,ns,2026-08-30 12:45:43-04:00,2026-08-31T00:06:57.295633+00:00
ibm_kingston,96,103,cz,gate_error,0.002156871912537689,,2026-08-30 12:45:57-04:00,2026-08-31T00:06:57.295633+00:00
ibm_kingston,96,103,cz,gate_length,68.0,ns,2026-08-30 12:45:57-04:00,2026-08-31T00:06:57.295633+00:00
ibm_kingston,103,96,cz,gate_error,0.002156871912537689,,2026-08-30 12:45:57-04:00,2026-08-31T00:06:57.295633+00:00
ibm_kingston,103,96,cz,gate_length,68.0,ns,2026-08-30 12:45:57-04:00,2026-08-31T00:06:57.295633+00:00
ibm_kingston,105,106,cz,gate_error,0.001464364687122549,,2026-08-30 12:45:52-04:00,2026-08-31T00:06:57.295633+00:00
ibm_kingston,105,106,cz,gate_length,68.0,ns,2026-08-30 12:45:52-04:00,2026-08-31T00:06:57.295633+00:00
ibm_kingston,106,105,cz,gate_error,0.001464364687122549,,2026-08-30 12:45:52-04:00,2026-08-31T00:06:57.295633+00:00
ibm_kingston,106,105,cz,gate_length,68.0,ns,2026-08-30 12:45:52-04:00,2026-08-31T00:06:57.295633+00:00
ibm_kingston,82,83,cz,gate_error,0.0011783135285833857,,2026-08-30 12:45:45-04:00,2026-08-31T00:06:57.295633+00:00
ibm_kingston,82,83,cz,gate_length,68.0,ns,2026-08-30 12:45:45-04:00,2026-08-31T00:06:57.295633+00:00
ibm_kingston,83,82,cz,gate_error,0.0011783135285833857,,2026-08-30 12:45:45-04:00,2026-08-31T00:06:57.295633+00:00
ibm_kingston,83,82,cz,gate_length,68.0,ns,2026-08-30 12:45:45-04:00,2026-08-31T00:06:57.295633+00:00
ibm_kingston,147,148,cz,gate_error,0.0029901208964860093,,2026-08-30 12:46:03-04:00,2026-08-31T00:06:57.295633+00:00
ibm_kingston,147,148,cz,gate_length,68.0,ns,2026-08-30 12:46:03-04:00,2026-08-31T00:06:57.295633+00:00
ibm_kingston,148,147,cz,gate_error,0.0029901208964860093,,2026-08-30 12:46:03-04:00,2026-08-31T00:06:57.295633+00:00
ibm_kingston,148,147,cz,gate_length,68.0,ns,2026-08-30 12:46:03-04:00,2026-08-31T00:06:57.295633+00:00
ibm_kingston,137,147,cz,gate_error,0.0022378749469454118,,2026-08-30 12:45:58-04:00,2026-08-31T00:06:57.295633+00:00
ibm_kingston,137,147,cz,gate_length,68.0,ns,2026-08-30 12:45:58-04:00,2026-08-31T00:06:57.295633+00:00
ibm_kingston,147,137,cz,gate_error,0.0022378749469454118,,2026-08-30 12:45:58-04:00,2026-08-31T00:06:57.295633+00:00
ibm_kingston,147,137,cz,gate_length,68.0,ns,2026-08-30 12:45:58-04:00,2026-08-31T00:06:57.295633+00:00
ibm_kingston,51,52,cz,gate_error,0.0020583464991077993,,2026-08-30 12:45:50-04:00,2026-08-31T00:06:57.295633+00:00
ibm_kingston,51,52,cz,gate_length,68.0,ns,2026-08-30 12:45:50-04:00,2026-08-31T00:06:57.295633+00:00
ibm_kingston,52,51,cz,gate_error,0.0020583464991077993,,2026-08-30 12:45:50-04:00,2026-08-31T00:06:57.295633+00:00
ibm_kingston,52,51,cz,gate_length,68.0,ns,2026-08-30 12:45:50-04:00,2026-08-31T00:06:57.295633+00:00
ibm_kingston,142,143,cz,gate_error,0.001212728364507254,,2026-08-30 12:45:58-04:00,2026-08-31T00:06:57.295633+00:00
ibm_kingston,142,143,cz,gate_length,68.0,ns,2026-08-30 12:45:58-04:00,2026-08-31T00:06:57.295633+00:00
ibm_kingston,143,142,cz,gate_error,0.001212728364507254,,2026-08-30 12:45:58-04:00,2026-08-31T00:06:57.295633+00:00
ibm_kingston,143,142,cz,gate_length,68.0,ns,2026-08-30 12:45:58-04:00,2026-08-31T00:06:57.295633+00:00
ibm_kingston,46,47,cz,gate_error,0.001678380074324165,,2026-08-30 12:45:43-04:00,2026-08-31T00:06:57.295633+00:00
ibm_kingston,46,47,cz,gate_length,68.0,ns,2026-08-30 12:45:43-04:00,2026-08-31T00:06:57.295633+00:00
ibm_kingston,47,46,cz,gate_error,0.001678380074324165,,2026-08-30 12:45:43-04:00,2026-08-31T00:06:57.295633+00:00
ibm_kingston,47,46,cz,gate_length,68.0,ns,2026-08-30 12:45:43-04:00,2026-08-31T00:06:57.295633+00:00
ibm_kingston,23,24,cz,gate_error,0.0017801912425349786,,2026-08-30 12:46:14-04:00,2026-08-31T00:06:57.295633+00:00
ibm_kingston,23,24,cz,gate_length,68.0,ns,2026-08-30 12:46:14-04:00,2026-08-31T00:06:57.295633+00:00
ibm_kingston,24,23,cz,gate_error,0.0017801912425349786,,2026-08-30 12:46:14-04:00,2026-08-31T00:06:57.295633+00:00
ibm_kingston,24,23,cz,gate_length,68.0,ns,2026-08-30 12:46:14-04:00,2026-08-31T00:06:57.295633+00:00
ibm_kingston,143,144,cz,gate_error,0.0014403938616840417,,2026-08-30 12:46:03-04:00,2026-08-31T00:06:57.295633+00:00
ibm_kingston,143,144,cz,gate_length,68.0,ns,2026-08-30 12:46:03-04:00,2026-08-31T00:06:57.295633+00:00
ibm_kingston,144,143,cz,gate_error,0.0014403938616840417,,2026-08-30 12:46:03-04:00,2026-08-31T00:06:57.295633+00:00
ibm_kingston,144,143,cz,gate_length,68.0,ns,2026-08-30 12:46:03-04:00,2026-08-31T00:06:57.295633+00:00
ibm_kingston,21,36,cz,gate_error,0.00547721886150393,,2026-08-30 12:45:54-04:00,2026-08-31T00:06:57.295633+00:00
ibm_kingston,21,36,cz,gate_length,68.0,ns,2026-08-30 12:45:54-04:00,2026-08-31T00:06:57.295633+00:00
ibm_kingston,36,21,cz,gate_error,0.00547721886150393,,2026-08-30 12:45:54-04:00,2026-08-31T00:06:57.295633+00:00
ibm_kingston,36,21,cz,gate_length,68.0,ns,2026-08-30 12:45:54-04:00,2026-08-31T00:06:57.295633+00:00
ibm_kingston,83,84,cz,gate_error,0.0021393707764049696,,2026-08-30 12:45:51-04:00,2026-08-31T00:06:57.295633+00:00
ibm_kingston,83,84,cz,gate_length,68.0,ns,2026-08-30 12:45:51-04:00,2026-08-31T00:06:57.295633+00:00
ibm_kingston,84,83,cz,gate_error,0.0021393707764049696,,2026-08-30 12:45:51-04:00,2026-08-31T00:06:57.295633+00:00
ibm_kingston,84,83,cz,gate_length,68.0,ns,2026-08-30 12:45:51-04:00,2026-08-31T00:06:57.295633+00:00
ibm_kingston,113,119,cz,gate_error,0.004484345241466098,,2026-08-30 12:45:52-04:00,2026-08-31T00:06:57.295633+00:00
ibm_kingston,113,119,cz,gate_length,68.0,ns,2026-08-30 12:45:52-04:00,2026-08-31T00:06:57.295633+00:00
ibm_kingston,119,113,cz,gate_error,0.004484345241466098,,2026-08-30 12:45:52-04:00,2026-08-31T00:06:57.295633+00:00
ibm_kingston,119,113,cz,gate_length,68.0,ns,2026-08-30 12:45:52-04:00,2026-08-31T00:06:57.295633+00:00
ibm_kingston,76,81,cz,gate_error,0.002513760917475072,,2026-08-30 12:45:56-04:00,2026-08-31T00:06:57.295633+00:00
ibm_kingston,76,81,cz,gate_length,68.0,ns,2026-08-30 12:45:56-04:00,2026-08-31T00:06:57.295633+00:00
ibm_kingston,81,76,cz,gate_error,0.002513760917475072,,2026-08-30 12:45:56-04:00,2026-08-31T00:06:57.295633+00:00
ibm_kingston,81,76,cz,gate_length,68.0,ns,2026-08-30 12:45:56-04:00,2026-08-31T00:06:57.295633+00:00
ibm_kingston,24,25,cz,gate_error,0.0026576636835640433,,2026-08-30 12:45:43-04:00,2026-08-31T00:06:57.295633+00:00
ibm_kingston,24,25,cz,gate_length,68.0,ns,2026-08-30 12:45:43-04:00,2026-08-31T00:06:57.295633+00:00
ibm_kingston,25,24,cz,gate_error,0.0026576636835640433,,2026-08-30 12:45:43-04:00,2026-08-31T00:06:57.295633+00:00
ibm_kingston,25,24,cz,gate_length,68.0,ns,2026-08-30 12:45:43-04:00,2026-08-31T00:06:57.295633+00:00
ibm_kingston,105,117,cz,gate_error,0.0014889993165610738,,2026-08-30 12:46:11-04:00,2026-08-31T00:06:57.295633+00:00
ibm_kingston,105,117,cz,gate_length,68.0,ns,2026-08-30 12:46:11-04:00,2026-08-31T00:06:57.295633+00:00
ibm_kingston,117,105,cz,gate_error,0.0014889993165610738,,2026-08-30 12:46:11-04:00,2026-08-31T00:06:57.295633+00:00
ibm_kingston,117,105,cz,gate_length,68.0,ns,2026-08-30 12:46:11-04:00,2026-08-31T00:06:57.295633+00:00
ibm_kingston,20,21,cz,gate_error,0.0019519303337135752,,2026-08-30 12:45:43-04:00,2026-08-31T00:06:57.295633+00:00
ibm_kingston,20,21,cz,gate_length,68.0,ns,2026-08-30 12:45:43-04:00,2026-08-31T00:06:57.295633+00:00
ibm_kingston,21,20,cz,gate_error,0.0019519303337135752,,2026-08-30 12:45:43-04:00,2026-08-31T00:06:57.295633+00:00
ibm_kingston,21,20,cz,gate_length,68.0,ns,2026-08-30 12:45:43-04:00,2026-08-31T00:06:57.295633+00:00
ibm_kingston,52,53,cz,gate_error,0.0017420416336884348,,2026-08-30 12:46:05-04:00,2026-08-31T00:06:57.295633+00:00
ibm_kingston,52,53,cz,gate_length,68.0,ns,2026-08-30 12:46:05-04:00,2026-08-31T00:06:57.295633+00:00
ibm_kingston,53,52,cz,gate_error,0.0017420416336884348,,2026-08-30 12:46:05-04:00,2026-08-31T00:06:57.295633+00:00
ibm_kingston,53,52,cz,gate_length,68.0,ns,2026-08-30 12:46:05-04:00,2026-08-31T00:06:57.295633+00:00
ibm_kingston,139,155,cz,gate_error,0.004620346482345022,,2026-08-30 12:45:58-04:00,2026-08-31T00:06:57.295633+00:00
ibm_kingston,139,155,cz,gate_length,68.0,ns,2026-08-30 12:45:58-04:00,2026-08-31T00:06:57.295633+00:00
ibm_kingston,155,139,cz,gate_error,0.004620346482345022,,2026-08-30 12:45:58-04:00,2026-08-31T00:06:57.295633+00:00
ibm_kingston,155,139,cz,gate_length,68.0,ns,2026-08-30 12:45:58-04:00,2026-08-31T00:06:57.295633+00:00
ibm_kingston,69,78,cz,gate_error,0.0017954397541158906,,2026-08-30 12:45:56-04:00,2026-08-31T00:06:57.295633+00:00
ibm_kingston,69,78,cz,gate_length,68.0,ns,2026-08-30 12:45:56-04:00,2026-08-31T00:06:57.295633+00:00
ibm_kingston,78,69,cz,gate_error,0.0017954397541158906,,2026-08-30 12:45:56-04:00,2026-08-31T00:06:57.295633+00:00
ibm_kingston,78,69,cz,gate_length,68.0,ns,2026-08-30 12:45:56-04:00,2026-08-31T00:06:57.295633+00:00
ibm_kingston,112,113,cz,gate_error,1.0,,2026-08-30 19:42:26.909917-04:00,2026-08-31T00:06:57.295633+00:00
ibm_kingston,112,113,cz,gate_length,68.0,ns,2026-08-30 19:42:26.909917-04:00,2026-08-31T00:06:57.295633+00:00
ibm_kingston,113,112,cz,gate_error,1.0,,2026-08-30 19:42:26.909922-04:00,2026-08-31T00:06:57.295633+00:00
ibm_kingston,113,112,cz,gate_length,68.0,ns,2026-08-30 19:42:26.909922-04:00,2026-08-31T00:06:57.295633+00:00
ibm_kingston,89,90,cz,gate_error,0.0013919755788521226,,2026-08-30 12:46:10-04:00,2026-08-31T00:06:57.295633+00:00
ibm_kingston,89,90,cz,gate_length,68.0,ns,2026-08-30 12:46:10-04:00,2026-08-31T00:06:57.295633+00:00
ibm_kingston,90,89,cz,gate_error,0.0013919755788521226,,2026-08-30 12:46:10-04:00,2026-08-31T00:06:57.295633+00:00
ibm_kingston,90,89,cz,gate_length,68.0,ns,2026-08-30 12:46:10-04:00,2026-08-31T00:06:57.295633+00:00
ibm_kingston,149,150,cz,gate_error,0.004078555201121381,,2026-08-30 12:45:53-04:00,2026-08-31T00:06:57.295633+00:00
ibm_kingston,149,150,cz,gate_length,68.0,ns,2026-08-30 12:45:53-04:00,2026-08-31T00:06:57.295633+00:00
ibm_kingston,150,149,cz,gate_error,0.004078555201121381,,2026-08-30 12:45:53-04:00,2026-08-31T00:06:57.295633+00:00
ibm_kingston,150,149,cz,gate_length,68.0,ns,2026-08-30 12:45:53-04:00,2026-08-31T00:06:57.295633+00:00
ibm_kingston,53,54,cz,gate_error,0.0013084790132268098,,2026-08-30 12:46:13-04:00,2026-08-31T00:06:57.295633+00:00
ibm_kingston,53,54,cz,gate_length,68.0,ns,2026-08-30 12:46:13-04:00,2026-08-31T00:06:57.295633+00:00
ibm_kingston,54,53,cz,gate_error,0.0013084790132268098,,2026-08-30 12:46:13-04:00,2026-08-31T00:06:57.295633+00:00
ibm_kingston,54,53,cz,gate_length,68.0,ns,2026-08-30 12:46:13-04:00,2026-08-31T00:06:57.295633+00:00
ibm_kingston,11,18,cz,gate_error,0.004927967698261926,,2026-08-30 12:46:04-04:00,2026-08-31T00:06:57.295633+00:00
ibm_kingston,11,18,cz,gate_length,68.0,ns,2026-08-30 12:46:04-04:00,2026-08-31T00:06:57.295633+00:00
ibm_kingston,18,11,cz,gate_error,0.004927967698261926,,2026-08-30 12:46:04-04:00,2026-08-31T00:06:57.295633+00:00
ibm_kingston,18,11,cz,gate_length,68.0,ns,2026-08-30 12:46:04-04:00,2026-08-31T00:06:57.295633+00:00
ibm_kingston,30,31,cz,gate_error,0.0014969975038580385,,2026-08-30 12:46:13-04:00,2026-08-31T00:06:57.295633+00:00
ibm_kingston,30,31,cz,gate_length,68.0,ns,2026-08-30 12:46:13-04:00,2026-08-31T00:06:57.295633+00:00
ibm_kingston,31,30,cz,gate_error,0.0014969975038580385,,2026-08-30 12:46:13-04:00,2026-08-31T00:06:57.295633+00:00
ibm_kingston,31,30,cz,gate_length,68.0,ns,2026-08-30 12:46:13-04:00,2026-08-31T00:06:57.295633+00:00
ibm_kingston,25,26,cz,gate_error,0.0014688341175886077,,2026-08-30 12:45:49-04:00,2026-08-31T00:06:57.295633+00:00
ibm_kingston,25,26,cz,gate_length,68.0,ns,2026-08-30 12:45:49-04:00,2026-08-31T00:06:57.295633+00:00
ibm_kingston,26,25,cz,gate_error,0.0014688341175886077,,2026-08-30 12:45:49-04:00,2026-08-31T00:06:57.295633+00:00
ibm_kingston,26,25,cz,gate_length,68.0,ns,2026-08-30 12:45:49-04:00,2026-08-31T00:06:57.295633+00:00
ibm_kingston,16,23,cz,gate_error,0.0010966559474866466,,2026-08-30 12:46:09-04:00,2026-08-31T00:06:57.295633+00:00
ibm_kingston,16,23,cz,gate_length,68.0,ns,2026-08-30 12:46:09-04:00,2026-08-31T00:06:57.295633+00:00
ibm_kingston,23,16,cz,gate_error,0.0010966559474866466,,2026-08-30 12:46:09-04:00,2026-08-31T00:06:57.295633+00:00
ibm_kingston,23,16,cz,gate_length,68.0,ns,2026-08-30 12:46:09-04:00,2026-08-31T00:06:57.295633+00:00
ibm_kingston,90,91,cz,gate_error,0.001762880339407108,,2026-08-30 12:45:45-04:00,2026-08-31T00:06:57.295633+00:00
ibm_kingston,90,91,cz,gate_length,68.0,ns,2026-08-30 12:45:45-04:00,2026-08-31T00:06:57.295633+00:00
ibm_kingston,91,90,cz,gate_error,0.001762880339407108,,2026-08-30 12:45:45-04:00,2026-08-31T00:06:57.295633+00:00
ibm_kingston,91,90,cz,gate_length,68.0,ns,2026-08-30 12:45:45-04:00,2026-08-31T00:06:57.295633+00:00
ibm_kingston,136,143,cz,gate_error,0.0014857897139636256,,2026-08-30 12:46:14-04:00,2026-08-31T00:06:57.295633+00:00
ibm_kingston,136,143,cz,gate_length,68.0,ns,2026-08-30 12:46:14-04:00,2026-08-31T00:06:57.295633+00:00
ibm_kingston,143,136,cz,gate_error,0.0014857897139636256,,2026-08-30 12:46:14-04:00,2026-08-31T00:06:57.295633+00:00
ibm_kingston,143,136,cz,gate_length,68.0,ns,2026-08-30 12:46:14-04:00,2026-08-31T00:06:57.295633+00:00
ibm_kingston,145,146,cz,gate_error,1.0,,2026-08-30 19:42:26.987015-04:00,2026-08-31T00:06:57.295633+00:00
ibm_kingston,145,146,cz,gate_length,68.0,ns,2026-08-30 19:42:26.987015-04:00,2026-08-31T00:06:57.295633+00:00
ibm_kingston,146,145,cz,gate_error,1.0,,2026-08-30 19:42:26.987020-04:00,2026-08-31T00:06:57.295633+00:00
ibm_kingston,146,145,cz,gate_length,68.0,ns,2026-08-30 19:42:26.987020-04:00,2026-08-31T00:06:57.295633+00:00
ibm_kingston,26,27,cz,gate_error,0.0019108457516417432,,2026-08-30 12:46:12-04:00,2026-08-31T00:06:57.295633+00:00
ibm_kingston,26,27,cz,gate_length,68.0,ns,2026-08-30 12:46:12-04:00,2026-08-31T00:06:57.295633+00:00
ibm_kingston,27,26,cz,gate_error,0.0019108457516417432,,2026-08-30 12:46:12-04:00,2026-08-31T00:06:57.295633+00:00
ibm_kingston,27,26,cz,gate_length,68.0,ns,2026-08-30 12:46:12-04:00,2026-08-31T00:06:57.295633+00:00
ibm_kingston,21,22,cz,gate_error,0.0018790221758947234,,2026-08-30 12:45:49-04:00,2026-08-31T00:06:57.295633+00:00
ibm_kingston,21,22,cz,gate_length,68.0,ns,2026-08-30 12:45:49-04:00,2026-08-31T00:06:57.295633+00:00
ibm_kingston,22,21,cz,gate_error,0.0018790221758947234,,2026-08-30 12:45:49-04:00,2026-08-31T00:06:57.295633+00:00
ibm_kingston,22,21,cz,gate_length,68.0,ns,2026-08-30 12:45:49-04:00,2026-08-31T00:06:57.295633+00:00
ibm_kingston,31,32,cz,gate_error,0.0020646629046027765,,2026-08-30 12:46:14-04:00,2026-08-31T00:06:57.295633+00:00
ibm_kingston,31,32,cz,gate_length,68.0,ns,2026-08-30 12:46:14-04:00,2026-08-31T00:06:57.295633+00:00
ibm_kingston,32,31,cz,gate_error,0.0020646629046027765,,2026-08-30 12:46:14-04:00,2026-08-31T00:06:57.295633+00:00
ibm_kingston,32,31,cz,gate_length,68.0,ns,2026-08-30 12:46:14-04:00,2026-08-31T00:06:57.295633+00:00
ibm_kingston,58,71,cz,gate_error,0.004363464545037443,,2026-08-30 12:46:00-04:00,2026-08-31T00:06:57.295633+00:00
ibm_kingston,58,71,cz,gate_length,68.0,ns,2026-08-30 12:46:00-04:00,2026-08-31T00:06:57.295633+00:00
ibm_kingston,71,58,cz,gate_error,0.004363464545037443,,2026-08-30 12:46:00-04:00,2026-08-31T00:06:57.295633+00:00
ibm_kingston,71,58,cz,gate_length,68.0,ns,2026-08-30 12:46:00-04:00,2026-08-31T00:06:57.295633+00:00
ibm_kingston,86,87,cz,gate_error,0.03640632309513922,,2026-08-30 12:45:45-04:00,2026-08-31T00:06:57.295633+00:00
ibm_kingston,86,87,cz,gate_length,68.0,ns,2026-08-30 12:45:45-04:00,2026-08-31T00:06:57.295633+00:00
ibm_kingston,87,86,cz,gate_error,0.03640632309513922,,2026-08-30 12:45:45-04:00,2026-08-31T00:06:57.295633+00:00
ibm_kingston,87,86,cz,gate_length,68.0,ns,2026-08-30 12:45:45-04:00,2026-08-31T00:06:57.295633+00:00
ibm_kingston,141,142,cz,gate_error,0.0008496964459351053,,2026-08-30 12:45:53-04:00,2026-08-31T00:06:57.295633+00:00
ibm_kingston,141,142,cz,gate_length,68.0,ns,2026-08-30 12:45:53-04:00,2026-08-31T00:06:57.295633+00:00
ibm_kingston,142,141,cz,gate_error,0.0008496964459351053,,2026-08-30 12:45:53-04:00,2026-08-31T00:06:57.295633+00:00
ibm_kingston,142,141,cz,gate_length,68.0,ns,2026-08-30 12:45:53-04:00,2026-08-31T00:06:57.295633+00:00
ibm_kingston,95,99,cz,gate_error,0.002510713473168086,,2026-08-30 12:45:51-04:00,2026-08-31T00:06:57.295633+00:00
ibm_kingston,95,99,cz,gate_length,68.0,ns,2026-08-30 12:45:51-04:00,2026-08-31T00:06:57.295633+00:00
ibm_kingston,99,95,cz,gate_error,0.002510713473168086,,2026-08-30 12:45:51-04:00,2026-08-31T00:06:57.295633+00:00
ibm_kingston,99,95,cz,gate_length,68.0,ns,2026-08-30 12:45:51-04:00,2026-08-31T00:06:57.295633+00:00
ibm_kingston,61,76,cz,gate_error,0.0020051842738668946,,2026-08-30 12:45:50-04:00,2026-08-31T00:06:57.295633+00:00
ibm_kingston,61,76,cz,gate_length,68.0,ns,2026-08-30 12:45:50-04:00,2026-08-31T00:06:57.295633+00:00
ibm_kingston,76,61,cz,gate_error,0.0020051842738668946,,2026-08-30 12:45:50-04:00,2026-08-31T00:06:57.295633+00:00
ibm_kingston,76,61,cz,gate_length,68.0,ns,2026-08-30 12:45:50-04:00,2026-08-31T00:06:57.295633+00:00
ibm_kingston,113,114,cz,gate_error,0.0019945023637645276,,2026-08-30 12:45:46-04:00,2026-08-31T00:06:57.295633+00:00
ibm_kingston,113,114,cz,gate_length,68.0,ns,2026-08-30 12:45:46-04:00,2026-08-31T00:06:57.295633+00:00
ibm_kingston,114,113,cz,gate_error,0.0019945023637645276,,2026-08-30 12:45:46-04:00,2026-08-31T00:06:57.295633+00:00
ibm_kingston,114,113,cz,gate_length,68.0,ns,2026-08-30 12:45:46-04:00,2026-08-31T00:06:57.295633+00:00
ibm_kingston,123,124,cz,gate_error,0.0016092796183587166,,2026-08-30 12:45:52-04:00,2026-08-31T00:06:57.295633+00:00
ibm_kingston,123,124,cz,gate_length,68.0,ns,2026-08-30 12:45:52-04:00,2026-08-31T00:06:57.295633+00:00
ibm_kingston,124,123,cz,gate_error,0.0016092796183587166,,2026-08-30 12:45:52-04:00,2026-08-31T00:06:57.295633+00:00
ibm_kingston,124,123,cz,gate_length,68.0,ns,2026-08-30 12:45:52-04:00,2026-08-31T00:06:57.295633+00:00
ibm_kingston,27,28,cz,gate_error,0.0018618687605149453,,2026-08-30 12:46:14-04:00,2026-08-31T00:06:57.295633+00:00
ibm_kingston,27,28,cz,gate_length,68.0,ns,2026-08-30 12:46:14-04:00,2026-08-31T00:06:57.295633+00:00
ibm_kingston,28,27,cz,gate_error,0.0018618687605149453,,2026-08-30 12:46:14-04:00,2026-08-31T00:06:57.295633+00:00
ibm_kingston,28,27,cz,gate_length,68.0,ns,2026-08-30 12:46:14-04:00,2026-08-31T00:06:57.295633+00:00
ibm_kingston,17,27,cz,gate_error,0.0015958126845932452,,2026-08-30 12:46:08-04:00,2026-08-31T00:06:57.295633+00:00
ibm_kingston,17,27,cz,gate_length,68.0,ns,2026-08-30 12:46:08-04:00,2026-08-31T00:06:57.295633+00:00
ibm_kingston,27,17,cz,gate_error,0.0015958126845932452,,2026-08-30 12:46:08-04:00,2026-08-31T00:06:57.295633+00:00
ibm_kingston,27,17,cz,gate_length,68.0,ns,2026-08-30 12:46:08-04:00,2026-08-31T00:06:57.295633+00:00
ibm_kingston,54,55,cz,gate_error,0.003381775916129315,,2026-08-30 12:45:44-04:00,2026-08-31T00:06:57.295633+00:00
ibm_kingston,54,55,cz,gate_length,68.0,ns,2026-08-30 12:45:44-04:00,2026-08-31T00:06:57.295633+00:00
ibm_kingston,55,54,cz,gate_error,0.003381775916129315,,2026-08-30 12:45:44-04:00,2026-08-31T00:06:57.295633+00:00
ibm_kingston,55,54,cz,gate_length,68.0,ns,2026-08-30 12:45:44-04:00,2026-08-31T00:06:57.295633+00:00
ibm_kingston,64,65,cz,gate_error,0.003601320819197118,,2026-08-30 12:45:44-04:00,2026-08-31T00:06:57.295633+00:00
ibm_kingston,64,65,cz,gate_length,68.0,ns,2026-08-30 12:45:44-04:00,2026-08-31T00:06:57.295633+00:00
ibm_kingston,65,64,cz,gate_error,0.003601320819197118,,2026-08-30 12:45:44-04:00,2026-08-31T00:06:57.295633+00:00
ibm_kingston,65,64,cz,gate_length,68.0,ns,2026-08-30 12:45:44-04:00,2026-08-31T00:06:57.295633+00:00
ibm_kingston,146,147,cz,gate_error,1.0,,2026-08-30 19:42:27.110550-04:00,2026-08-31T00:06:57.295633+00:00
ibm_kingston,146,147,cz,gate_length,68.0,ns,2026-08-30 19:42:27.110550-04:00,2026-08-31T00:06:57.295633+00:00
ibm_kingston,147,146,cz,gate_error,1.0,,2026-08-30 19:42:27.110555-04:00,2026-08-31T00:06:57.295633+00:00
ibm_kingston,147,146,cz,gate_length,68.0,ns,2026-08-30 19:42:27.110555-04:00,2026-08-31T00:06:57.295633+00:00
ibm_kingston,5,6,cz,gate_error,0.002559405647371671,,2026-08-30 12:45:48-04:00,2026-08-31T00:06:57.295633+00:00
ibm_kingston,5,6,cz,gate_length,68.0,ns,2026-08-30 12:45:48-04:00,2026-08-31T00:06:57.295633+00:00
ibm_kingston,6,5,cz,gate_error,0.002559405647371671,,2026-08-30 12:45:48-04:00,2026-08-31T00:06:57.295633+00:00
ibm_kingston,6,5,cz,gate_length,68.0,ns,2026-08-30 12:45:48-04:00,2026-08-31T00:06:57.295633+00:00
ibm_kingston,51,58,cz,gate_error,0.0021987486998740757,,2026-08-30 12:45:55-04:00,2026-08-31T00:06:57.295633+00:00
ibm_kingston,51,58,cz,gate_length,68.0,ns,2026-08-30 12:45:55-04:00,2026-08-31T00:06:57.295633+00:00
ibm_kingston,58,51,cz,gate_error,0.0021987486998740757,,2026-08-30 12:45:55-04:00,2026-08-31T00:06:57.295633+00:00
ibm_kingston,58,51,cz,gate_length,68.0,ns,2026-08-30 12:45:55-04:00,2026-08-31T00:06:57.295633+00:00
ibm_kingston,60,61,cz,gate_error,0.0020321709459411585,,2026-08-30 12:45:44-04:00,2026-08-31T00:06:57.295633+00:00
ibm_kingston,60,61,cz,gate_length,68.0,ns,2026-08-30 12:45:44-04:00,2026-08-31T00:06:57.295633+00:00
ibm_kingston,61,60,cz,gate_error,0.0020321709459411585,,2026-08-30 12:45:44-04:00,2026-08-31T00:06:57.295633+00:00
ibm_kingston,61,60,cz,gate_length,68.0,ns,2026-08-30 12:45:44-04:00,2026-08-31T00:06:57.295633+00:00
ibm_kingston,87,88,cz,gate_error,0.002311135332398989,,2026-08-30 12:45:51-04:00,2026-08-31T00:06:57.295633+00:00
ibm_kingston,87,88,cz,gate_length,68.0,ns,2026-08-30 12:45:51-04:00,2026-08-31T00:06:57.295633+00:00
ibm_kingston,88,87,cz,gate_error,0.002311135332398989,,2026-08-30 12:45:51-04:00,2026-08-31T00:06:57.295633+00:00
ibm_kingston,88,87,cz,gate_length,68.0,ns,2026-08-30 12:45:51-04:00,2026-08-31T00:06:57.295633+00:00
ibm_kingston,38,49,cz,gate_error,0.002503067705573042,,2026-08-30 12:45:59-04:00,2026-08-31T00:06:57.295633+00:00
ibm_kingston,38,49,cz,gate_length,68.0,ns,2026-08-30 12:45:59-04:00,2026-08-31T00:06:57.295633+00:00
ibm_kingston,49,38,cz,gate_error,0.002503067705573042,,2026-08-30 12:45:59-04:00,2026-08-31T00:06:57.295633+00:00
ibm_kingston,49,38,cz,gate_length,68.0,ns,2026-08-30 12:45:59-04:00,2026-08-31T00:06:57.295633+00:00
ibm_kingston,152,153,cz,gate_error,0.000980522700528702,,2026-08-30 12:46:14-04:00,2026-08-31T00:06:57.295633+00:00
ibm_kingston,152,153,cz,gate_length,68.0,ns,2026-08-30 12:46:14-04:00,2026-08-31T00:06:57.295633+00:00
ibm_kingston,153,152,cz,gate_error,0.000980522700528702,,2026-08-30 12:46:14-04:00,2026-08-31T00:06:57.295633+00:00
ibm_kingston,153,152,cz,gate_length,68.0,ns,2026-08-30 12:46:14-04:00,2026-08-31T00:06:57.295633+00:00
ibm_kingston,87,97,cz,gate_error,0.0017493059312679027,,2026-08-30 12:45:56-04:00,2026-08-31T00:06:57.295633+00:00
ibm_kingston,87,97,cz,gate_length,68.0,ns,2026-08-30 12:45:56-04:00,2026-08-31T00:06:57.295633+00:00
ibm_kingston,97,87,cz,gate_error,0.0017493059312679027,,2026-08-30 12:45:56-04:00,2026-08-31T00:06:57.295633+00:00
ibm_kingston,97,87,cz,gate_length,68.0,ns,2026-08-30 12:45:56-04:00,2026-08-31T00:06:57.295633+00:00
ibm_kingston,1,2,cz,gate_error,0.0012521586250990313,,2026-08-30 12:45:48-04:00,2026-08-31T00:06:57.295633+00:00
ibm_kingston,1,2,cz,gate_length,68.0,ns,2026-08-30 12:45:48-04:00,2026-08-31T00:06:57.295633+00:00
ibm_kingston,2,1,cz,gate_error,0.0012521586250990313,,2026-08-30 12:45:48-04:00,2026-08-31T00:06:57.295633+00:00
ibm_kingston,2,1,cz,gate_length,68.0,ns,2026-08-30 12:45:48-04:00,2026-08-31T00:06:57.295633+00:00
ibm_kingston,28,29,cz,gate_error,0.0020437840962841125,,2026-08-30 12:45:43-04:00,2026-08-31T00:06:57.295633+00:00
ibm_kingston,28,29,cz,gate_length,68.0,ns,2026-08-30 12:45:43-04:00,2026-08-31T00:06:57.295633+00:00
ibm_kingston,29,28,cz,gate_error,0.0020437840962841125,,2026-08-30 12:45:43-04:00,2026-08-31T00:06:57.295633+00:00
ibm_kingston,29,28,cz,gate_length,68.0,ns,2026-08-30 12:45:43-04:00,2026-08-31T00:06:57.295633+00:00
ibm_kingston,93,94,cz,gate_error,0.001345372616659929,,2026-08-30 12:46:11-04:00,2026-08-31T00:06:57.295633+00:00
ibm_kingston,93,94,cz,gate_length,68.0,ns,2026-08-30 12:46:11-04:00,2026-08-31T00:06:57.295633+00:00
ibm_kingston,94,93,cz,gate_error,0.001345372616659929,,2026-08-30 12:46:11-04:00,2026-08-31T00:06:57.295633+00:00
ibm_kingston,94,93,cz,gate_length,68.0,ns,2026-08-30 12:46:11-04:00,2026-08-31T00:06:57.295633+00:00
ibm_kingston,148,149,cz,gate_error,0.003315988972023176,,2026-08-30 12:45:47-04:00,2026-08-31T00:06:57.295633+00:00
ibm_kingston,148,149,cz,gate_length,68.0,ns,2026-08-30 12:45:47-04:00,2026-08-31T00:06:57.295633+00:00
ibm_kingston,149,148,cz,gate_error,0.003315988972023176,,2026-08-30 12:45:47-04:00,2026-08-31T00:06:57.295633+00:00
ibm_kingston,149,148,cz,gate_length,68.0,ns,2026-08-30 12:45:47-04:00,2026-08-31T00:06:57.295633+00:00
ibm_kingston,19,35,cz,gate_error,0.0011838308037621925,,2026-08-30 12:45:42-04:00,2026-08-31T00:06:57.295633+00:00
ibm_kingston,19,35,cz,gate_length,68.0,ns,2026-08-30 12:45:42-04:00,2026-08-31T00:06:57.295633+00:00
ibm_kingston,35,19,cz,gate_error,0.0011838308037621925,,2026-08-30 12:45:42-04:00,2026-08-31T00:06:57.295633+00:00
ibm_kingston,35,19,cz,gate_length,68.0,ns,2026-08-30 12:45:42-04:00,2026-08-31T00:06:57.295633+00:00
ibm_kingston,88,89,cz,gate_error,0.001722738826955339,,2026-08-30 12:46:06-04:00,2026-08-31T00:06:57.295633+00:00
ibm_kingston,88,89,cz,gate_length,68.0,ns,2026-08-30 12:46:06-04:00,2026-08-31T00:06:57.295633+00:00
ibm_kingston,89,88,cz,gate_error,0.001722738826955339,,2026-08-30 12:46:06-04:00,2026-08-31T00:06:57.295633+00:00
ibm_kingston,89,88,cz,gate_length,68.0,ns,2026-08-30 12:46:06-04:00,2026-08-31T00:06:57.295633+00:00
ibm_kingston,117,125,cz,gate_error,0.0023392810727792535,,2026-08-30 12:45:58-04:00,2026-08-31T00:06:57.295633+00:00
ibm_kingston,117,125,cz,gate_length,68.0,ns,2026-08-30 12:45:58-04:00,2026-08-31T00:06:57.295633+00:00
ibm_kingston,125,117,cz,gate_error,0.0023392810727792535,,2026-08-30 12:45:58-04:00,2026-08-31T00:06:57.295633+00:00
ibm_kingston,125,117,cz,gate_length,68.0,ns,2026-08-30 12:45:58-04:00,2026-08-31T00:06:57.295633+00:00
ibm_kingston,120,121,cz,gate_error,0.1565523260240929,,2026-08-30 12:46:02-04:00,2026-08-31T00:06:57.295633+00:00
ibm_kingston,120,121,cz,gate_length,68.0,ns,2026-08-30 12:46:02-04:00,2026-08-31T00:06:57.295633+00:00
ibm_kingston,121,120,cz,gate_error,0.1565523260240929,,2026-08-30 12:46:02-04:00,2026-08-31T00:06:57.295633+00:00
ibm_kingston,121,120,cz,gate_length,68.0,ns,2026-08-30 12:46:02-04:00,2026-08-31T00:06:57.295633+00:00
ibm_kingston,56,63,cz,gate_error,0.001653117153192718,,2026-08-30 12:46:13-04:00,2026-08-31T00:06:57.295633+00:00
ibm_kingston,56,63,cz,gate_length,68.0,ns,2026-08-30 12:46:13-04:00,2026-08-31T00:06:57.295633+00:00
ibm_kingston,63,56,cz,gate_error,0.001653117153192718,,2026-08-30 12:46:13-04:00,2026-08-31T00:06:57.295633+00:00
ibm_kingston,63,56,cz,gate_length,68.0,ns,2026-08-30 12:46:13-04:00,2026-08-31T00:06:57.295633+00:00
ibm_kingston,29,30,cz,gate_error,0.0015547348220256996,,2026-08-30 12:45:49-04:00,2026-08-31T00:06:57.295633+00:00
ibm_kingston,29,30,cz,gate_length,80.0,ns,2026-08-30 12:45:49-04:00,2026-08-31T00:06:57.295633+00:00
ibm_kingston,30,29,cz,gate_error,0.0015547348220256996,,2026-08-30 12:45:49-04:00,2026-08-31T00:06:57.295633+00:00
ibm_kingston,30,29,cz,gate_length,80.0,ns,2026-08-30 12:45:49-04:00,2026-08-31T00:06:57.295633+00:00
ibm_kingston,84,85,cz,gate_error,0.021846250817276563,,2026-08-30 12:46:06-04:00,2026-08-31T00:06:57.295633+00:00
ibm_kingston,84,85,cz,gate_length,68.0,ns,2026-08-30 12:46:06-04:00,2026-08-31T00:06:57.295633+00:00
ibm_kingston,85,84,cz,gate_error,0.021846250817276563,,2026-08-30 12:46:06-04:00,2026-08-31T00:06:57.295633+00:00
ibm_kingston,85,84,cz,gate_length,68.0,ns,2026-08-30 12:46:06-04:00,2026-08-31T00:06:57.295633+00:00
ibm_kingston,61,62,cz,gate_error,0.0012083643678393041,,2026-08-30 12:46:00-04:00,2026-08-31T00:06:57.295633+00:00
ibm_kingston,61,62,cz,gate_length,68.0,ns,2026-08-30 12:46:00-04:00,2026-08-31T00:06:57.295633+00:00
ibm_kingston,62,61,cz,gate_error,0.0012083643678393041,,2026-08-30 12:46:00-04:00,2026-08-31T00:06:57.295633+00:00
ibm_kingston,62,61,cz,gate_length,68.0,ns,2026-08-30 12:46:00-04:00,2026-08-31T00:06:57.295633+00:00
ibm_kingston,43,56,cz,gate_error,0.005202221160647086,,2026-08-30 12:45:55-04:00,2026-08-31T00:06:57.295633+00:00
ibm_kingston,43,56,cz,gate_length,68.0,ns,2026-08-30 12:45:55-04:00,2026-08-31T00:06:57.295633+00:00
ibm_kingston,56,43,cz,gate_error,0.005202221160647086,,2026-08-30 12:45:55-04:00,2026-08-31T00:06:57.295633+00:00
ibm_kingston,56,43,cz,gate_length,68.0,ns,2026-08-30 12:45:55-04:00,2026-08-31T00:06:57.295633+00:00
ibm_kingston,98,111,cz,gate_error,0.002452411794034881,,2026-08-30 12:46:07-04:00,2026-08-31T00:06:57.295633+00:00
ibm_kingston,98,111,cz,gate_length,68.0,ns,2026-08-30 12:46:07-04:00,2026-08-31T00:06:57.295633+00:00
ibm_kingston,111,98,cz,gate_error,0.002452411794034881,,2026-08-30 12:46:07-04:00,2026-08-31T00:06:57.295633+00:00
ibm_kingston,111,98,cz,gate_length,68.0,ns,2026-08-30 12:46:07-04:00,2026-08-31T00:06:57.295633+00:00
ibm_kingston,126,127,cz,gate_error,0.0019897990919031383,,2026-08-30 12:45:46-04:00,2026-08-31T00:06:57.295633+00:00
ibm_kingston,126,127,cz,gate_length,68.0,ns,2026-08-30 12:45:46-04:00,2026-08-31T00:06:57.295633+00:00
ibm_kingston,127,126,cz,gate_error,0.0019897990919031383,,2026-08-30 12:45:46-04:00,2026-08-31T00:06:57.295633+00:00
ibm_kingston,127,126,cz,gate_length,68.0,ns,2026-08-30 12:45:46-04:00,2026-08-31T00:06:57.295633+00:00
ibm_kingston,121,122,cz,gate_error,0.09373634745863617,,2026-08-30 12:46:07-04:00,2026-08-31T00:06:57.295633+00:00
ibm_kingston,121,122,cz,gate_length,68.0,ns,2026-08-30 12:46:07-04:00,2026-08-31T00:06:57.295633+00:00
ibm_kingston,122,121,cz,gate_error,0.09373634745863617,,2026-08-30 12:46:07-04:00,2026-08-31T00:06:57.295633+00:00
ibm_kingston,122,121,cz,gate_length,68.0,ns,2026-08-30 12:46:07-04:00,2026-08-31T00:06:57.295633+00:00
ibm_kingston,135,139,cz,gate_error,0.0019272333728558577,,2026-08-30 12:45:53-04:00,2026-08-31T00:06:57.295633+00:00
ibm_kingston,135,139,cz,gate_length,68.0,ns,2026-08-30 12:45:53-04:00,2026-08-31T00:06:57.295633+00:00
ibm_kingston,139,135,cz,gate_error,0.0019272333728558577,,2026-08-30 12:45:53-04:00,2026-08-31T00:06:57.295633+00:00
ibm_kingston,139,135,cz,gate_length,68.0,ns,2026-08-30 12:45:53-04:00,2026-08-31T00:06:57.295633+00:00
ibm_kingston,101,116,cz,gate_error,0.0013436711250163491,,2026-08-30 12:46:11-04:00,2026-08-31T00:06:57.295633+00:00
ibm_kingston,101,116,cz,gate_length,68.0,ns,2026-08-30 12:46:11-04:00,2026-08-31T00:06:57.295633+00:00
ibm_kingston,116,101,cz,gate_error,0.0013436711250163491,,2026-08-30 12:46:11-04:00,2026-08-31T00:06:57.295633+00:00
ibm_kingston,116,101,cz,gate_length,68.0,ns,2026-08-30 12:46:11-04:00,2026-08-31T00:06:57.295633+00:00
ibm_kingston,153,154,cz,gate_error,0.005037209388379177,,2026-08-30 12:45:48-04:00,2026-08-31T00:06:57.295633+00:00
ibm_kingston,153,154,cz,gate_length,68.0,ns,2026-08-30 12:45:48-04:00,2026-08-31T00:06:57.295633+00:00
ibm_kingston,154,153,cz,gate_error,0.005037209388379177,,2026-08-30 12:45:48-04:00,2026-08-31T00:06:57.295633+00:00
ibm_kingston,154,153,cz,gate_length,68.0,ns,2026-08-30 12:45:48-04:00,2026-08-31T00:06:57.295633+00:00
ibm_kingston,2,3,cz,gate_error,0.0012512377931334362,,2026-08-30 12:45:53-04:00,2026-08-31T00:06:57.295633+00:00
ibm_kingston,2,3,cz,gate_length,68.0,ns,2026-08-30 12:45:53-04:00,2026-08-31T00:06:57.295633+00:00
ibm_kingston,3,2,cz,gate_error,0.0012512377931334362,,2026-08-30 12:45:53-04:00,2026-08-31T00:06:57.295633+00:00
ibm_kingston,3,2,cz,gate_length,68.0,ns,2026-08-30 12:45:53-04:00,2026-08-31T00:06:57.295633+00:00
ibm_kingston,122,123,cz,gate_error,0.0019348395403963325,,2026-08-30 12:45:46-04:00,2026-08-31T00:06:57.295633+00:00
ibm_kingston,122,123,cz,gate_length,68.0,ns,2026-08-30 12:45:46-04:00,2026-08-31T00:06:57.295633+00:00
ibm_kingston,123,122,cz,gate_error,0.0019348395403963325,,2026-08-30 12:45:46-04:00,2026-08-31T00:06:57.295633+00:00
ibm_kingston,123,122,cz,gate_length,68.0,ns,2026-08-30 12:45:46-04:00,2026-08-31T00:06:57.295633+00:00
ibm_kingston,57,67,cz,gate_error,0.0014004512523155266,,2026-08-30 12:46:00-04:00,2026-08-31T00:06:57.295633+00:00
ibm_kingston,57,67,cz,gate_length,68.0,ns,2026-08-30 12:46:00-04:00,2026-08-31T00:06:57.295633+00:00
ibm_kingston,67,57,cz,gate_error,0.0014004512523155266,,2026-08-30 12:46:00-04:00,2026-08-31T00:06:57.295633+00:00
ibm_kingston,67,57,cz,gate_length,68.0,ns,2026-08-30 12:46:00-04:00,2026-08-31T00:06:57.295633+00:00
ibm_kingston,62,63,cz,gate_error,0.0020601583417570457,,2026-08-30 12:46:05-04:00,2026-08-31T00:06:57.295633+00:00
ibm_kingston,62,63,cz,gate_length,68.0,ns,2026-08-30 12:46:05-04:00,2026-08-31T00:06:57.295633+00:00
ibm_kingston,63,62,cz,gate_error,0.0020601583417570457,,2026-08-30 12:46:05-04:00,2026-08-31T00:06:57.295633+00:00
ibm_kingston,63,62,cz,gate_length,68.0,ns,2026-08-30 12:46:05-04:00,2026-08-31T00:06:57.295633+00:00
ibm_kingston,94,95,cz,gate_error,0.0013762092181477947,,2026-08-30 12:45:45-04:00,2026-08-31T00:06:57.295633+00:00
ibm_kingston,94,95,cz,gate_length,68.0,ns,2026-08-30 12:45:45-04:00,2026-08-31T00:06:57.295633+00:00
ibm_kingston,95,94,cz,gate_error,0.0013762092181477947,,2026-08-30 12:45:45-04:00,2026-08-31T00:06:57.295633+00:00
ibm_kingston,95,94,cz,gate_length,68.0,ns,2026-08-30 12:45:45-04:00,2026-08-31T00:06:57.295633+00:00
ibm_kingston,154,155,cz,gate_error,0.0014118938553093208,,2026-08-30 12:46:08-04:00,2026-08-31T00:06:57.295633+00:00
ibm_kingston,154,155,cz,gate_length,68.0,ns,2026-08-30 12:46:08-04:00,2026-08-31T00:06:57.295633+00:00
ibm_kingston,155,154,cz,gate_error,0.0014118938553093208,,2026-08-30 12:46:08-04:00,2026-08-31T00:06:57.295633+00:00
ibm_kingston,155,154,cz,gate_length,68.0,ns,2026-08-30 12:46:08-04:00,2026-08-31T00:06:57.295633+00:00
ibm_kingston,119,133,cz,gate_error,0.04524368478358712,,2026-08-30 12:46:08-04:00,2026-08-31T00:06:57.295633+00:00
ibm_kingston,119,133,cz,gate_length,68.0,ns,2026-08-30 12:46:08-04:00,2026-08-31T00:06:57.295633+00:00
ibm_kingston,133,119,cz,gate_error,0.04524368478358712,,2026-08-30 12:46:08-04:00,2026-08-31T00:06:57.295633+00:00
ibm_kingston,133,119,cz,gate_length,68.0,ns,2026-08-30 12:46:08-04:00,2026-08-31T00:06:57.295633+00:00
ibm_kingston,3,4,cz,gate_error,0.002810199343566161,,2026-08-30 12:45:59-04:00,2026-08-31T00:06:57.295633+00:00
ibm_kingston,3,4,cz,gate_length,68.0,ns,2026-08-30 12:45:59-04:00,2026-08-31T00:06:57.295633+00:00
ibm_kingston,4,3,cz,gate_error,0.002810199343566161,,2026-08-30 12:45:59-04:00,2026-08-31T00:06:57.295633+00:00
ibm_kingston,4,3,cz,gate_length,68.0,ns,2026-08-30 12:45:59-04:00,2026-08-31T00:06:57.295633+00:00
ibm_kingston,33,39,cz,gate_error,0.0028077529828151038,,2026-08-30 12:46:00-04:00,2026-08-31T00:06:57.295633+00:00
ibm_kingston,33,39,cz,gate_length,68.0,ns,2026-08-30 12:46:00-04:00,2026-08-31T00:06:57.295633+00:00
ibm_kingston,39,33,cz,gate_error,0.0028077529828151038,,2026-08-30 12:46:00-04:00,2026-08-31T00:06:57.295633+00:00
ibm_kingston,39,33,cz,gate_length,68.0,ns,2026-08-30 12:46:00-04:00,2026-08-31T00:06:57.295633+00:00
ibm_kingston,150,151,cz,gate_error,0.001866110397972881,,2026-08-30 12:46:08-04:00,2026-08-31T00:06:57.295633+00:00
ibm_kingston,150,151,cz,gate_length,68.0,ns,2026-08-30 12:46:08-04:00,2026-08-31T00:06:57.295633+00:00
ibm_kingston,151,150,cz,gate_error,0.001866110397972881,,2026-08-30 12:46:08-04:00,2026-08-31T00:06:57.295633+00:00
ibm_kingston,151,150,cz,gate_length,68.0,ns,2026-08-30 12:46:08-04:00,2026-08-31T00:06:57.295633+00:00
ibm_kingston,127,128,cz,gate_error,0.002150418180370428,,2026-08-30 12:46:13-04:00,2026-08-31T00:06:57.295633+00:00
ibm_kingston,127,128,cz,gate_length,68.0,ns,2026-08-30 12:46:13-04:00,2026-08-31T00:06:57.295633+00:00
ibm_kingston,128,127,cz,gate_error,0.002150418180370428,,2026-08-30 12:46:13-04:00,2026-08-31T00:06:57.295633+00:00
ibm_kingston,128,127,cz,gate_length,68.0,ns,2026-08-30 12:46:13-04:00,2026-08-31T00:06:57.295633+00:00
ibm_kingston,78,89,cz,gate_error,0.0019478824871472233,,2026-08-30 12:46:01-04:00,2026-08-31T00:06:57.295633+00:00
ibm_kingston,78,89,cz,gate_length,68.0,ns,2026-08-30 12:46:01-04:00,2026-08-31T00:06:57.295633+00:00
ibm_kingston,89,78,cz,gate_error,0.0019478824871472233,,2026-08-30 12:46:01-04:00,2026-08-31T00:06:57.295633+00:00
ibm_kingston,89,78,cz,gate_length,68.0,ns,2026-08-30 12:46:01-04:00,2026-08-31T00:06:57.295633+00:00
ibm_kingston,127,137,cz,gate_error,0.001148453721194792,,2026-08-30 12:45:53-04:00,2026-08-31T00:06:57.295633+00:00
ibm_kingston,127,137,cz,gate_length,68.0,ns,2026-08-30 12:45:53-04:00,2026-08-31T00:06:57.295633+00:00
ibm_kingston,137,127,cz,gate_error,0.001148453721194792,,2026-08-30 12:45:53-04:00,2026-08-31T00:06:57.295633+00:00
ibm_kingston,137,127,cz,gate_length,68.0,ns,2026-08-30 12:45:53-04:00,2026-08-31T00:06:57.295633+00:00
ibm_kingston,91,92,cz,gate_error,0.0014948699886908334,,2026-08-30 12:45:56-04:00,2026-08-31T00:06:57.295633+00:00
ibm_kingston,91,92,cz,gate_length,68.0,ns,2026-08-30 12:45:56-04:00,2026-08-31T00:06:57.295633+00:00
ibm_kingston,92,91,cz,gate_error,0.0014948699886908334,,2026-08-30 12:45:56-04:00,2026-08-31T00:06:57.295633+00:00
ibm_kingston,92,91,cz,gate_length,68.0,ns,2026-08-30 12:45:56-04:00,2026-08-31T00:06:57.295633+00:00
ibm_kingston,68,69,cz,gate_error,0.0015141088858209029,,2026-08-30 12:45:44-04:00,2026-08-31T00:06:57.295633+00:00
ibm_kingston,68,69,cz,gate_length,68.0,ns,2026-08-30 12:45:44-04:00,2026-08-31T00:06:57.295633+00:00
ibm_kingston,69,68,cz,gate_error,0.0015141088858209029,,2026-08-30 12:45:44-04:00,2026-08-31T00:06:57.295633+00:00
ibm_kingston,69,68,cz,gate_length,68.0,ns,2026-08-30 12:45:44-04:00,2026-08-31T00:06:57.295633+00:00
ibm_kingston,37,45,cz,gate_error,0.002536764668735675,,2026-08-30 12:46:00-04:00,2026-08-31T00:06:57.295633+00:00
ibm_kingston,37,45,cz,gate_length,68.0,ns,2026-08-30 12:46:00-04:00,2026-08-31T00:06:57.295633+00:00
ibm_kingston,45,37,cz,gate_error,0.002536764668735675,,2026-08-30 12:46:00-04:00,2026-08-31T00:06:57.295633+00:00
ibm_kingston,45,37,cz,gate_length,68.0,ns,2026-08-30 12:46:00-04:00,2026-08-31T00:06:57.295633+00:00
ibm_kingston,63,64,cz,gate_error,0.001655350502218017,,2026-08-30 12:46:10-04:00,2026-08-31T00:06:57.295633+00:00
ibm_kingston,63,64,cz,gate_length,68.0,ns,2026-08-30 12:46:10-04:00,2026-08-31T00:06:57.295633+00:00
ibm_kingston,64,63,cz,gate_error,0.001655350502218017,,2026-08-30 12:46:10-04:00,2026-08-31T00:06:57.295633+00:00
ibm_kingston,64,63,cz,gate_length,68.0,ns,2026-08-30 12:46:10-04:00,2026-08-31T00:06:57.295633+00:00
ibm_kingston,128,129,cz,gate_error,0.0030992751578197975,,2026-08-30 12:46:02-04:00,2026-08-31T00:06:57.295633+00:00
ibm_kingston,128,129,cz,gate_length,68.0,ns,2026-08-30 12:46:02-04:00,2026-08-31T00:06:57.295633+00:00
ibm_kingston,129,128,cz,gate_error,0.0030992751578197975,,2026-08-30 12:46:02-04:00,2026-08-31T00:06:57.295633+00:00
ibm_kingston,129,128,cz,gate_length,68.0,ns,2026-08-30 12:46:02-04:00,2026-08-31T00:06:57.295633+00:00
ibm_kingston,32,33,cz,gate_error,0.0028374170447482694,,2026-08-30 12:45:55-04:00,2026-08-31T00:06:57.295633+00:00
ibm_kingston,32,33,cz,gate_length,68.0,ns,2026-08-30 12:45:55-04:00,2026-08-31T00:06:57.295633+00:00
ibm_kingston,33,32,cz,gate_error,0.0028374170447482694,,2026-08-30 12:45:55-04:00,2026-08-31T00:06:57.295633+00:00
ibm_kingston,33,32,cz,gate_length,68.0,ns,2026-08-30 12:45:55-04:00,2026-08-31T00:06:57.295633+00:00
ibm_kingston,4,5,cz,gate_error,0.0022522532772285553,,2026-08-30 12:45:42-04:00,2026-08-31T00:06:57.295633+00:00
ibm_kingston,4,5,cz,gate_length,68.0,ns,2026-08-30 12:45:42-04:00,2026-08-31T00:06:57.295633+00:00
ibm_kingston,5,4,cz,gate_error,0.0022522532772285553,,2026-08-30 12:45:42-04:00,2026-08-31T00:06:57.295633+00:00
ibm_kingston,5,4,cz,gate_length,68.0,ns,2026-08-30 12:45:42-04:00,2026-08-31T00:06:57.295633+00:00
ibm_kingston,79,93,cz,gate_error,0.001073647459342325,,2026-08-30 12:46:06-04:00,2026-08-31T00:06:57.295633+00:00
ibm_kingston,79,93,cz,gate_length,68.0,ns,2026-08-30 12:46:06-04:00,2026-08-31T00:06:57.295633+00:00
ibm_kingston,93,79,cz,gate_error,0.001073647459342325,,2026-08-30 12:46:06-04:00,2026-08-31T00:06:57.295633+00:00
ibm_kingston,93,79,cz,gate_length,68.0,ns,2026-08-30 12:46:06-04:00,2026-08-31T00:06:57.295633+00:00
ibm_kingston,25,37,cz,gate_error,0.0018233973438780693,,2026-08-30 12:45:54-04:00,2026-08-31T00:06:57.295633+00:00
ibm_kingston,25,37,cz,gate_length,68.0,ns,2026-08-30 12:45:54-04:00,2026-08-31T00:06:57.295633+00:00
ibm_kingston,37,25,cz,gate_error,0.0018233973438780693,,2026-08-30 12:45:54-04:00,2026-08-31T00:06:57.295633+00:00
ibm_kingston,37,25,cz,gate_length,68.0,ns,2026-08-30 12:45:54-04:00,2026-08-31T00:06:57.295633+00:00
ibm_kingston,69,70,cz,gate_error,0.002707325435124114,,2026-08-30 12:45:51-04:00,2026-08-31T00:06:57.295633+00:00
ibm_kingston,69,70,cz,gate_length,68.0,ns,2026-08-30 12:45:51-04:00,2026-08-31T00:06:57.295633+00:00
ibm_kingston,70,69,cz,gate_error,0.002707325435124114,,2026-08-30 12:45:51-04:00,2026-08-31T00:06:57.295633+00:00
ibm_kingston,70,69,cz,gate_length,68.0,ns,2026-08-30 12:45:51-04:00,2026-08-31T00:06:57.295633+00:00
ibm_kingston,18,31,cz,gate_error,0.004165173859537574,,2026-08-30 12:46:08-04:00,2026-08-31T00:06:57.295633+00:00
ibm_kingston,18,31,cz,gate_length,68.0,ns,2026-08-30 12:46:08-04:00,2026-08-31T00:06:57.295633+00:00
ibm_kingston,31,18,cz,gate_error,0.004165173859537574,,2026-08-30 12:46:08-04:00,2026-08-31T00:06:57.295633+00:00
ibm_kingston,31,18,cz,gate_length,68.0,ns,2026-08-30 12:46:08-04:00,2026-08-31T00:06:57.295633+00:00
ibm_kingston,101,102,cz,gate_error,0.0011737791576523215,,2026-08-30 12:45:52-04:00,2026-08-31T00:06:57.295633+00:00
ibm_kingston,101,102,cz,gate_length,68.0,ns,2026-08-30 12:45:52-04:00,2026-08-31T00:06:57.295633+00:00
ibm_kingston,102,101,cz,gate_error,0.0011737791576523215,,2026-08-30 12:45:52-04:00,2026-08-31T00:06:57.295633+00:00
ibm_kingston,102,101,cz,gate_length,68.0,ns,2026-08-30 12:45:52-04:00,2026-08-31T00:06:57.295633+00:00
ibm_kingston,116,121,cz,gate_error,0.05921551032639838,,2026-08-30 12:45:57-04:00,2026-08-31T00:06:57.295633+00:00
ibm_kingston,116,121,cz,gate_length,68.0,ns,2026-08-30 12:45:57-04:00,2026-08-31T00:06:57.295633+00:00
ibm_kingston,121,116,cz,gate_error,0.05921551032639838,,2026-08-30 12:45:57-04:00,2026-08-31T00:06:57.295633+00:00
ibm_kingston,121,116,cz,gate_length,68.0,ns,2026-08-30 12:45:57-04:00,2026-08-31T00:06:57.295633+00:00
ibm_kingston,124,125,cz,gate_error,0.0017859225325808636,,2026-08-30 12:46:02-04:00,2026-08-31T00:06:57.295633+00:00
ibm_kingston,124,125,cz,gate_length,68.0,ns,2026-08-30 12:46:02-04:00,2026-08-31T00:06:57.295633+00:00
ibm_kingston,125,124,cz,gate_error,0.0017859225325808636,,2026-08-30 12:46:02-04:00,2026-08-31T00:06:57.295633+00:00
ibm_kingston,125,124,cz,gate_length,68.0,ns,2026-08-30 12:46:02-04:00,2026-08-31T00:06:57.295633+00:00
ibm_kingston,0,1,cz,gate_error,0.0021771083257662305,,2026-08-30 12:45:41-04:00,2026-08-31T00:06:57.295633+00:00
ibm_kingston,0,1,cz,gate_length,68.0,ns,2026-08-30 12:45:41-04:00,2026-08-31T00:06:57.295633+00:00
ibm_kingston,1,0,cz,gate_error,0.0021771083257662305,,2026-08-30 12:45:41-04:00,2026-08-31T00:06:57.295633+00:00
ibm_kingston,1,0,cz,gate_length,68.0,ns,2026-08-30 12:45:41-04:00,2026-08-31T00:06:57.295633+00:00
ibm_kingston,10,11,cz,gate_error,0.0013948956494425346,,2026-08-30 12:45:54-04:00,2026-08-31T00:06:57.295633+00:00
ibm_kingston,10,11,cz,gate_length,68.0,ns,2026-08-30 12:45:54-04:00,2026-08-31T00:06:57.295633+00:00
ibm_kingston,11,10,cz,gate_error,0.0013948956494425346,,2026-08-30 12:45:54-04:00,2026-08-31T00:06:57.295633+00:00
ibm_kingston,11,10,cz,gate_length,68.0,ns,2026-08-30 12:45:54-04:00,2026-08-31T00:06:57.295633+00:00
ibm_kingston,65,66,cz,gate_error,0.0018974230025498584,,2026-08-30 12:45:50-04:00,2026-08-31T00:06:57.295633+00:00
ibm_kingston,65,66,cz,gate_length,68.0,ns,2026-08-30 12:45:50-04:00,2026-08-31T00:06:57.295633+00:00
ibm_kingston,66,65,cz,gate_error,0.0018974230025498584,,2026-08-30 12:45:50-04:00,2026-08-31T00:06:57.295633+00:00
ibm_kingston,66,65,cz,gate_length,68.0,ns,2026-08-30 12:45:50-04:00,2026-08-31T00:06:57.295633+00:00
ibm_kingston,92,93,cz,gate_error,0.0019286287817215642,,2026-08-30 12:46:01-04:00,2026-08-31T00:06:57.295633+00:00
ibm_kingston,92,93,cz,gate_length,68.0,ns,2026-08-30 12:46:01-04:00,2026-08-31T00:06:57.295633+00:00
ibm_kingston,93,92,cz,gate_error,0.0019286287817215642,,2026-08-30 12:46:01-04:00,2026-08-31T00:06:57.295633+00:00
ibm_kingston,93,92,cz,gate_length,68.0,ns,2026-08-30 12:46:01-04:00,2026-08-31T00:06:57.295633+00:00
ibm_kingston,97,107,cz,gate_error,0.0012360676132289194,,2026-08-30 12:46:01-04:00,2026-08-31T00:06:57.295633+00:00
ibm_kingston,97,107,cz,gate_length,68.0,ns,2026-08-30 12:46:01-04:00,2026-08-31T00:06:57.295633+00:00
ibm_kingston,107,97,cz,gate_error,0.0012360676132289194,,2026-08-30 12:46:01-04:00,2026-08-31T00:06:57.295633+00:00
ibm_kingston,107,97,cz,gate_length,68.0,ns,2026-08-30 12:46:01-04:00,2026-08-31T00:06:57.295633+00:00
ibm_kingston,102,103,cz,gate_error,0.012236208179717656,,2026-08-30 12:46:02-04:00,2026-08-31T00:06:57.295633+00:00
ibm_kingston,102,103,cz,gate_length,68.0,ns,2026-08-30 12:46:02-04:00,2026-08-31T00:06:57.295633+00:00
ibm_kingston,103,102,cz,gate_error,0.012236208179717656,,2026-08-30 12:46:02-04:00,2026-08-31T00:06:57.295633+00:00
ibm_kingston,103,102,cz,gate_length,68.0,ns,2026-08-30 12:46:02-04:00,2026-08-31T00:06:57.295633+00:00
ibm_kingston,109,118,cz,gate_error,0.002224331252979328,,2026-08-30 12:45:52-04:00,2026-08-31T00:06:57.295633+00:00
ibm_kingston,109,118,cz,gate_length,68.0,ns,2026-08-30 12:45:52-04:00,2026-08-31T00:06:57.295633+00:00
ibm_kingston,118,109,cz,gate_error,0.002224331252979328,,2026-08-30 12:45:52-04:00,2026-08-31T00:06:57.295633+00:00
ibm_kingston,118,109,cz,gate_length,68.0,ns,2026-08-30 12:45:52-04:00,2026-08-31T00:06:57.295633+00:00
ibm_kingston,6,7,cz,gate_error,0.007299534961147935,,2026-08-30 12:45:54-04:00,2026-08-31T00:06:57.295633+00:00
ibm_kingston,6,7,cz,gate_length,80.0,ns,2026-08-30 12:45:54-04:00,2026-08-31T00:06:57.295633+00:00
ibm_kingston,7,6,cz,gate_error,0.007299534961147935,,2026-08-30 12:45:54-04:00,2026-08-31T00:06:57.295633+00:00
ibm_kingston,7,6,cz,gate_length,80.0,ns,2026-08-30 12:45:54-04:00,2026-08-31T00:06:57.295633+00:00
ibm_kingston,15,19,cz,gate_error,0.0016030193253553093,,2026-08-30 12:45:59-04:00,2026-08-31T00:06:57.295633+00:00
ibm_kingston,15,19,cz,gate_length,68.0,ns,2026-08-30 12:45:59-04:00,2026-08-31T00:06:57.295633+00:00
ibm_kingston,19,15,cz,gate_error,0.0016030193253553093,,2026-08-30 12:45:59-04:00,2026-08-31T00:06:57.295633+00:00
ibm_kingston,19,15,cz,gate_length,68.0,ns,2026-08-30 12:45:59-04:00,2026-08-31T00:06:57.295633+00:00
ibm_kingston,33,34,cz,gate_error,0.002119471064588846,,2026-08-30 12:45:49-04:00,2026-08-31T00:06:57.295633+00:00
ibm_kingston,33,34,cz,gate_length,108.0,ns,2026-08-30 12:45:49-04:00,2026-08-31T00:06:57.295633+00:00
ibm_kingston,34,33,cz,gate_error,0.002119471064588846,,2026-08-30 12:45:49-04:00,2026-08-31T00:06:57.295633+00:00
ibm_kingston,34,33,cz,gate_length,108.0,ns,2026-08-30 12:45:49-04:00,2026-08-31T00:06:57.295633+00:00
ibm_kingston,43,44,cz,gate_error,0.001673126219793819,,2026-08-30 12:45:49-04:00,2026-08-31T00:06:57.295633+00:00
ibm_kingston,43,44,cz,gate_length,68.0,ns,2026-08-30 12:45:49-04:00,2026-08-31T00:06:57.295633+00:00
ibm_kingston,44,43,cz,gate_error,0.001673126219793819,,2026-08-30 12:45:49-04:00,2026-08-31T00:06:57.295633+00:00
ibm_kingston,44,43,cz,gate_length,68.0,ns,2026-08-30 12:45:49-04:00,2026-08-31T00:06:57.295633+00:00
ibm_kingston,73,79,cz,gate_error,0.001337596329206464,,2026-08-30 12:45:51-04:00,2026-08-31T00:06:57.295633+00:00
ibm_kingston,73,79,cz,gate_length,68.0,ns,2026-08-30 12:45:51-04:00,2026-08-31T00:06:57.295633+00:00
ibm_kingston,79,73,cz,gate_error,0.001337596329206464,,2026-08-30 12:45:51-04:00,2026-08-31T00:06:57.295633+00:00
ibm_kingston,79,73,cz,gate_length,68.0,ns,2026-08-30 12:45:51-04:00,2026-08-31T00:06:57.295633+00:00
ibm_kingston,70,71,cz,gate_error,0.0016957975833014338,,2026-08-30 12:46:05-04:00,2026-08-31T00:06:57.295633+00:00
ibm_kingston,70,71,cz,gate_length,68.0,ns,2026-08-30 12:46:05-04:00,2026-08-31T00:06:57.295633+00:00
ibm_kingston,71,70,cz,gate_error,0.0016957975833014338,,2026-08-30 12:46:05-04:00,2026-08-31T00:06:57.295633+00:00
ibm_kingston,71,70,cz,gate_length,68.0,ns,2026-08-30 12:46:05-04:00,2026-08-31T00:06:57.295633+00:00
ibm_kingston,125,126,cz,gate_error,0.0021495485692916982,,2026-08-30 12:46:07-04:00,2026-08-31T00:06:57.295633+00:00
ibm_kingston,125,126,cz,gate_length,68.0,ns,2026-08-30 12:46:07-04:00,2026-08-31T00:06:57.295633+00:00
ibm_kingston,126,125,cz,gate_error,0.0021495485692916982,,2026-08-30 12:46:07-04:00,2026-08-31T00:06:57.295633+00:00
ibm_kingston,126,125,cz,gate_length,68.0,ns,2026-08-30 12:46:07-04:00,2026-08-31T00:06:57.295633+00:00
ibm_kingston,118,129,cz,gate_error,0.0021558075561651513,,2026-08-30 12:46:11-04:00,2026-08-31T00:06:57.295633+00:00
ibm_kingston,118,129,cz,gate_length,68.0,ns,2026-08-30 12:46:11-04:00,2026-08-31T00:06:57.295633+00:00
ibm_kingston,129,118,cz,gate_error,0.0021558075561651513,,2026-08-30 12:46:11-04:00,2026-08-31T00:06:57.295633+00:00
ibm_kingston,129,118,cz,gate_length,68.0,ns,2026-08-30 12:46:11-04:00,2026-08-31T00:06:57.295633+00:00
ibm_kingston,130,131,cz,gate_error,1.0,,2026-08-30 19:42:27.639242-04:00,2026-08-31T00:06:57.295633+00:00
ibm_kingston,130,131,cz,gate_length,68.0,ns,2026-08-30 19:42:27.639242-04:00,2026-08-31T00:06:57.295633+00:00
ibm_kingston,131,130,cz,gate_error,1.0,,2026-08-30 19:42:27.639247-04:00,2026-08-31T00:06:57.295633+00:00
ibm_kingston,131,130,cz,gate_length,68.0,ns,2026-08-30 19:42:27.639247-04:00,2026-08-31T00:06:57.295633+00:00
ibm_kingston,34,35,cz,gate_error,0.0013675065266854913,,2026-08-30 12:46:04-04:00,2026-08-31T00:06:57.295633+00:00
ibm_kingston,34,35,cz,gate_length,68.0,ns,2026-08-30 12:46:04-04:00,2026-08-31T00:06:57.295633+00:00
ibm_kingston,35,34,cz,gate_error,0.0013675065266854913,,2026-08-30 12:46:04-04:00,2026-08-31T00:06:57.295633+00:00
ibm_kingston,35,34,cz,gate_length,68.0,ns,2026-08-30 12:46:04-04:00,2026-08-31T00:06:57.295633+00:00
ibm_kingston,11,12,cz,gate_error,0.0012878391142701062,,2026-08-30 12:45:59-04:00,2026-08-31T00:06:57.295633+00:00
ibm_kingston,11,12,cz,gate_length,68.0,ns,2026-08-30 12:45:59-04:00,2026-08-31T00:06:57.295633+00:00
ibm_kingston,12,11,cz,gate_error,0.0012878391142701062,,2026-08-30 12:45:59-04:00,2026-08-31T00:06:57.295633+00:00
ibm_kingston,12,11,cz,gate_length,68.0,ns,2026-08-30 12:45:59-04:00,2026-08-31T00:06:57.295633+00:00
ibm_kingston,66,67,cz,gate_error,0.0020706763295662567,,2026-08-30 12:46:05-04:00,2026-08-31T00:06:57.295633+00:00
ibm_kingston,66,67,cz,gate_length,68.0,ns,2026-08-30 12:46:05-04:00,2026-08-31T00:06:57.295633+00:00
ibm_kingston,67,66,cz,gate_error,0.0020706763295662567,,2026-08-30 12:46:05-04:00,2026-08-31T00:06:57.295633+00:00
ibm_kingston,67,66,cz,gate_length,68.0,ns,2026-08-30 12:46:05-04:00,2026-08-31T00:06:57.295633+00:00
ibm_kingston,65,77,cz,gate_error,0.005510758714629416,,2026-08-30 12:45:56-04:00,2026-08-31T00:06:57.295633+00:00
ibm_kingston,65,77,cz,gate_length,68.0,ns,2026-08-30 12:45:56-04:00,2026-08-31T00:06:57.295633+00:00
ibm_kingston,77,65,cz,gate_error,0.005510758714629416,,2026-08-30 12:45:56-04:00,2026-08-31T00:06:57.295633+00:00
ibm_kingston,77,65,cz,gate_length,68.0,ns,2026-08-30 12:45:56-04:00,2026-08-31T00:06:57.295633+00:00
ibm_kingston,131,132,cz,gate_error,0.01662500320802568,,2026-08-30 12:45:58-04:00,2026-08-31T00:06:57.295633+00:00
ibm_kingston,131,132,cz,gate_length,68.0,ns,2026-08-30 12:45:58-04:00,2026-08-31T00:06:57.295633+00:00
ibm_kingston,132,131,cz,gate_error,0.01662500320802568,,2026-08-30 12:45:58-04:00,2026-08-31T00:06:57.295633+00:00
ibm_kingston,132,131,cz,gate_length,68.0,ns,2026-08-30 12:45:58-04:00,2026-08-31T00:06:57.295633+00:00
ibm_kingston,7,8,cz,gate_error,0.007310920237156487,,2026-08-30 12:45:59-04:00,2026-08-31T00:06:57.295633+00:00
ibm_kingston,7,8,cz,gate_length,68.0,ns,2026-08-30 12:45:59-04:00,2026-08-31T00:06:57.295633+00:00
ibm_kingston,8,7,cz,gate_error,0.007310920237156487,,2026-08-30 12:45:59-04:00,2026-08-31T00:06:57.295633+00:00
ibm_kingston,8,7,cz,gate_length,68.0,ns,2026-08-30 12:45:59-04:00,2026-08-31T00:06:57.295633+00:00
ibm_kingston,111,112,rzz,gate_error,1.0,,2026-08-30 19:42:26.510557-04:00,2026-08-31T00:06:57.295633+00:00
ibm_kingston,111,112,rzz,gate_length,68.0,ns,2026-08-30 19:42:26.510557-04:00,2026-08-31T00:06:57.295633+00:00
ibm_kingston,112,111,rzz,gate_error,1.0,,2026-08-30 19:42:26.510563-04:00,2026-08-31T00:06:57.295633+00:00
ibm_kingston,112,111,rzz,gate_length,68.0,ns,2026-08-30 19:42:26.510563-04:00,2026-08-31T00:06:57.295633+00:00
ibm_kingston,112,113,rzz,gate_error,1.0,,2026-08-30 19:42:26.914100-04:00,2026-08-31T00:06:57.295633+00:00
ibm_kingston,112,113,rzz,gate_length,68.0,ns,2026-08-30 19:42:26.914100-04:00,2026-08-31T00:06:57.295633+00:00
ibm_kingston,113,112,rzz,gate_error,1.0,,2026-08-30 19:42:26.914106-04:00,2026-08-31T00:06:57.295633+00:00
ibm_kingston,113,112,rzz,gate_length,68.0,ns,2026-08-30 19:42:26.914106-04:00,2026-08-31T00:06:57.295633+00:00
ibm_kingston,145,146,rzz,gate_error,1.0,,2026-08-30 19:42:26.991116-04:00,2026-08-31T00:06:57.295633+00:00
ibm_kingston,145,146,rzz,gate_length,68.0,ns,2026-08-30 19:42:26.991116-04:00,2026-08-31T00:06:57.295633+00:00
ibm_kingston,146,145,rzz,gate_error,1.0,,2026-08-30 19:42:26.991122-04:00,2026-08-31T00:06:57.295633+00:00
ibm_kingston,146,145,rzz,gate_length,68.0,ns,2026-08-30 19:42:26.991122-04:00,2026-08-31T00:06:57.295633+00:00
ibm_kingston,3,16,rzz,gate_error,1.0,,2026-08-30 19:42:27.014553-04:00,2026-08-31T00:06:57.295633+00:00
ibm_kingston,3,16,rzz,gate_length,68.0,ns,2026-08-30 19:42:27.014553-04:00,2026-08-31T00:06:57.295633+00:00
ibm_kingston,16,3,rzz,gate_error,1.0,,2026-08-30 19:42:27.014559-04:00,2026-08-31T00:06:57.295633+00:00
ibm_kingston,16,3,rzz,gate_length,68.0,ns,2026-08-30 19:42:27.014559-04:00,2026-08-31T00:06:57.295633+00:00
ibm_kingston,146,147,rzz,gate_error,1.0,,2026-08-30 19:42:27.114687-04:00,2026-08-31T00:06:57.295633+00:00
ibm_kingston,146,147,rzz,gate_length,68.0,ns,2026-08-30 19:42:27.114687-04:00,2026-08-31T00:06:57.295633+00:00
ibm_kingston,147,146,rzz,gate_error,1.0,,2026-08-30 19:42:27.114693-04:00,2026-08-31T00:06:57.295633+00:00
ibm_kingston,147,146,rzz,gate_length,68.0,ns,2026-08-30 19:42:27.114693-04:00,2026-08-31T00:06:57.295633+00:00
ibm_kingston,120,121,rzz,gate_error,1.0,,2026-08-30 19:42:27.229896-04:00,2026-08-31T00:06:57.295633+00:00
ibm_kingston,120,121,rzz,gate_length,68.0,ns,2026-08-30 19:42:27.229896-04:00,2026-08-31T00:06:57.295633+00:00
ibm_kingston,121,120,rzz,gate_error,1.0,,2026-08-30 19:42:27.229902-04:00,2026-08-31T00:06:57.295633+00:00
ibm_kingston,121,120,rzz,gate_length,68.0,ns,2026-08-30 19:42:27.229902-04:00,2026-08-31T00:06:57.295633+00:00
ibm_kingston,130,131,rzz,gate_error,1.0,,2026-08-30 19:42:27.643278-04:00,2026-08-31T00:06:57.295633+00:00
ibm_kingston,130,131,rzz,gate_length,68.0,ns,2026-08-30 19:42:27.643278-04:00,2026-08-31T00:06:57.295633+00:00
ibm_kingston,131,130,rzz,gate_error,1.0,,2026-08-30 19:42:27.643284-04:00,2026-08-31T00:06:57.295633+00:00
ibm_kingston,131,130,rzz,gate_length,68.0,ns,2026-08-30 19:42:27.643284-04:00,2026-08-31T00:06:57.295633+00:00
ibm_fez,72,73,cz,gate_error,1.0,,2026-08-30 22:10:09.469207-04:00,2026-08-31T02:30:15.156180+00:00
ibm_fez,72,73,cz,gate_length,68.0,ns,2026-08-30 22:10:09.469207-04:00,2026-08-31T02:30:15.156180+00:00
ibm_fez,73,72,cz,gate_error,1.0,,2026-08-30 22:10:09.469213-04:00,2026-08-31T02:30:15.156180+00:00
ibm_fez,73,72,cz,gate_length,68.0,ns,2026-08-30 22:10:09.469213-04:00,2026-08-31T02:30:15.156180+00:00
ibm_fez,71,72,cz,gate_error,1.0,,2026-08-30 22:10:09.795418-04:00,2026-08-31T02:30:15.156180+00:00
ibm_fez,71,72,cz,gate_length,68.0,ns,2026-08-30 22:10:09.795418-04:00,2026-08-31T02:30:15.156180+00:00
ibm_fez,72,71,cz,gate_error,1.0,,2026-08-30 22:10:09.795424-04:00,2026-08-31T02:30:15.156180+00:00
ibm_fez,72,71,cz,gate_length,68.0,ns,2026-08-30 22:10:09.795424-04:00,2026-08-31T02:30:15.156180+00:00
ibm_fez,27,28,cz,gate_error,1.0,,2026-08-30 22:10:10.305054-04:00,2026-08-31T02:30:15.156180+00:00
ibm_fez,27,28,cz,gate_length,68.0,ns,2026-08-30 22:10:10.305054-04:00,2026-08-31T02:30:15.156180+00:00
ibm_fez,28,27,cz,gate_error,1.0,,2026-08-30 22:10:10.305060-04:00,2026-08-31T02:30:15.156180+00:00
ibm_fez,28,27,cz,gate_length,68.0,ns,2026-08-30 22:10:10.305060-04:00,2026-08-31T02:30:15.156180+00:00
ibm_fez,32,33,cz,gate_error,1.0,,2026-08-30 22:10:10.736366-04:00,2026-08-31T02:30:15.156180+00:00
ibm_fez,32,33,cz,gate_length,68.0,ns,2026-08-30 22:10:10.736366-04:00,2026-08-31T02:30:15.156180+00:00
ibm_fez,33,32,cz,gate_error,1.0,,2026-08-30 22:10:10.736371-04:00,2026-08-31T02:30:15.156180+00:00
ibm_fez,33,32,cz,gate_length,68.0,ns,2026-08-30 22:10:10.736371-04:00,2026-08-31T02:30:15.156180+00:00
ibm_fez,102,103,cz,gate_error,1.0,,2026-08-30 22:10:10.858413-04:00,2026-08-31T02:30:15.156180+00:00
ibm_fez,102,103,cz,gate_length,88.0,ns,2026-08-30 22:10:10.858413-04:00,2026-08-31T02:30:15.156180+00:00
ibm_fez,103,102,cz,gate_error,1.0,,2026-08-30 22:10:10.858419-04:00,2026-08-31T02:30:15.156180+00:00
ibm_fez,103,102,cz,gate_length,88.0,ns,2026-08-30 22:10:10.858419-04:00,2026-08-31T02:30:15.156180+00:00
ibm_fez,72,73,rzz,gate_error,1.0,,2026-08-30 22:10:09.474018-04:00,2026-08-31T02:30:15.156180+00:00
ibm_fez,72,73,rzz,gate_length,68.0,ns,2026-08-30 22:10:09.474018-04:00,2026-08-31T02:30:15.156180+00:00
ibm_fez,73,72,rzz,gate_error,1.0,,2026-08-30 22:10:09.474025-04:00,2026-08-31T02:30:15.156180+00:00
ibm_fez,73,72,rzz,gate_length,68.0,ns,2026-08-30 22:10:09.474025-04:00,2026-08-31T02:30:15.156180+00:00
ibm_fez,71,72,rzz,gate_error,1.0,,2026-08-30 22:10:09.800208-04:00,2026-08-31T02:30:15.156180+00:00
ibm_fez,71,72,rzz,gate_length,68.0,ns,2026-08-30 22:10:09.800208-04:00,2026-08-31T02:30:15.156180+00:00
ibm_fez,72,71,rzz,gate_error,1.0,,2026-08-30 22:10:09.800215-04:00,2026-08-31T02:30:15.156180+00:00
ibm_fez,72,71,rzz,gate_length,68.0,ns,2026-08-30 22:10:09.800215-04:00,2026-08-31T02:30:15.156180+00:00
ibm_fez,99,115,rzz,gate_error,1.0,,2026-08-30 22:10:09.834662-04:00,2026-08-31T02:30:15.156180+00:00
ibm_fez,99,115,rzz,gate_length,68.0,ns,2026-08-30 22:10:09.834662-04:00,2026-08-31T02:30:15.156180+00:00
ibm_fez,115,99,rzz,gate_error,1.0,,2026-08-30 22:10:09.834669-04:00,2026-08-31T02:30:15.156180+00:00
ibm_fez,115,99,rzz,gate_length,68.0,ns,2026-08-30 22:10:09.834669-04:00,2026-08-31T02:30:15.156180+00:00
ibm_fez,95,99,rzz,gate_error,1.0,,2026-08-30 22:10:10.273941-04:00,2026-08-31T02:30:15.156180+00:00
ibm_fez,95,99,rzz,gate_length,68.0,ns,2026-08-30 22:10:10.273941-04:00,2026-08-31T02:30:15.156180+00:00
ibm_fez,99,95,rzz,gate_error,1.0,,2026-08-30 22:10:10.273948-04:00,2026-08-31T02:30:15.156180+00:00
ibm_fez,99,95,rzz,gate_length,68.0,ns,2026-08-30 22:10:10.273948-04:00,2026-08-31T02:30:15.156180+00:00
ibm_fez,27,28,rzz,gate_error,1.0,,2026-08-30 22:10:10.309808-04:00,2026-08-31T02:30:15.156180+00:00
ibm_fez,27,28,rzz,gate_length,68.0,ns,2026-08-30 22:10:10.309808-04:00,2026-08-31T02:30:15.156180+00:00
ibm_fez,28,27,rzz,gate_error,1.0,,2026-08-30 22:10:10.309815-04:00,2026-08-31T02:30:15.156180+00:00
ibm_fez,28,27,rzz,gate_length,68.0,ns,2026-08-30 22:10:10.309815-04:00,2026-08-31T02:30:15.156180+00:00
ibm_fez,32,33,rzz,gate_error,1.0,,2026-08-30 22:10:10.740980-04:00,2026-08-31T02:30:15.156180+00:00
ibm_fez,32,33,rzz,gate_length,68.0,ns,2026-08-30 22:10:10.740980-04:00,2026-08-31T02:30:15.156180+00:00
ibm_fez,33,32,rzz,gate_error,1.0,,2026-08-30 22:10:10.740987-04:00,2026-08-31T02:30:15.156180+00:00
ibm_fez,33,32,rzz,gate_length,68.0,ns,2026-08-30 22:10:10.740987-04:00,2026-08-31T02:30:15.156180+00:00
ibm_marrakesh,129,130,cz,gate_error,1.0,,2026-08-30 21:23:51.685354-04:00,2026-08-31T02:30:19.068436+00:00
ibm_marrakesh,129,130,cz,gate_length,68.0,ns,2026-08-30 21:23:51.685354-04:00,2026-08-31T02:30:19.068436+00:00
ibm_marrakesh,130,129,cz,gate_error,1.0,,2026-08-30 21:23:51.685360-04:00,2026-08-31T02:30:19.068436+00:00
ibm_marrakesh,130,129,cz,gate_length,68.0,ns,2026-08-30 21:23:51.685360-04:00,2026-08-31T02:30:19.068436+00:00
ibm_marrakesh,81,82,cz,gate_error,1.0,,2026-08-30 21:23:51.859323-04:00,2026-08-31T02:30:19.068436+00:00
ibm_marrakesh,81,82,cz,gate_length,68.0,ns,2026-08-30 21:23:51.859323-04:00,2026-08-31T02:30:19.068436+00:00
ibm_marrakesh,82,81,cz,gate_error,1.0,,2026-08-30 21:23:51.859330-04:00,2026-08-31T02:30:19.068436+00:00
ibm_marrakesh,82,81,cz,gate_length,68.0,ns,2026-08-30 21:23:51.859330-04:00,2026-08-31T02:30:19.068436+00:00
ibm_marrakesh,82,83,cz,gate_error,1.0,,2026-08-30 21:23:52.015579-04:00,2026-08-31T02:30:19.068436+00:00
ibm_marrakesh,82,83,cz,gate_length,68.0,ns,2026-08-30 21:23:52.015579-04:00,2026-08-31T02:30:19.068436+00:00
ibm_marrakesh,83,82,cz,gate_error,1.0,,2026-08-30 21:23:52.015586-04:00,2026-08-31T02:30:19.068436+00:00
ibm_marrakesh,83,82,cz,gate_length,68.0,ns,2026-08-30 21:23:52.015586-04:00,2026-08-31T02:30:19.068436+00:00
ibm_marrakesh,113,119,cz,gate_error,1.0,,2026-08-30 21:23:52.102986-04:00,2026-08-31T02:30:19.068436+00:00
ibm_marrakesh,113,119,cz,gate_length,68.0,ns,2026-08-30 21:23:52.102986-04:00,2026-08-31T02:30:19.068436+00:00
ibm_marrakesh,119,113,cz,gate_error,1.0,,2026-08-30 21:23:52.102992-04:00,2026-08-31T02:30:19.068436+00:00
ibm_marrakesh,119,113,cz,gate_length,68.0,ns,2026-08-30 21:23:52.102992-04:00,2026-08-31T02:30:19.068436+00:00
ibm_marrakesh,95,99,cz,gate_error,1.0,,2026-08-30 21:23:52.327939-04:00,2026-08-31T02:30:19.068436+00:00
ibm_marrakesh,95,99,cz,gate_length,68.0,ns,2026-08-30 21:23:52.327939-04:00,2026-08-31T02:30:19.068436+00:00
ibm_marrakesh,99,95,cz,gate_error,1.0,,2026-08-30 21:23:52.327946-04:00,2026-08-31T02:30:19.068436+00:00
ibm_marrakesh,99,95,cz,gate_length,68.0,ns,2026-08-30 21:23:52.327946-04:00,2026-08-31T02:30:19.068436+00:00
ibm_marrakesh,130,131,cz,gate_error,1.0,,2026-08-30 21:23:52.991344-04:00,2026-08-31T02:30:19.068436+00:00
ibm_marrakesh,130,131,cz,gate_length,68.0,ns,2026-08-30 21:23:52.991344-04:00,2026-08-31T02:30:19.068436+00:00
ibm_marrakesh,131,130,cz,gate_error,1.0,,2026-08-30 21:23:52.991350-04:00,2026-08-31T02:30:19.068436+00:00
ibm_marrakesh,131,130,cz,gate_length,68.0,ns,2026-08-30 21:23:52.991350-04:00,2026-08-31T02:30:19.068436+00:00
ibm_marrakesh,129,130,rzz,gate_error,1.0,,2026-08-30 21:23:51.690153-04:00,2026-08-31T02:30:19.068436+00:00
ibm_marrakesh,129,130,rzz,gate_length,68.0,ns,2026-08-30 21:23:51.690153-04:00,2026-08-31T02:30:19.068436+00:00
ibm_marrakesh,130,129,rzz,gate_error,1.0,,2026-08-30 21:23:51.690160-04:00,2026-08-31T02:30:19.068436+00:00
ibm_marrakesh,130,129,rzz,gate_length,68.0,ns,2026-08-30 21:23:51.690160-04:00,2026-08-31T02:30:19.068436+00:00
ibm_marrakesh,81,82,rzz,gate_error,1.0,,2026-08-30 21:23:51.864110-04:00,2026-08-31T02:30:19.068436+00:00
ibm_marrakesh,81,82,rzz,gate_length,68.0,ns,2026-08-30 21:23:51.864110-04:00,2026-08-31T02:30:19.068436+00:00
ibm_marrakesh,82,81,rzz,gate_error,1.0,,2026-08-30 21:23:51.864117-04:00,2026-08-31T02:30:19.068436+00:00
ibm_marrakesh,82,81,rzz,gate_length,68.0,ns,2026-08-30 21:23:51.864117-04:00,2026-08-31T02:30:19.068436+00:00
ibm_marrakesh,82,83,rzz,gate_error,1.0,,2026-08-30 21:23:52.020413-04:00,2026-08-31T02:30:19.068436+00:00
ibm_marrakesh,82,83,rzz,gate_length,68.0,ns,2026-08-30 21:23:52.020413-04:00,2026-08-31T02:30:19.068436+00:00
ibm_marrakesh,83,82,rzz,gate_error,1.0,,2026-08-30 21:23:52.020420-04:00,2026-08-31T02:30:19.068436+00:00
ibm_marrakesh,83,82,rzz,gate_length,68.0,ns,2026-08-30 21:23:52.020420-04:00,2026-08-31T02:30:19.068436+00:00
ibm_marrakesh,113,119,rzz,gate_error,1.0,,2026-08-30 21:23:52.107580-04:00,2026-08-31T02:30:19.068436+00:00
ibm_marrakesh,113,119,rzz,gate_length,68.0,ns,2026-08-30 21:23:52.107580-04:00,2026-08-31T02:30:19.068436+00:00
ibm_marrakesh,119,113,rzz,gate_error,1.0,,2026-08-30 21:23:52.107586-04:00,2026-08-31T02:30:19.068436+00:00
ibm_marrakesh,119,113,rzz,gate_length,68.0,ns,2026-08-30 21:23:52.107586-04:00,2026-08-31T02:30:19.068436+00:00
ibm_marrakesh,112,113,rzz,gate_error,1.0,,2026-08-30 21:23:52.176495-04:00,2026-08-31T02:30:19.068436+00:00
ibm_marrakesh,112,113,rzz,gate_length,68.0,ns,2026-08-30 21:23:52.176495-04:00,2026-08-31T02:30:19.068436+00:00
ibm_marrakesh,113,112,rzz,gate_error,1.0,,2026-08-30 21:23:52.176502-04:00,2026-08-31T02:30:19.068436+00:00
ibm_marrakesh,113,112,rzz,gate_length,68.0,ns,2026-08-30 21:23:52.176502-04:00,2026-08-31T02:30:19.068436+00:00
ibm_marrakesh,95,99,rzz,gate_error,1.0,,2026-08-30 21:23:52.332686-04:00,2026-08-31T02:30:19.068436+00:00
ibm_marrakesh,95,99,rzz,gate_length,68.0,ns,2026-08-30 21:23:52.332686-04:00,2026-08-31T02:30:19.068436+00:00
ibm_marrakesh,99,95,rzz,gate_error,1.0,,2026-08-30 21:23:52.332693-04:00,2026-08-31T02:30:19.068436+00:00
ibm_marrakesh,99,95,rzz,gate_length,68.0,ns,2026-08-30 21:23:52.332693-04:00,2026-08-31T02:30:19.068436+00:00
ibm_marrakesh,113,114,rzz,gate_error,1.0,,2026-08-30 21:23:52.350004-04:00,2026-08-31T02:30:19.068436+00:00
ibm_marrakesh,113,114,rzz,gate_length,68.0,ns,2026-08-30 21:23:52.350004-04:00,2026-08-31T02:30:19.068436+00:00
ibm_marrakesh,114,113,rzz,gate_error,1.0,,2026-08-30 21:23:52.350011-04:00,2026-08-31T02:30:19.068436+00:00
ibm_marrakesh,114,113,rzz,gate_length,68.0,ns,2026-08-30 21:23:52.350011-04:00,2026-08-31T02:30:19.068436+00:00
ibm_marrakesh,51,58,rzz,gate_error,1.0,,2026-08-30 21:23:52.419248-04:00,2026-08-31T02:30:19.068436+00:00
ibm_marrakesh,51,58,rzz,gate_length,140.0,ns,2026-08-30 21:23:52.419248-04:00,2026-08-31T02:30:19.068436+00:00
ibm_marrakesh,58,51,rzz,gate_error,1.0,,2026-08-30 21:23:52.419255-04:00,2026-08-31T02:30:19.068436+00:00
ibm_marrakesh,58,51,rzz,gate_length,140.0,ns,2026-08-30 21:23:52.419255-04:00,2026-08-31T02:30:19.068436+00:00
ibm_marrakesh,33,39,rzz,gate_error,1.0,,2026-08-30 21:23:52.702205-04:00,2026-08-31T02:30:19.068436+00:00
ibm_marrakesh,33,39,rzz,gate_length,140.0,ns,2026-08-30 21:23:52.702205-04:00,2026-08-31T02:30:19.068436+00:00
ibm_marrakesh,39,33,rzz,gate_error,1.0,,2026-08-30 21:23:52.702212-04:00,2026-08-31T02:30:19.068436+00:00
ibm_marrakesh,39,33,rzz,gate_length,140.0,ns,2026-08-30 21:23:52.702212-04:00,2026-08-31T02:30:19.068436+00:00
ibm_marrakesh,118,129,rzz,gate_error,1.0,,2026-08-30 21:23:52.986845-04:00,2026-08-31T02:30:19.068436+00:00
ibm_marrakesh,118,129,rzz,gate_length,68.0,ns,2026-08-30 21:23:52.986845-04:00,2026-08-31T02:30:19.068436+00:00
ibm_marrakesh,129,118,rzz,gate_error,1.0,,2026-08-30 21:23:52.986852-04:00,2026-08-31T02:30:19.068436+00:00
ibm_marrakesh,129,118,rzz,gate_length,68.0,ns,2026-08-30 21:23:52.986852-04:00,2026-08-31T02:30:19.068436+00:00
ibm_marrakesh,130,131,rzz,gate_error,1.0,,2026-08-30 21:23:52.996185-04:00,2026-08-31T02:30:19.068436+00:00
ibm_marrakesh,130,131,rzz,gate_length,68.0,ns,2026-08-30 21:23:52.996185-04:00,2026-08-31T02:30:19.068436+00:00
ibm_marrakesh,131,130,rzz,gate_error,1.0,,2026-08-30 21:23:52.996192-04:00,2026-08-31T02:30:19.068436+00:00
ibm_marrakesh,131,130,rzz,gate_length,68.0,ns,2026-08-30 21:23:52.996192-04:00,2026-08-31T02:30:19.068436+00:00
ibm_kingston,112,113,cz,gate_error,1.0,,2026-08-30 21:45:24.661902-04:00,2026-08-31T02:30:22.693102+00:00
ibm_kingston,112,113,cz,gate_length,68.0,ns,2026-08-30 21:45:24.661902-04:00,2026-08-31T02:30:22.693102+00:00
ibm_kingston,113,112,cz,gate_error,1.0,,2026-08-30 21:45:24.661908-04:00,2026-08-31T02:30:22.693102+00:00
ibm_kingston,113,112,cz,gate_length,68.0,ns,2026-08-30 21:45:24.661908-04:00,2026-08-31T02:30:22.693102+00:00
ibm_kingston,145,146,cz,gate_error,1.0,,2026-08-30 21:45:24.740250-04:00,2026-08-31T02:30:22.693102+00:00
ibm_kingston,145,146,cz,gate_length,68.0,ns,2026-08-30 21:45:24.740250-04:00,2026-08-31T02:30:22.693102+00:00
ibm_kingston,146,145,cz,gate_error,1.0,,2026-08-30 21:45:24.740255-04:00,2026-08-31T02:30:22.693102+00:00
ibm_kingston,146,145,cz,gate_length,68.0,ns,2026-08-30 21:45:24.740255-04:00,2026-08-31T02:30:22.693102+00:00
ibm_kingston,146,147,cz,gate_error,1.0,,2026-08-30 21:45:24.865188-04:00,2026-08-31T02:30:22.693102+00:00
ibm_kingston,146,147,cz,gate_length,68.0,ns,2026-08-30 21:45:24.865188-04:00,2026-08-31T02:30:22.693102+00:00
ibm_kingston,147,146,cz,gate_error,1.0,,2026-08-30 21:45:24.865193-04:00,2026-08-31T02:30:22.693102+00:00
ibm_kingston,147,146,cz,gate_length,68.0,ns,2026-08-30 21:45:24.865193-04:00,2026-08-31T02:30:22.693102+00:00
ibm_kingston,130,131,cz,gate_error,1.0,,2026-08-30 21:45:25.403286-04:00,2026-08-31T02:30:22.693102+00:00
ibm_kingston,130,131,cz,gate_length,68.0,ns,2026-08-30 21:45:25.403286-04:00,2026-08-31T02:30:22.693102+00:00
ibm_kingston,131,130,cz,gate_error,1.0,,2026-08-30 21:45:25.403292-04:00,2026-08-31T02:30:22.693102+00:00
ibm_kingston,131,130,cz,gate_length,68.0,ns,2026-08-30 21:45:25.403292-04:00,2026-08-31T02:30:22.693102+00:00
ibm_kingston,111,112,rzz,gate_error,1.0,,2026-08-30 21:45:24.253558-04:00,2026-08-31T02:30:22.693102+00:00
ibm_kingston,111,112,rzz,gate_length,68.0,ns,2026-08-30 21:45:24.253558-04:00,2026-08-31T02:30:22.693102+00:00
ibm_kingston,112,111,rzz,gate_error,1.0,,2026-08-30 21:45:24.253565-04:00,2026-08-31T02:30:22.693102+00:00
ibm_kingston,112,111,rzz,gate_length,68.0,ns,2026-08-30 21:45:24.253565-04:00,2026-08-31T02:30:22.693102+00:00
ibm_kingston,112,113,rzz,gate_error,1.0,,2026-08-30 21:45:24.666170-04:00,2026-08-31T02:30:22.693102+00:00
ibm_kingston,112,113,rzz,gate_length,68.0,ns,2026-08-30 21:45:24.666170-04:00,2026-08-31T02:30:22.693102+00:00
ibm_kingston,113,112,rzz,gate_error,1.0,,2026-08-30 21:45:24.666176-04:00,2026-08-31T02:30:22.693102+00:00
ibm_kingston,113,112,rzz,gate_length,68.0,ns,2026-08-30 21:45:24.666176-04:00,2026-08-31T02:30:22.693102+00:00
ibm_kingston,145,146,rzz,gate_error,1.0,,2026-08-30 21:45:24.744488-04:00,2026-08-31T02:30:22.693102+00:00
ibm_kingston,145,146,rzz,gate_length,68.0,ns,2026-08-30 21:45:24.744488-04:00,2026-08-31T02:30:22.693102+00:00
ibm_kingston,146,145,rzz,gate_error,1.0,,2026-08-30 21:45:24.744494-04:00,2026-08-31T02:30:22.693102+00:00
ibm_kingston,146,145,rzz,gate_length,68.0,ns,2026-08-30 21:45:24.744494-04:00,2026-08-31T02:30:22.693102+00:00
ibm_kingston,3,16,rzz,gate_error,1.0,,2026-08-30 21:45:24.768148-04:00,2026-08-31T02:30:22.693102+00:00
ibm_kingston,3,16,rzz,gate_length,68.0,ns,2026-08-30 21:45:24.768148-04:00,2026-08-31T02:30:22.693102+00:00
ibm_kingston,16,3,rzz,gate_error,1.0,,2026-08-30 21:45:24.768154-04:00,2026-08-31T02:30:22.693102+00:00
ibm_kingston,16,3,rzz,gate_length,68.0,ns,2026-08-30 21:45:24.768154-04:00,2026-08-31T02:30:22.693102+00:00
ibm_kingston,146,147,rzz,gate_error,1.0,,2026-08-30 21:45:24.869408-04:00,2026-08-31T02:30:22.693102+00:00
ibm_kingston,146,147,rzz,gate_length,68.0,ns,2026-08-30 21:45:24.869408-04:00,2026-08-31T02:30:22.693102+00:00
ibm_kingston,147,146,rzz,gate_error,1.0,,2026-08-30 21:45:24.869414-04:00,2026-08-31T02:30:22.693102+00:00
ibm_kingston,147,146,rzz,gate_length,68.0,ns,2026-08-30 21:45:24.869414-04:00,2026-08-31T02:30:22.693102+00:00
ibm_kingston,120,121,rzz,gate_error,1.0,,2026-08-30 21:45:24.987173-04:00,2026-08-31T02:30:22.693102+00:00
ibm_kingston,120,121,rzz,gate_length,68.0,ns,2026-08-30 21:45:24.987173-04:00,2026-08-31T02:30:22.693102+00:00
ibm_kingston,121,120,rzz,gate_error,1.0,,2026-08-30 21:45:24.987180-04:00,2026-08-31T02:30:22.693102+00:00
ibm_kingston,121,120,rzz,gate_length,68.0,ns,2026-08-30 21:45:24.987180-04:00,2026-08-31T02:30:22.693102+00:00
ibm_kingston,130,131,rzz,gate_error,1.0,,2026-08-30 21:45:25.407477-04:00,2026-08-31T02:30:22.693102+00:00
ibm_kingston,130,131,rzz,gate_length,68.0,ns,2026-08-30 21:45:25.407477-04:00,2026-08-31T02:30:22.693102+00:00
ibm_kingston,131,130,rzz,gate_error,1.0,,2026-08-30 21:45:25.407483-04:00,2026-08-31T02:30:22.693102+00:00
ibm_kingston,131,130,rzz,gate_length,68.0,ns,2026-08-30 21:45:25.407483-04:00,2026-08-31T02:30:22.693102+00:00
