device_name,qubit_index,property_name,value,unit,vendor_measured_at,polled_at
ibm_fez,0,readout_error,0.01220703125,,2026-08-30 19:08:30-04:00,2026-08-31T00:06:47.272370+00:00
ibm_fez,0,init_error,0.011818817104010995,,2026-08-30 17:21:32-04:00,2026-08-31T00:06:47.272370+00:00
ibm_fez,0,prob_meas0_prep1,0.0205078125,,2026-08-30 19:07:14-04:00,2026-08-31T00:06:47.272370+00:00
ibm_fez,0,prob_meas1_prep0,0.00390625,,2026-08-30 19:07:51-04:00,2026-08-31T00:06:47.272370+00:00
ibm_fez,0,readout_length,1660.0,ns,2026-08-30 19:08:30-04:00,2026-08-31T00:06:47.272370+00:00
ibm_fez,1,readout_error,0.01708984375,,2026-08-30 19:08:30-04:00,2026-08-31T00:06:47.272370+00:00
ibm_fez,1,prob_meas0_prep1,0.0185546875,,2026-08-30 19:07:14-04:00,2026-08-31T00:06:47.272370+00:00
ibm_fez,1,prob_meas1_prep0,0.015625,,2026-08-30 19:07:51-04:00,2026-08-31T00:06:47.272370+00:00
ibm_fez,1,readout_length,1660.0,ns,2026-08-30 19:08:30-04:00,2026-08-31T00:06:47.272370+00:00
ibm_fez,2,readout_error,0.010986328125,,2026-08-30 19:08:30-04:00,2026-08-31T00:06:47.272370+00:00
ibm_fez,2,init_error,0.003053107900779441,,2026-08-30 17:21:32-04:00,2026-08-31T00:06:47.272370+00:00
ibm_fez,2,prob_meas0_prep1,0.0087890625,,2026-08-30 19:07:14-04:00,2026-08-31T00:06:47.272370+00:00
ibm_fez,2,prob_meas1_prep0,0.01318359375,,2026-08-30 19:07:52-04:00,2026-08-31T00:06:47.272370+00:00
ibm_fez,2,readout_length,1660.0,ns,2026-08-30 19:08:30-04:00,2026-08-31T00:06:47.272370+00:00
ibm_fez,3,readout_error,0.018798828125,,2026-08-30 19:08:30-04:00,2026-08-31T00:06:47.272370+00:00
ibm_fez,3,prob_meas0_prep1,0.02294921875,,2026-08-30 19:07:15-04:00,2026-08-31T00:06:47.272370+00:00
ibm_fez,3,prob_meas1_prep0,0.0146484375,,2026-08-30 19:07:52-04:00,2026-08-31T00:06:47.272370+00:00
ibm_fez,3,readout_length,1660.0,ns,2026-08-30 19:08:30-04:00,2026-08-31T00:06:47.272370+00:00
ibm_fez,4,readout_error,0.004150390625,,2026-08-30 19:08:31-04:00,2026-08-31T00:06:47.272370+00:00
ibm_fez,4,init_error,0.0011921012335628647,,2026-08-30 17:21:33-04:00,2026-08-31T00:06:47.272370+00:00
ibm_fez,4,prob_meas0_prep1,0.00439453125,,2026-08-30 19:07:15-04:00,2026-08-31T00:06:47.272370+00:00
ibm_fez,4,prob_meas1_prep0,0.00390625,,2026-08-30 19:07:52-04:00,2026-08-31T00:06:47.272370+00:00
ibm_fez,4,readout_length,1660.0,ns,2026-08-30 19:08:31-04:00,2026-08-31T00:06:47.272370+00:00
ibm_fez,5,readout_error,0.008056640625,,2026-08-30 19:08:31-04:00,2026-08-31T00:06:47.272370+00:00
ibm_fez,5,init_error,0.0012425252254480612,,2026-08-30 17:21:33-04:00,2026-08-31T00:06:47.272370+00:00
ibm_fez,5,prob_meas0_prep1,0.01123046875,,2026-08-30 19:07:15-04:00,2026-08-31T00:06:47.272370+00:00
ibm_fez,5,prob_meas1_prep0,0.0048828125,,2026-08-30 19:07:52-04:00,2026-08-31T00:06:47.272370+00:00
ibm_fez,5,readout_length,1660.0,ns,2026-08-30 19:08:31-04:00,2026-08-31T00:06:47.272370+00:00
ibm_fez,6,readout_error,0.008056640625,,2026-08-30 19:08:31-04:00,2026-08-31T00:06:47.272370+00:00
ibm_fez,6,init_error,0.01698721135976077,,2026-08-30 17:21:33-04:00,2026-08-31T00:06:47.272370+00:00
ibm_fez,6,prob_meas0_prep1,0.005859375,,2026-08-30 19:07:15-04:00,2026-08-31T00:06:47.272370+00:00
ibm_fez,6,prob_meas1_prep0,0.01025390625,,2026-08-30 19:07:53-04:00,2026-08-31T00:06:47.272370+00:00
ibm_fez,6,readout_length,1660.0,ns,2026-08-30 19:08:31-04:00,2026-08-31T00:06:47.272370+00:00
ibm_fez,7,readout_error,0.023681640625,,2026-08-30 19:08:31-04:00,2026-08-31T00:06:47.272370+00:00
ibm_fez,7,init_error,0.008793995673649887,,2026-08-30 17:21:33-04:00,2026-08-31T00:06:47.272370+00:00
ibm_fez,7,prob_meas0_prep1,0.0283203125,,2026-08-30 19:07:16-04:00,2026-08-31T00:06:47.272370+00:00
ibm_fez,7,prob_meas1_prep0,0.01904296875,,2026-08-30 19:07:53-04:00,2026-08-31T00:06:47.272370+00:00
ibm_fez,7,readout_length,1660.0,ns,2026-08-30 19:08:31-04:00,2026-08-31T00:06:47.272370+00:00
ibm_fez,8,readout_error,0.013427734375,,2026-08-30 19:08:32-04:00,2026-08-31T00:06:47.272370+00:00
ibm_fez,8,init_error,0.0021581172608850503,,2026-08-30 17:21:33-04:00,2026-08-31T00:06:47.272370+00:00
ibm_fez,8,prob_meas0_prep1,0.0107421875,,2026-08-30 19:07:16-04:00,2026-08-31T00:06:47.272370+00:00
ibm_fez,8,prob_meas1_prep0,0.01611328125,,2026-08-30 19:07:53-04:00,2026-08-31T00:06:47.272370+00:00
ibm_fez,8,readout_length,1660.0,ns,2026-08-30 19:08:32-04:00,2026-08-31T00:06:47.272370+00:00
ibm_fez,9,readout_error,0.007080078125,,2026-08-30 19:08:32-04:00,2026-08-31T00:06:47.272370+00:00
ibm_fez,9,init_error,0.005026402394857602,,2026-08-30 17:21:33-04:00,2026-08-31T00:06:47.272370+00:00
ibm_fez,9,prob_meas0_prep1,0.00634765625,,2026-08-30 19:07:16-04:00,2026-08-31T00:06:47.272370+00:00
ibm_fez,9,prob_meas1_prep0,0.0078125,,2026-08-30 19:07:53-04:00,2026-08-31T00:06:47.272370+00:00
ibm_fez,9,readout_length,1660.0,ns,2026-08-30 19:08:32-04:00,2026-08-31T00:06:47.272370+00:00
ibm_fez,10,readout_error,0.012451171875,,2026-08-30 19:08:32-04:00,2026-08-31T00:06:47.272370+00:00
ibm_fez,10,init_error,0.0066028186890128,,2026-08-30 17:21:33-04:00,2026-08-31T00:06:47.272370+00:00
ibm_fez,10,prob_meas0_prep1,0.00732421875,,2026-08-30 19:07:16-04:00,2026-08-31T00:06:47.272370+00:00
ibm_fez,10,prob_meas1_prep0,0.017578125,,2026-08-30 19:07:54-04:00,2026-08-31T00:06:47.272370+00:00
ibm_fez,10,readout_length,1660.0,ns,2026-08-30 19:08:32-04:00,2026-08-31T00:06:47.272370+00:00
ibm_fez,11,readout_error,0.07958984375,,2026-08-30 19:08:32-04:00,2026-08-31T00:06:47.272370+00:00
ibm_fez,11,prob_meas0_prep1,0.10205078125,,2026-08-30 19:07:16-04:00,2026-08-31T00:06:47.272370+00:00
ibm_fez,11,prob_meas1_prep0,0.05712890625,,2026-08-30 19:07:54-04:00,2026-08-31T00:06:47.272370+00:00
ibm_fez,11,readout_length,1660.0,ns,2026-08-30 19:08:32-04:00,2026-08-31T00:06:47.272370+00:00
ibm_fez,12,readout_error,0.01513671875,,2026-08-30 19:08:33-04:00,2026-08-31T00:06:47.272370+00:00
ibm_fez,12,prob_meas0_prep1,0.0166015625,,2026-08-30 19:07:17-04:00,2026-08-31T00:06:47.272370+00:00
ibm_fez,12,prob_meas1_prep0,0.013671875,,2026-08-30 19:07:54-04:00,2026-08-31T00:06:47.272370+00:00
ibm_fez,12,readout_length,1660.0,ns,2026-08-30 19:08:33-04:00,2026-08-31T00:06:47.272370+00:00
ibm_fez,13,readout_error,0.009521484375,,2026-08-30 19:08:33-04:00,2026-08-31T00:06:47.272370+00:00
ibm_fez,13,init_error,0.004566325563256164,,2026-08-30 14:46:04-04:00,2026-08-31T00:06:47.272370+00:00
ibm_fez,13,prob_meas0_prep1,0.013671875,,2026-08-30 19:07:17-04:00,2026-08-31T00:06:47.272370+00:00
ibm_fez,13,prob_meas1_prep0,0.00537109375,,2026-08-30 19:07:54-04:00,2026-08-31T00:06:47.272370+00:00
ibm_fez,13,readout_length,1660.0,ns,2026-08-30 19:08:33-04:00,2026-08-31T00:06:47.272370+00:00
ibm_fez,14,readout_error,0.005126953125,,2026-08-30 19:08:33-04:00,2026-08-31T00:06:47.272370+00:00
ibm_fez,14,init_error,0.0034106681657366565,,2026-08-30 17:21:33-04:00,2026-08-31T00:06:47.272370+00:00
ibm_fez,14,prob_meas0_prep1,0.0048828125,,2026-08-30 19:07:17-04:00,2026-08-31T00:06:47.272370+00:00
ibm_fez,14,prob_meas1_prep0,0.00537109375,,2026-08-30 19:07:55-04:00,2026-08-31T00:06:47.272370+00:00
ibm_fez,14,readout_length,1660.0,ns,2026-08-30 19:08:33-04:00,2026-08-31T00:06:47.272370+00:00
ibm_fez,15,readout_error,0.030517578125,,2026-08-30 19:08:33-04:00,2026-08-31T00:06:47.272370+00:00
ibm_fez,15,prob_meas0_prep1,0.02197265625,,2026-08-30 19:07:17-04:00,2026-08-31T00:06:47.272370+00:00
ibm_fez,15,prob_meas1_prep0,0.0390625,,2026-08-30 19:07:55-04:00,2026-08-31T00:06:47.272370+00:00
ibm_fez,15,readout_length,1660.0,ns,2026-08-30 19:08:33-04:00,2026-08-31T00:06:47.272370+00:00
ibm_fez,16,readout_error,0.01123046875,,2026-08-30 19:08:34-04:00,2026-08-31T00:06:47.272370+00:00
ibm_fez,16,init_error,0.0060023640777276555,,2026-08-30 17:21:33-04:00,2026-08-31T00:06:47.272370+00:00
ibm_fez,16,prob_meas0_prep1,0.0185546875,,2026-08-30 19:07:18-04:00,2026-08-31T00:06:47.272370+00:00
ibm_fez,16,prob_meas1_prep0,0.00390625,,2026-08-30 19:07:55-04:00,2026-08-31T00:06:47.272370+00:00
ibm_fez,16,readout_length,1660.0,ns,2026-08-30 19:08:34-04:00,2026-08-31T00:06:47.272370+00:00
ibm_fez,17,readout_error,0.006591796875,,2026-08-30 19:08:34-04:00,2026-08-31T00:06:47.272370+00:00
ibm_fez,17,init_error,0.0016183081716970174,,2026-08-30 17:21:33-04:00,2026-08-31T00:06:47.272370+00:00
ibm_fez,17,prob_meas0_prep1,0.01123046875,,2026-08-30 19:07:18-04:00,2026-08-31T00:06:47.272370+00:00
ibm_fez,17,prob_meas1_prep0,0.001953125,,2026-08-30 19:07:55-04:00,2026-08-31T00:06:47.272370+00:00
ibm_fez,17,readout_length,1660.0,ns,2026-08-30 19:08:34-04:00,2026-08-31T00:06:47.272370+00:00
ibm_fez,18,readout_error,0.00390625,,2026-08-30 19:08:34-04:00,2026-08-31T00:06:47.272370+00:00
ibm_fez,18,init_error,0.020257291197338535,,2026-08-30 17:21:33-04:00,2026-08-31T00:06:47.272370+00:00
ibm_fez,18,prob_meas0_prep1,0.0048828125,,2026-08-30 19:07:18-04:00,2026-08-31T00:06:47.272370+00:00
ibm_fez,18,prob_meas1_prep0,0.0029296875,,2026-08-30 19:07:56-04:00,2026-08-31T00:06:47.272370+00:00
ibm_fez,18,readout_length,1660.0,ns,2026-08-30 19:08:34-04:00,2026-08-31T00:06:47.272370+00:00
ibm_fez,19,readout_error,0.01806640625,,2026-08-30 19:08:34-04:00,2026-08-31T00:06:47.272370+00:00
ibm_fez,19,prob_meas0_prep1,0.02001953125,,2026-08-30 19:07:18-04:00,2026-08-31T00:06:47.272370+00:00
ibm_fez,19,prob_meas1_prep0,0.01611328125,,2026-08-30 19:07:56-04:00,2026-08-31T00:06:47.272370+00:00
ibm_fez,19,readout_length,1660.0,ns,2026-08-30 19:08:34-04:00,2026-08-31T00:06:47.272370+00:00
ibm_fez,20,readout_error,0.009521484375,,2026-08-30 19:08:35-04:00,2026-08-31T00:06:47.272370+00:00
ibm_fez,20,init_error,0.004437496010853562,,2026-08-30 17:21:33-04:00,2026-08-31T00:06:47.272370+00:00
ibm_fez,20,prob_meas0_prep1,0.01025390625,,2026-08-30 19:07:19-04:00,2026-08-31T00:06:47.272370+00:00
ibm_fez,20,prob_meas1_prep0,0.0087890625,,2026-08-30 19:07:56-04:00,2026-08-31T00:06:47.272370+00:00
ibm_fez,20,readout_length,1660.0,ns,2026-08-30 19:08:35-04:00,2026-08-31T00:06:47.272370+00:00
ibm_fez,21,readout_error,0.0048828125,,2026-08-30 19:08:35-04:00,2026-08-31T00:06:47.272370+00:00
ibm_fez,21,init_error,0.0016040552621538915,,2026-08-30 17:21:33-04:00,2026-08-31T00:06:47.272370+00:00
ibm_fez,21,prob_meas0_prep1,0.0078125,,2026-08-30 19:07:19-04:00,2026-08-31T00:06:47.272370+00:00
ibm_fez,21,prob_meas1_prep0,0.001953125,,2026-08-30 19:07:56-04:00,2026-08-31T00:06:47.272370+00:00
ibm_fez,21,readout_length,1660.0,ns,2026-08-30 19:08:35-04:00,2026-08-31T00:06:47.272370+00:00
ibm_fez,22,readout_error,0.0078125,,2026-08-30 19:08:35-04:00,2026-08-31T00:06:47.272370+00:00
ibm_fez,22,init_error,0.0012000163678856535,,2026-08-30 17:21:33-04:00,2026-08-31T00:06:47.272370+00:00
ibm_fez,22,prob_meas0_prep1,0.009765625,,2026-08-30 19:07:19-04:00,2026-08-31T00:06:47.272370+00:00
ibm_fez,22,prob_meas1_prep0,0.005859375,,2026-08-30 19:07:57-04:00,2026-08-31T00:06:47.272370+00:00
ibm_fez,22,readout_length,1660.0,ns,2026-08-30 19:08:35-04:00,2026-08-31T00:06:47.272370+00:00
ibm_fez,23,readout_error,0.00732421875,,2026-08-30 19:08:35-04:00,2026-08-31T00:06:47.272370+00:00
ibm_fez,23,init_error,0.0016446114259355768,,2026-08-30 17:21:33-04:00,2026-08-31T00:06:47.272370+00:00
ibm_fez,23,prob_meas0_prep1,0.0068359375,,2026-08-30 19:07:19-04:00,2026-08-31T00:06:47.272370+00:00
ibm_fez,23,prob_meas1_prep0,0.0078125,,2026-08-30 19:07:57-04:00,2026-08-31T00:06:47.272370+00:00
ibm_fez,23,readout_length,1660.0,ns,2026-08-30 19:08:35-04:00,2026-08-31T00:06:47.272370+00:00
ibm_fez,24,readout_error,0.0078125,,2026-08-30 19:08:36-04:00,2026-08-31T00:06:47.272370+00:00
ibm_fez,24,init_error,0.0030050229535617656,,2026-08-30 17:21:33-04:00,2026-08-31T00:06:47.272370+00:00
ibm_fez,24,prob_meas0_prep1,0.0068359375,,2026-08-30 19:07:20-04:00,2026-08-31T00:06:47.272370+00:00
ibm_fez,24,prob_meas1_prep0,0.0087890625,,2026-08-30 19:07:57-04:00,2026-08-31T00:06:47.272370+00:00
ibm_fez,24,readout_length,1660.0,ns,2026-08-30 19:08:36-04:00,2026-08-31T00:06:47.272370+00:00
ibm_fez,25,readout_error,0.005615234375,,2026-08-30 19:08:36-04:00,2026-08-31T00:06:47.272370+00:00
ibm_fez,25,init_error,0.0013515494930657333,,2026-08-30 17:21:33-04:00,2026-08-31T00:06:47.272370+00:00
ibm_fez,25,prob_meas0_prep1,0.0078125,,2026-08-30 19:07:20-04:00,2026-08-31T00:06:47.272370+00:00
ibm_fez,25,prob_meas1_prep0,0.00341796875,,2026-08-30 19:07:57-04:00,2026-08-31T00:06:47.272370+00:00
ibm_fez,25,readout_length,1660.0,ns,2026-08-30 19:08:36-04:00,2026-08-31T00:06:47.272370+00:00
ibm_fez,26,readout_error,0.008544921875,,2026-08-30 19:08:36-04:00,2026-08-31T00:06:47.272370+00:00
ibm_fez,26,init_error,0.00419712533377594,,2026-08-30 17:21:33-04:00,2026-08-31T00:06:47.272370+00:00
ibm_fez,26,prob_meas0_prep1,0.0087890625,,2026-08-30 19:07:20-04:00,2026-08-31T00:06:47.272370+00:00
ibm_fez,26,prob_meas1_prep0,0.00830078125,,2026-08-30 19:07:58-04:00,2026-08-31T00:06:47.272370+00:00
ibm_fez,26,readout_length,1660.0,ns,2026-08-30 19:08:36-04:00,2026-08-31T00:06:47.272370+00:00
ibm_fez,27,readout_error,0.009033203125,,2026-08-30 19:08:36-04:00,2026-08-31T00:06:47.272370+00:00
ibm_fez,27,init_error,0.001472075174869062,,2026-08-30 17:21:33-04:00,2026-08-31T00:06:47.272370+00:00
ibm_fez,27,prob_meas0_prep1,0.01708984375,,2026-08-30 19:07:20-04:00,2026-08-31T00:06:47.272370+00:00
ibm_fez,27,prob_meas1_prep0,0.0009765625,,2026-08-30 19:07:58-04:00,2026-08-31T00:06:47.272370+00:00
ibm_fez,27,readout_length,1660.0,ns,2026-08-30 19:08:36-04:00,2026-08-31T00:06:47.272370+00:00
ibm_fez,28,readout_error,0.007080078125,,2026-08-30 19:08:37-04:00,2026-08-31T00:06:47.272370+00:00
ibm_fez,28,init_error,0.003036530733894204,,2026-08-30 17:21:33-04:00,2026-08-31T00:06:47.272370+00:00
ibm_fez,28,prob_meas0_prep1,0.00634765625,,2026-08-30 19:07:20-04:00,2026-08-31T00:06:47.272370+00:00
ibm_fez,28,prob_meas1_prep0,0.0078125,,2026-08-30 19:07:58-04:00,2026-08-31T00:06:47.272370+00:00
ibm_fez,28,readout_length,1660.0,ns,2026-08-30 19:08:37-04:00,2026-08-31T00:06:47.272370+00:00
ibm_fez,29,readout_error,0.006103515625,,2026-08-30 19:08:37-04:00,2026-08-31T00:06:47.272370+00:00
ibm_fez,29,init_error,0.006597344184794117,,2026-08-30 17:21:33-04:00,2026-08-31T00:06:47.272370+00:00
ibm_fez,29,prob_meas0_prep1,0.0068359375,,2026-08-30 19:07:21-04:00,2026-08-31T00:06:47.272370+00:00
ibm_fez,29,prob_meas1_prep0,0.00537109375,,2026-08-30 19:07:58-04:00,2026-08-31T00:06:47.272370+00:00
ibm_fez,29,readout_length,1660.0,ns,2026-08-30 19:08:37-04:00,2026-08-31T00:06:47.272370+00:00
ibm_fez,30,readout_error,0.01318359375,,2026-08-30 19:08:37-04:00,2026-08-31T00:06:47.272370+00:00
ibm_fez,30,init_error,0.0029738475109490512,,2026-08-30 17:21:33-04:00,2026-08-31T00:06:47.272370+00:00
ibm_fez,30,prob_meas0_prep1,0.0146484375,,2026-08-30 19:07:21-04:00,2026-08-31T00:06:47.272370+00:00
ibm_fez,30,prob_meas1_prep0,0.01171875,,2026-08-30 19:07:59-04:00,2026-08-31T00:06:47.272370+00:00
ibm_fez,30,readout_length,1660.0,ns,2026-08-30 19:08:37-04:00,2026-08-31T00:06:47.272370+00:00
ibm_fez,31,readout_error,0.012451171875,,2026-08-30 19:08:37-04:00,2026-08-31T00:06:47.272370+00:00
ibm_fez,31,init_error,0.019300576855774985,,2026-08-30 14:46:04-04:00,2026-08-31T00:06:47.272370+00:00
ibm_fez,31,prob_meas0_prep1,0.01904296875,,2026-08-30 19:07:21-04:00,2026-08-31T00:06:47.272370+00:00
ibm_fez,31,prob_meas1_prep0,0.005859375,,2026-08-30 19:07:59-04:00,2026-08-31T00:06:47.272370+00:00
ibm_fez,31,readout_length,1660.0,ns,2026-08-30 19:08:37-04:00,2026-08-31T00:06:47.272370+00:00
ibm_fez,32,readout_error,0.031005859375,,2026-08-30 19:08:38-04:00,2026-08-31T00:06:47.272370+00:00
ibm_fez,32,prob_meas0_prep1,0.03076171875,,2026-08-30 19:07:21-04:00,2026-08-31T00:06:47.272370+00:00
ibm_fez,32,prob_meas1_prep0,0.03125,,2026-08-30 19:07:59-04:00,2026-08-31T00:06:47.272370+00:00
ibm_fez,32,readout_length,1660.0,ns,2026-08-30 19:08:38-04:00,2026-08-31T00:06:47.272370+00:00
ibm_fez,33,readout_error,0.017822265625,,2026-08-30 19:08:38-04:00,2026-08-31T00:06:47.272370+00:00
ibm_fez,33,prob_meas0_prep1,0.021484375,,2026-08-30 19:07:22-04:00,2026-08-31T00:06:47.272370+00:00
ibm_fez,33,prob_meas1_prep0,0.01416015625,,2026-08-30 19:07:59-04:00,2026-08-31T00:06:47.272370+00:00
ibm_fez,33,readout_length,1660.0,ns,2026-08-30 19:08:38-04:00,2026-08-31T00:06:47.272370+00:00
ibm_fez,34,readout_error,0.006591796875,,2026-08-30 19:08:38-04:00,2026-08-31T00:06:47.272370+00:00
ibm_fez,34,init_error,0.0033028094301257474,,2026-08-30 17:21:33-04:00,2026-08-31T00:06:47.272370+00:00
ibm_fez,34,prob_meas0_prep1,0.0087890625,,2026-08-30 19:07:22-04:00,2026-08-31T00:06:47.272370+00:00
ibm_fez,34,prob_meas1_prep0,0.00439453125,,2026-08-30 19:08:00-04:00,2026-08-31T00:06:47.272370+00:00
ibm_fez,34,readout_length,1660.0,ns,2026-08-30 19:08:38-04:00,2026-08-31T00:06:47.272370+00:00
ibm_fez,35,readout_error,0.01611328125,,2026-08-30 19:08:38-04:00,2026-08-31T00:06:47.272370+00:00
ibm_fez,35,prob_meas0_prep1,0.02490234375,,2026-08-30 19:07:22-04:00,2026-08-31T00:06:47.272370+00:00
ibm_fez,35,prob_meas1_prep0,0.00732421875,,2026-08-30 19:08:00-04:00,2026-08-31T00:06:47.272370+00:00
ibm_fez,35,readout_length,1660.0,ns,2026-08-30 19:08:38-04:00,2026-08-31T00:06:47.272370+00:00
ibm_fez,36,readout_error,0.008544921875,,2026-08-30 19:08:39-04:00,2026-08-31T00:06:47.272370+00:00
ibm_fez,36,init_error,0.004786284572566108,,2026-08-30 17:21:33-04:00,2026-08-31T00:06:47.272370+00:00
ibm_fez,36,prob_meas0_prep1,0.0068359375,,2026-08-30 19:07:22-04:00,2026-08-31T00:06:47.272370+00:00
ibm_fez,36,prob_meas1_prep0,0.01025390625,,2026-08-30 19:08:00-04:00,2026-08-31T00:06:47.272370+00:00
ibm_fez,36,readout_length,1660.0,ns,2026-08-30 19:08:39-04:00,2026-08-31T00:06:47.272370+00:00
ibm_fez,37,readout_error,0.00732421875,,2026-08-30 19:08:39-04:00,2026-08-31T00:06:47.272370+00:00
ibm_fez,37,init_error,0.005368596828854747,,2026-08-30 17:21:33-04:00,2026-08-31T00:06:47.272370+00:00
ibm_fez,37,prob_meas0_prep1,0.009765625,,2026-08-30 19:07:23-04:00,2026-08-31T00:06:47.272370+00:00
ibm_fez,37,prob_meas1_prep0,0.0048828125,,2026-08-30 19:08:00-04:00,2026-08-31T00:06:47.272370+00:00
ibm_fez,37,readout_length,1660.0,ns,2026-08-30 19:08:39-04:00,2026-08-31T00:06:47.272370+00:00
ibm_fez,38,readout_error,0.008544921875,,2026-08-30 19:08:39-04:00,2026-08-31T00:06:47.272370+00:00
ibm_fez,38,init_error,0.009769196076754113,,2026-08-30 17:21:33-04:00,2026-08-31T00:06:47.272370+00:00
ibm_fez,38,prob_meas0_prep1,0.01171875,,2026-08-30 19:07:23-04:00,2026-08-31T00:06:47.272370+00:00
ibm_fez,38,prob_meas1_prep0,0.00537109375,,2026-08-30 19:08:01-04:00,2026-08-31T00:06:47.272370+00:00
ibm_fez,38,readout_length,1660.0,ns,2026-08-30 19:08:39-04:00,2026-08-31T00:06:47.272370+00:00
ibm_fez,39,readout_error,0.012939453125,,2026-08-30 19:08:39-04:00,2026-08-31T00:06:47.272370+00:00
ibm_fez,39,init_error,0.003995960106632524,,2026-08-30 10:37:35-04:00,2026-08-31T00:06:47.272370+00:00
ibm_fez,39,prob_meas0_prep1,0.0234375,,2026-08-30 19:07:23-04:00,2026-08-31T00:06:47.272370+00:00
ibm_fez,39,prob_meas1_prep0,0.00244140625,,2026-08-30 19:08:01-04:00,2026-08-31T00:06:47.272370+00:00
ibm_fez,39,readout_length,1660.0,ns,2026-08-30 19:08:39-04:00,2026-08-31T00:06:47.272370+00:00
ibm_fez,40,readout_error,0.015869140625,,2026-08-30 19:08:40-04:00,2026-08-31T00:06:47.272370+00:00
ibm_fez,40,prob_meas0_prep1,0.02001953125,,2026-08-30 19:07:23-04:00,2026-08-31T00:06:47.272370+00:00
ibm_fez,40,prob_meas1_prep0,0.01171875,,2026-08-30 19:08:01-04:00,2026-08-31T00:06:47.272370+00:00
ibm_fez,40,readout_length,1660.0,ns,2026-08-30 19:08:40-04:00,2026-08-31T00:06:47.272370+00:00
ibm_fez,41,readout_error,0.078857421875,,2026-08-30 19:08:40-04:00,2026-08-31T00:06:47.272370+00:00
ibm_fez,41,prob_meas0_prep1,0.09375,,2026-08-30 19:07:24-04:00,2026-08-31T00:06:47.272370+00:00
ibm_fez,41,prob_meas1_prep0,0.06396484375,,2026-08-30 19:08:01-04:00,2026-08-31T00:06:47.272370+00:00
ibm_fez,41,readout_length,1660.0,ns,2026-08-30 19:08:40-04:00,2026-08-31T00:06:47.272370+00:00
ibm_fez,42,readout_error,0.00732421875,,2026-08-30 19:08:40-04:00,2026-08-31T00:06:47.272370+00:00
ibm_fez,42,init_error,0.006453208564948117,,2026-08-30 17:21:34-04:00,2026-08-31T00:06:47.272370+00:00
ibm_fez,42,prob_meas0_prep1,0.0126953125,,2026-08-30 19:07:24-04:00,2026-08-31T00:06:47.272370+00:00
ibm_fez,42,prob_meas1_prep0,0.001953125,,2026-08-30 19:08:02-04:00,2026-08-31T00:06:47.272370+00:00
ibm_fez,42,readout_length,1660.0,ns,2026-08-30 19:08:40-04:00,2026-08-31T00:06:47.272370+00:00
ibm_fez,43,readout_error,0.08203125,,2026-08-30 19:08:40-04:00,2026-08-31T00:06:47.272370+00:00
ibm_fez,43,prob_meas0_prep1,0.0849609375,,2026-08-30 19:07:24-04:00,2026-08-31T00:06:47.272370+00:00
ibm_fez,43,prob_meas1_prep0,0.0791015625,,2026-08-30 19:08:02-04:00,2026-08-31T00:06:47.272370+00:00
ibm_fez,43,readout_length,1660.0,ns,2026-08-30 19:08:40-04:00,2026-08-31T00:06:47.272370+00:00
ibm_fez,44,readout_error,0.004638671875,,2026-08-30 19:08:41-04:00,2026-08-31T00:06:47.272370+00:00
ibm_fez,44,init_error,0.0016039108389125452,,2026-08-30 17:21:34-04:00,2026-08-31T00:06:47.272370+00:00
ibm_fez,44,prob_meas0_prep1,0.0068359375,,2026-08-30 19:07:24-04:00,2026-08-31T00:06:47.272370+00:00
ibm_fez,44,prob_meas1_prep0,0.00244140625,,2026-08-30 19:08:02-04:00,2026-08-31T00:06:47.272370+00:00
ibm_fez,44,readout_length,1660.0,ns,2026-08-30 19:08:41-04:00,2026-08-31T00:06:47.272370+00:00
ibm_fez,45,readout_error,0.033203125,,2026-08-30 19:08:41-04:00,2026-08-31T00:06:47.272370+00:00
ibm_fez,45,prob_meas0_prep1,0.03271484375,,2026-08-30 19:07:24-04:00,2026-08-31T00:06:47.272370+00:00
ibm_fez,45,prob_meas1_prep0,0.03369140625,,2026-08-30 19:08:02-04:00,2026-08-31T00:06:47.272370+00:00
ibm_fez,45,readout_length,1660.0,ns,2026-08-30 19:08:41-04:00,2026-08-31T00:06:47.272370+00:00
ibm_fez,46,readout_error,0.014404296875,,2026-08-30 19:08:41-04:00,2026-08-31T00:06:47.272370+00:00
ibm_fez,46,init_error,0.0033869511409585734,,2026-08-30 14:46:04-04:00,2026-08-31T00:06:47.272370+00:00
ibm_fez,46,prob_meas0_prep1,0.01171875,,2026-08-30 19:07:25-04:00,2026-08-31T00:06:47.272370+00:00
ibm_fez,46,prob_meas1_prep0,0.01708984375,,2026-08-30 19:08:03-04:00,2026-08-31T00:06:47.272370+00:00
ibm_fez,46,readout_length,1660.0,ns,2026-08-30 19:08:41-04:00,2026-08-31T00:06:47.272370+00:00
ibm_fez,47,readout_error,0.019287109375,,2026-08-30 19:08:41-04:00,2026-08-31T00:06:47.272370+00:00
ibm_fez,47,prob_meas0_prep1,0.02294921875,,2026-08-30 19:07:25-04:00,2026-08-31T00:06:47.272370+00:00
ibm_fez,47,prob_meas1_prep0,0.015625,,2026-08-30 19:08:03-04:00,2026-08-31T00:06:47.272370+00:00
ibm_fez,47,readout_length,1660.0,ns,2026-08-30 19:08:41-04:00,2026-08-31T00:06:47.272370+00:00
ibm_fez,48,readout_error,0.005615234375,,2026-08-30 19:08:42-04:00,2026-08-31T00:06:47.272370+00:00
ibm_fez,48,init_error,0.0012673871371237282,,2026-08-30 17:21:34-04:00,2026-08-31T00:06:47.272370+00:00
ibm_fez,48,prob_meas0_prep1,0.00537109375,,2026-08-30 19:07:25-04:00,2026-08-31T00:06:47.272370+00:00
ibm_fez,48,prob_meas1_prep0,0.005859375,,2026-08-30 19:08:03-04:00,2026-08-31T00:06:47.272370+00:00
ibm_fez,48,readout_length,1660.0,ns,2026-08-30 19:08:42-04:00,2026-08-31T00:06:47.272370+00:00
ibm_fez,49,readout_error,0.020263671875,,2026-08-30 19:08:42-04:00,2026-08-31T00:06:47.272370+00:00
ibm_fez,49,init_error,0.009883174250579137,,2026-08-30 10:37:35-04:00,2026-08-31T00:06:47.272370+00:00
ibm_fez,49,prob_meas0_prep1,0.017578125,,2026-08-30 19:07:25-04:00,2026-08-31T00:06:47.272370+00:00
ibm_fez,49,prob_meas1_prep0,0.02294921875,,2026-08-30 19:08:03-04:00,2026-08-31T00:06:47.272370+00:00
ibm_fez,49,readout_length,1660.0,ns,2026-08-30 19:08:42-04:00,2026-08-31T00:06:47.272370+00:00
ibm_fez,50,readout_error,0.00732421875,,2026-08-30 19:08:42-04:00,2026-08-31T00:06:47.272370+00:00
ibm_fez,50,init_error,0.003799980557348224,,2026-08-30 17:21:34-04:00,2026-08-31T00:06:47.272370+00:00
ibm_fez,50,prob_meas0_prep1,0.00537109375,,2026-08-30 19:07:26-04:00,2026-08-31T00:06:47.272370+00:00
ibm_fez,50,prob_meas1_prep0,0.00927734375,,2026-08-30 19:08:04-04:00,2026-08-31T00:06:47.272370+00:00
ibm_fez,50,readout_length,1660.0,ns,2026-08-30 19:08:42-04:00,2026-08-31T00:06:47.272370+00:00
ibm_fez,51,readout_error,0.029296875,,2026-08-30 19:08:42-04:00,2026-08-31T00:06:47.272370+00:00
ibm_fez,51,prob_meas0_prep1,0.033203125,,2026-08-30 19:07:26-04:00,2026-08-31T00:06:47.272370+00:00
ibm_fez,51,prob_meas1_prep0,0.025390625,,2026-08-30 19:08:04-04:00,2026-08-31T00:06:47.272370+00:00
ibm_fez,51,readout_length,1660.0,ns,2026-08-30 19:08:42-04:00,2026-08-31T00:06:47.272370+00:00
ibm_fez,52,readout_error,0.010986328125,,2026-08-30 19:08:43-04:00,2026-08-31T00:06:47.272370+00:00
ibm_fez,52,init_error,0.003603640168159559,,2026-08-30 17:21:34-04:00,2026-08-31T00:06:47.272370+00:00
ibm_fez,52,prob_meas0_prep1,0.0146484375,,2026-08-30 19:07:26-04:00,2026-08-31T00:06:47.272370+00:00
ibm_fez,52,prob_meas1_prep0,0.00732421875,,2026-08-30 19:08:04-04:00,2026-08-31T00:06:47.272370+00:00
ibm_fez,52,readout_length,1660.0,ns,2026-08-30 19:08:43-04:00,2026-08-31T00:06:47.272370+00:00
ibm_fez,53,readout_error,0.044921875,,2026-08-30 19:08:43-04:00,2026-08-31T00:06:47.272370+00:00
ibm_fez,53,prob_meas0_prep1,0.0546875,,2026-08-30 19:07:26-04:00,2026-08-31T00:06:47.272370+00:00
ibm_fez,53,prob_meas1_prep0,0.03515625,,2026-08-30 19:08:04-04:00,2026-08-31T00:06:47.272370+00:00
ibm_fez,53,readout_length,1660.0,ns,2026-08-30 19:08:43-04:00,2026-08-31T00:06:47.272370+00:00
ibm_fez,54,readout_error,0.00830078125,,2026-08-30 19:08:43-04:00,2026-08-31T00:06:47.272370+00:00
ibm_fez,54,init_error,0.005039570986215338,,2026-08-30 17:21:34-04:00,2026-08-31T00:06:47.272370+00:00
ibm_fez,54,prob_meas0_prep1,0.0087890625,,2026-08-30 19:07:27-04:00,2026-08-31T00:06:47.272370+00:00
ibm_fez,54,prob_meas1_prep0,0.0078125,,2026-08-30 19:08:05-04:00,2026-08-31T00:06:47.272370+00:00
ibm_fez,54,readout_length,1660.0,ns,2026-08-30 19:08:43-04:00,2026-08-31T00:06:47.272370+00:00
ibm_fez,55,readout_error,0.040771484375,,2026-08-30 19:08:43-04:00,2026-08-31T00:06:47.272370+00:00
ibm_fez,55,prob_meas0_prep1,0.04052734375,,2026-08-30 19:07:27-04:00,2026-08-31T00:06:47.272370+00:00
ibm_fez,55,prob_meas1_prep0,0.041015625,,2026-08-30 19:08:05-04:00,2026-08-31T00:06:47.272370+00:00
ibm_fez,55,readout_length,1660.0,ns,2026-08-30 19:08:43-04:00,2026-08-31T00:06:47.272370+00:00
ibm_fez,56,readout_error,0.01318359375,,2026-08-30 19:08:44-04:00,2026-08-31T00:06:47.272370+00:00
ibm_fez,56,init_error,0.003492166180863319,,2026-08-30 17:21:34-04:00,2026-08-31T00:06:47.272370+00:00
ibm_fez,56,prob_meas0_prep1,0.0166015625,,2026-08-30 19:07:27-04:00,2026-08-31T00:06:47.272370+00:00
ibm_fez,56,prob_meas1_prep0,0.009765625,,2026-08-30 19:08:05-04:00,2026-08-31T00:06:47.272370+00:00
ibm_fez,56,readout_length,1660.0,ns,2026-08-30 19:08:44-04:00,2026-08-31T00:06:47.272370+00:00
ibm_fez,57,readout_error,0.0224609375,,2026-08-30 19:08:44-04:00,2026-08-31T00:06:47.272370+00:00
ibm_fez,57,init_error,0.008281075232827754,,2026-08-30 17:21:34-04:00,2026-08-31T00:06:47.272370+00:00
ibm_fez,57,prob_meas0_prep1,0.03125,,2026-08-30 19:07:27-04:00,2026-08-31T00:06:47.272370+00:00
ibm_fez,57,prob_meas1_prep0,0.013671875,,2026-08-30 19:08:05-04:00,2026-08-31T00:06:47.272370+00:00
ibm_fez,57,readout_length,1660.0,ns,2026-08-30 19:08:44-04:00,2026-08-31T00:06:47.272370+00:00
ibm_fez,58,readout_error,0.009521484375,,2026-08-30 19:08:44-04:00,2026-08-31T00:06:47.272370+00:00
ibm_fez,58,init_error,0.002800048674915735,,2026-08-30 17:21:34-04:00,2026-08-31T00:06:47.272370+00:00
ibm_fez,58,prob_meas0_prep1,0.01611328125,,2026-08-30 19:07:28-04:00,2026-08-31T00:06:47.272370+00:00
ibm_fez,58,prob_meas1_prep0,0.0029296875,,2026-08-30 19:08:05-04:00,2026-08-31T00:06:47.272370+00:00
ibm_fez,58,readout_length,1660.0,ns,2026-08-30 19:08:44-04:00,2026-08-31T00:06:47.272370+00:00
ibm_fez,59,readout_error,0.007568359375,,2026-08-30 19:08:44-04:00,2026-08-31T00:06:47.272370+00:00
ibm_fez,59,init_error,0.0033980075371243144,,2026-08-30 17:21:34-04:00,2026-08-31T00:06:47.272370+00:00
ibm_fez,59,prob_meas0_prep1,0.0068359375,,2026-08-30 19:07:28-04:00,2026-08-31T00:06:47.272370+00:00
ibm_fez,59,prob_meas1_prep0,0.00830078125,,2026-08-30 19:08:06-04:00,2026-08-31T00:06:47.272370+00:00
ibm_fez,59,readout_length,1660.0,ns,2026-08-30 19:08:44-04:00,2026-08-31T00:06:47.272370+00:00
ibm_fez,60,readout_error,0.039794921875,,2026-08-30 19:08:45-04:00,2026-08-31T00:06:47.272370+00:00
ibm_fez,60,prob_meas0_prep1,0.0478515625,,2026-08-30 19:07:28-04:00,2026-08-31T00:06:47.272370+00:00
ibm_fez,60,prob_meas1_prep0,0.03173828125,,2026-08-30 19:08:06-04:00,2026-08-31T00:06:47.272370+00:00
ibm_fez,60,readout_length,1660.0,ns,2026-08-30 19:08:45-04:00,2026-08-31T00:06:47.272370+00:00
ibm_fez,61,readout_error,0.06201171875,,2026-08-30 19:08:45-04:00,2026-08-31T00:06:47.272370+00:00
ibm_fez,61,prob_meas0_prep1,0.06494140625,,2026-08-30 19:07:28-04:00,2026-08-31T00:06:47.272370+00:00
ibm_fez,61,prob_meas1_prep0,0.05908203125,,2026-08-30 19:08:06-04:00,2026-08-31T00:06:47.272370+00:00
ibm_fez,61,readout_length,1660.0,ns,2026-08-30 19:08:45-04:00,2026-08-31T00:06:47.272370+00:00
ibm_fez,62,readout_error,0.0244140625,,2026-08-30 19:08:45-04:00,2026-08-31T00:06:47.272370+00:00
ibm_fez,62,prob_meas0_prep1,0.02978515625,,2026-08-30 19:07:29-04:00,2026-08-31T00:06:47.272370+00:00
ibm_fez,62,prob_meas1_prep0,0.01904296875,,2026-08-30 19:08:06-04:00,2026-08-31T00:06:47.272370+00:00
ibm_fez,62,readout_length,1660.0,ns,2026-08-30 19:08:45-04:00,2026-08-31T00:06:47.272370+00:00
ibm_fez,63,readout_error,0.043212890625,,2026-08-30 19:08:45-04:00,2026-08-31T00:06:47.272370+00:00
ibm_fez,63,prob_meas0_prep1,0.0390625,,2026-08-30 19:07:29-04:00,2026-08-31T00:06:47.272370+00:00
ibm_fez,63,prob_meas1_prep0,0.04736328125,,2026-08-30 19:08:07-04:00,2026-08-31T00:06:47.272370+00:00
ibm_fez,63,readout_length,1660.0,ns,2026-08-30 19:08:45-04:00,2026-08-31T00:06:47.272370+00:00
ibm_fez,64,readout_error,0.0068359375,,2026-08-30 19:08:46-04:00,2026-08-31T00:06:47.272370+00:00
ibm_fez,64,init_error,0.0032270452492832837,,2026-08-30 17:21:34-04:00,2026-08-31T00:06:47.272370+00:00
ibm_fez,64,prob_meas0_prep1,0.01025390625,,2026-08-30 19:07:29-04:00,2026-08-31T00:06:47.272370+00:00
ibm_fez,64,prob_meas1_prep0,0.00341796875,,2026-08-30 19:08:07-04:00,2026-08-31T00:06:47.272370+00:00
ibm_fez,64,readout_length,1660.0,ns,2026-08-30 19:08:46-04:00,2026-08-31T00:06:47.272370+00:00
ibm_fez,65,readout_error,0.053955078125,,2026-08-30 19:08:46-04:00,2026-08-31T00:06:47.272370+00:00
ibm_fez,65,prob_meas0_prep1,0.06103515625,,2026-08-30 19:07:29-04:00,2026-08-31T00:06:47.272370+00:00
ibm_fez,65,prob_meas1_prep0,0.046875,,2026-08-30 19:08:07-04:00,2026-08-31T00:06:47.272370+00:00
ibm_fez,65,readout_length,1660.0,ns,2026-08-30 19:08:46-04:00,2026-08-31T00:06:47.272370+00:00
ibm_fez,66,readout_error,0.01123046875,,2026-08-30 19:08:46-04:00,2026-08-31T00:06:47.272370+00:00
ibm_fez,66,init_error,0.0045441544682245025,,2026-08-30 17:21:34-04:00,2026-08-31T00:06:47.272370+00:00
ibm_fez,66,prob_meas0_prep1,0.01416015625,,2026-08-30 19:07:30-04:00,2026-08-31T00:06:47.272370+00:00
ibm_fez,66,prob_meas1_prep0,0.00830078125,,2026-08-30 19:08:07-04:00,2026-08-31T00:06:47.272370+00:00
ibm_fez,66,readout_length,1660.0,ns,2026-08-30 19:08:46-04:00,2026-08-31T00:06:47.272370+00:00
ibm_fez,67,readout_error,0.057373046875,,2026-08-30 19:08:46-04:00,2026-08-31T00:06:47.272370+00:00
ibm_fez,67,prob_meas0_prep1,0.05029296875,,2026-08-30 19:07:30-04:00,2026-08-31T00:06:47.272370+00:00
ibm_fez,67,prob_meas1_prep0,0.064453125,,2026-08-30 19:08:08-04:00,2026-08-31T00:06:47.272370+00:00
ibm_fez,67,readout_length,1660.0,ns,2026-08-30 19:08:46-04:00,2026-08-31T00:06:47.272370+00:00
ibm_fez,68,readout_error,0.007568359375,,2026-08-30 19:08:47-04:00,2026-08-31T00:06:47.272370+00:00
ibm_fez,68,init_error,0.0019837204343444988,,2026-08-30 17:21:34-04:00,2026-08-31T00:06:47.272370+00:00
ibm_fez,68,prob_meas0_prep1,0.009765625,,2026-08-30 19:07:30-04:00,2026-08-31T00:06:47.272370+00:00
ibm_fez,68,prob_meas1_prep0,0.00537109375,,2026-08-30 19:08:08-04:00,2026-08-31T00:06:47.272370+00:00
ibm_fez,68,readout_length,1660.0,ns,2026-08-30 19:08:47-04:00,2026-08-31T00:06:47.272370+00:00
ibm_fez,69,readout_error,0.0048828125,,2026-08-30 19:08:47-04:00,2026-08-31T00:06:47.272370+00:00
ibm_fez,69,init_error,0.005607181771562453,,2026-08-30 17:21:34-04:00,2026-08-31T00:06:47.272370+00:00
ibm_fez,69,prob_meas0_prep1,0.0078125,,2026-08-30 19:07:30-04:00,2026-08-31T00:06:47.272370+00:00
ibm_fez,69,prob_meas1_prep0,0.001953125,,2026-08-30 19:08:08-04:00,2026-08-31T00:06:47.272370+00:00
ibm_fez,69,readout_length,1660.0,ns,2026-08-30 19:08:47-04:00,2026-08-31T00:06:47.272370+00:00
ibm_fez,70,readout_error,0.004150390625,,2026-08-30 19:08:47-04:00,2026-08-31T00:06:47.272370+00:00
ibm_fez,70,init_error,0.0020930044180547795,,2026-08-30 17:21:34-04:00,2026-08-31T00:06:47.272370+00:00
ibm_fez,70,prob_meas0_prep1,0.00732421875,,2026-08-30 19:07:31-04:00,2026-08-31T00:06:47.272370+00:00
ibm_fez,70,prob_meas1_prep0,0.0009765625,,2026-08-30 19:08:08-04:00,2026-08-31T00:06:47.272370+00:00
ibm_fez,70,readout_length,1660.0,ns,2026-08-30 19:08:47-04:00,2026-08-31T00:06:47.272370+00:00
ibm_fez,71,readout_error,0.008544921875,,2026-08-30 19:08:47-04:00,2026-08-31T00:06:47.272370+00:00
ibm_fez,71,init_error,0.0027939976032452974,,2026-08-30 17:21:34-04:00,2026-08-31T00:06:47.272370+00:00
ibm_fez,71,prob_meas0_prep1,0.01025390625,,2026-08-30 19:07:31-04:00,2026-08-31T00:06:47.272370+00:00
ibm_fez,71,prob_meas1_prep0,0.0068359375,,2026-08-30 19:08:09-04:00,2026-08-31T00:06:47.272370+00:00
ibm_fez,71,readout_length,1660.0,ns,2026-08-30 19:08:47-04:00,2026-08-31T00:06:47.272370+00:00
ibm_fez,72,readout_error,0.3818359375,,2026-08-30 19:08:48-04:00,2026-08-31T00:06:47.272370+00:00
ibm_fez,72,prob_meas0_prep1,0.6279296875,,2026-08-30 19:07:31-04:00,2026-08-31T00:06:47.272370+00:00
ibm_fez,72,prob_meas1_prep0,0.1357421875,,2026-08-30 19:08:09-04:00,2026-08-31T00:06:47.272370+00:00
ibm_fez,72,readout_length,1660.0,ns,2026-08-30 19:08:48-04:00,2026-08-31T00:06:47.272370+00:00
ibm_fez,73,readout_error,0.009033203125,,2026-08-30 19:08:48-04:00,2026-08-31T00:06:47.272370+00:00
ibm_fez,73,prob_meas0_prep1,0.0087890625,,2026-08-30 19:07:31-04:00,2026-08-31T00:06:47.272370+00:00
ibm_fez,73,prob_meas1_prep0,0.00927734375,,2026-08-30 19:08:09-04:00,2026-08-31T00:06:47.272370+00:00
ibm_fez,73,readout_length,1660.0,ns,2026-08-30 19:08:48-04:00,2026-08-31T00:06:47.272370+00:00
ibm_fez,74,readout_error,0.0107421875,,2026-08-30 19:08:48-04:00,2026-08-31T00:06:47.272370+00:00
ibm_fez,74,init_error,0.0028983186720075724,,2026-08-30 17:21:34-04:00,2026-08-31T00:06:47.272370+00:00
ibm_fez,74,prob_meas0_prep1,0.01708984375,,2026-08-30 19:07:32-04:00,2026-08-31T00:06:47.272370+00:00
ibm_fez,74,prob_meas1_prep0,0.00439453125,,2026-08-30 19:08:09-04:00,2026-08-31T00:06:47.272370+00:00
ibm_fez,74,readout_length,1660.0,ns,2026-08-30 19:08:48-04:00,2026-08-31T00:06:47.272370+00:00
ibm_fez,75,readout_error,0.006591796875,,2026-08-30 19:08:48-04:00,2026-08-31T00:06:47.272370+00:00
ibm_fez,75,init_error,0.0019436449696481417,,2026-08-30 17:21:34-04:00,2026-08-31T00:06:47.272370+00:00
ibm_fez,75,prob_meas0_prep1,0.009765625,,2026-08-30 19:07:32-04:00,2026-08-31T00:06:47.272370+00:00
ibm_fez,75,prob_meas1_prep0,0.00341796875,,2026-08-30 19:08:10-04:00,2026-08-31T00:06:47.272370+00:00
ibm_fez,75,readout_length,1660.0,ns,2026-08-30 19:08:48-04:00,2026-08-31T00:06:47.272370+00:00
ibm_fez,76,readout_error,0.02783203125,,2026-08-30 19:08:49-04:00,2026-08-31T00:06:47.272370+00:00
ibm_fez,76,prob_meas0_prep1,0.02880859375,,2026-08-30 19:07:32-04:00,2026-08-31T00:06:47.272370+00:00
ibm_fez,76,prob_meas1_prep0,0.02685546875,,2026-08-30 19:08:10-04:00,2026-08-31T00:06:47.272370+00:00
ibm_fez,76,readout_length,1660.0,ns,2026-08-30 19:08:49-04:00,2026-08-31T00:06:47.272370+00:00
ibm_fez,77,readout_error,0.0166015625,,2026-08-30 19:08:49-04:00,2026-08-31T00:06:47.272370+00:00
ibm_fez,77,init_error,0.003540429885907913,,2026-08-30 17:21:35-04:00,2026-08-31T00:06:47.272370+00:00
ibm_fez,77,prob_meas0_prep1,0.01123046875,,2026-08-30 19:07:32-04:00,2026-08-31T00:06:47.272370+00:00
ibm_fez,77,prob_meas1_prep0,0.02197265625,,2026-08-30 19:08:10-04:00,2026-08-31T00:06:47.272370+00:00
ibm_fez,77,readout_length,1660.0,ns,2026-08-30 19:08:49-04:00,2026-08-31T00:06:47.272370+00:00
ibm_fez,78,readout_error,0.01171875,,2026-08-30 19:08:49-04:00,2026-08-31T00:06:47.272370+00:00
ibm_fez,78,prob_meas0_prep1,0.0185546875,,2026-08-30 19:07:32-04:00,2026-08-31T00:06:47.272370+00:00
ibm_fez,78,prob_meas1_prep0,0.0048828125,,2026-08-30 19:08:10-04:00,2026-08-31T00:06:47.272370+00:00
ibm_fez,78,readout_length,1660.0,ns,2026-08-30 19:08:49-04:00,2026-08-31T00:06:47.272370+00:00
ibm_fez,79,readout_error,0.009033203125,,2026-08-30 19:08:49-04:00,2026-08-31T00:06:47.272370+00:00
ibm_fez,79,init_error,0.003675851579208166,,2026-08-30 17:21:35-04:00,2026-08-31T00:06:47.272370+00:00
ibm_fez,79,prob_meas0_prep1,0.0078125,,2026-08-30 19:07:33-04:00,2026-08-31T00:06:47.272370+00:00
ibm_fez,79,prob_meas1_prep0,0.01025390625,,2026-08-30 19:08:11-04:00,2026-08-31T00:06:47.272370+00:00
ibm_fez,79,readout_length,1660.0,ns,2026-08-30 19:08:49-04:00,2026-08-31T00:06:47.272370+00:00
ibm_fez,80,readout_error,0.00634765625,,2026-08-30 19:08:50-04:00,2026-08-31T00:06:47.272370+00:00
ibm_fez,80,init_error,0.005963864239767911,,2026-08-30 17:21:35-04:00,2026-08-31T00:06:47.272370+00:00
ibm_fez,80,prob_meas0_prep1,0.009765625,,2026-08-30 19:07:33-04:00,2026-08-31T00:06:47.272370+00:00
ibm_fez,80,prob_meas1_prep0,0.0029296875,,2026-08-30 19:08:11-04:00,2026-08-31T00:06:47.272370+00:00
ibm_fez,80,readout_length,1660.0,ns,2026-08-30 19:08:50-04:00,2026-08-31T00:06:47.272370+00:00
ibm_fez,81,readout_error,0.027099609375,,2026-08-30 19:08:50-04:00,2026-08-31T00:06:47.272370+00:00
ibm_fez,81,prob_meas0_prep1,0.029296875,,2026-08-30 19:07:33-04:00,2026-08-31T00:06:47.272370+00:00
ibm_fez,81,prob_meas1_prep0,0.02490234375,,2026-08-30 19:08:11-04:00,2026-08-31T00:06:47.272370+00:00
ibm_fez,81,readout_length,1660.0,ns,2026-08-30 19:08:50-04:00,2026-08-31T00:06:47.272370+00:00
ibm_fez,82,readout_error,0.0107421875,,2026-08-30 19:08:50-04:00,2026-08-31T00:06:47.272370+00:00
ibm_fez,82,init_error,0.005702152450494766,,2026-08-30 17:21:35-04:00,2026-08-31T00:06:47.272370+00:00
ibm_fez,82,prob_meas0_prep1,0.01513671875,,2026-08-30 19:07:33-04:00,2026-08-31T00:06:47.272370+00:00
ibm_fez,82,prob_meas1_prep0,0.00634765625,,2026-08-30 19:08:11-04:00,2026-08-31T00:06:47.272370+00:00
ibm_fez,82,readout_length,1660.0,ns,2026-08-30 19:08:50-04:00,2026-08-31T00:06:47.272370+00:00
ibm_fez,83,readout_error,0.1328125,,2026-08-30 19:08:50-04:00,2026-08-31T00:06:47.272370+00:00
ibm_fez,83,prob_meas0_prep1,0.13671875,,2026-08-30 19:07:34-04:00,2026-08-31T00:06:47.272370+00:00
ibm_fez,83,prob_meas1_prep0,0.12890625,,2026-08-30 19:08:12-04:00,2026-08-31T00:06:47.272370+00:00
ibm_fez,83,readout_length,1660.0,ns,2026-08-30 19:08:50-04:00,2026-08-31T00:06:47.272370+00:00
ibm_fez,84,readout_error,0.006591796875,,2026-08-30 19:08:51-04:00,2026-08-31T00:06:47.272370+00:00
ibm_fez,84,init_error,0.0011562169351018903,,2026-08-30 17:21:35-04:00,2026-08-31T00:06:47.272370+00:00
ibm_fez,84,prob_meas0_prep1,0.009765625,,2026-08-30 19:07:34-04:00,2026-08-31T00:06:47.272370+00:00
ibm_fez,84,prob_meas1_prep0,0.00341796875,,2026-08-30 19:08:12-04:00,2026-08-31T00:06:47.272370+00:00
ibm_fez,84,readout_length,1660.0,ns,2026-08-30 19:08:51-04:00,2026-08-31T00:06:47.272370+00:00
ibm_fez,85,readout_error,0.006103515625,,2026-08-30 19:08:51-04:00,2026-08-31T00:06:47.272370+00:00
ibm_fez,85,init_error,0.0036044536847050176,,2026-08-30 17:21:35-04:00,2026-08-31T00:06:47.272370+00:00
ibm_fez,85,prob_meas0_prep1,0.0078125,,2026-08-30 19:07:34-04:00,2026-08-31T00:06:47.272370+00:00
ibm_fez,85,prob_meas1_prep0,0.00439453125,,2026-08-30 19:08:12-04:00,2026-08-31T00:06:47.272370+00:00
ibm_fez,85,readout_length,1660.0,ns,2026-08-30 19:08:51-04:00,2026-08-31T00:06:47.272370+00:00
ibm_fez,86,readout_error,0.00537109375,,2026-08-30 19:08:51-04:00,2026-08-31T00:06:47.272370+00:00
ibm_fez,86,init_error,0.008397801736450406,,2026-08-30 17:21:35-04:00,2026-08-31T00:06:47.272370+00:00
ibm_fez,86,prob_meas0_prep1,0.0078125,,2026-08-30 19:07:34-04:00,2026-08-31T00:06:47.272370+00:00
ibm_fez,86,prob_meas1_prep0,0.0029296875,,2026-08-30 19:08:12-04:00,2026-08-31T00:06:47.272370+00:00
ibm_fez,86,readout_length,1660.0,ns,2026-08-30 19:08:51-04:00,2026-08-31T00:06:47.272370+00:00
ibm_fez,87,readout_error,0.034423828125,,2026-08-30 19:08:51-04:00,2026-08-31T00:06:47.272370+00:00
ibm_fez,87,prob_meas0_prep1,0.03759765625,,2026-08-30 19:07:35-04:00,2026-08-31T00:06:47.272370+00:00
ibm_fez,87,prob_meas1_prep0,0.03125,,2026-08-30 19:08:13-04:00,2026-08-31T00:06:47.272370+00:00
ibm_fez,87,readout_length,1660.0,ns,2026-08-30 19:08:51-04:00,2026-08-31T00:06:47.272370+00:00
ibm_fez,88,readout_error,0.005615234375,,2026-08-30 19:08:52-04:00,2026-08-31T00:06:47.272370+00:00
ibm_fez,88,init_error,0.0003851973697879739,,2026-08-30 17:21:35-04:00,2026-08-31T00:06:47.272370+00:00
ibm_fez,88,prob_meas0_prep1,0.00732421875,,2026-08-30 19:07:35-04:00,2026-08-31T00:06:47.272370+00:00
ibm_fez,88,prob_meas1_prep0,0.00390625,,2026-08-30 19:08:13-04:00,2026-08-31T00:06:47.272370+00:00
ibm_fez,88,readout_length,1660.0,ns,2026-08-30 19:08:52-04:00,2026-08-31T00:06:47.272370+00:00
ibm_fez,89,readout_error,0.010986328125,,2026-08-30 19:08:52-04:00,2026-08-31T00:06:47.272370+00:00
ibm_fez,89,init_error,0.007754028452203621,,2026-08-30 17:21:35-04:00,2026-08-31T00:06:47.272370+00:00
ibm_fez,89,prob_meas0_prep1,0.0087890625,,2026-08-30 19:07:35-04:00,2026-08-31T00:06:47.272370+00:00
ibm_fez,89,prob_meas1_prep0,0.01318359375,,2026-08-30 19:08:13-04:00,2026-08-31T00:06:47.272370+00:00
ibm_fez,89,readout_length,1660.0,ns,2026-08-30 19:08:52-04:00,2026-08-31T00:06:47.272370+00:00
ibm_fez,90,readout_error,0.00634765625,,2026-08-30 19:08:52-04:00,2026-08-31T00:06:47.272370+00:00
ibm_fez,90,init_error,0.004653115929312156,,2026-08-30 17:21:35-04:00,2026-08-31T00:06:47.272370+00:00
ibm_fez,90,prob_meas0_prep1,0.00830078125,,2026-08-30 19:07:35-04:00,2026-08-31T00:06:47.272370+00:00
ibm_fez,90,prob_meas1_prep0,0.00439453125,,2026-08-30 19:08:13-04:00,2026-08-31T00:06:47.272370+00:00
ibm_fez,90,readout_length,1660.0,ns,2026-08-30 19:08:52-04:00,2026-08-31T00:06:47.272370+00:00
ibm_fez,91,readout_error,0.0166015625,,2026-08-30 19:08:52-04:00,2026-08-31T00:06:47.272370+00:00
ibm_fez,91,prob_meas0_prep1,0.01953125,,2026-08-30 19:07:36-04:00,2026-08-31T00:06:47.272370+00:00
ibm_fez,91,prob_meas1_prep0,0.013671875,,2026-08-30 19:08:14-04:00,2026-08-31T00:06:47.272370+00:00
ibm_fez,91,readout_length,1660.0,ns,2026-08-30 19:08:52-04:00,2026-08-31T00:06:47.272370+00:00
ibm_fez,92,readout_error,0.033447265625,,2026-08-30 19:08:53-04:00,2026-08-31T00:06:47.272370+00:00
ibm_fez,92,prob_meas0_prep1,0.0302734375,,2026-08-30 19:07:36-04:00,2026-08-31T00:06:47.272370+00:00
ibm_fez,92,prob_meas1_prep0,0.03662109375,,2026-08-30 19:08:14-04:00,2026-08-31T00:06:47.272370+00:00
ibm_fez,92,readout_length,1660.0,ns,2026-08-30 19:08:53-04:00,2026-08-31T00:06:47.272370+00:00
ibm_fez,93,readout_error,0.01513671875,,2026-08-30 19:08:53-04:00,2026-08-31T00:06:47.272370+00:00
ibm_fez,93,prob_meas0_prep1,0.01904296875,,2026-08-30 19:07:36-04:00,2026-08-31T00:06:47.272370+00:00
ibm_fez,93,prob_meas1_prep0,0.01123046875,,2026-08-30 19:08:14-04:00,2026-08-31T00:06:47.272370+00:00
ibm_fez,93,readout_length,1660.0,ns,2026-08-30 19:08:53-04:00,2026-08-31T00:06:47.272370+00:00
ibm_fez,94,readout_error,0.009033203125,,2026-08-30 19:08:53-04:00,2026-08-31T00:06:47.272370+00:00
ibm_fez,94,init_error,0.010667315354939401,,2026-08-30 17:21:35-04:00,2026-08-31T00:06:47.272370+00:00
ibm_fez,94,prob_meas0_prep1,0.013671875,,2026-08-30 19:07:36-04:00,2026-08-31T00:06:47.272370+00:00
ibm_fez,94,prob_meas1_prep0,0.00439453125,,2026-08-30 19:08:14-04:00,2026-08-31T00:06:47.272370+00:00
ibm_fez,94,readout_length,1660.0,ns,2026-08-30 19:08:53-04:00,2026-08-31T00:06:47.272370+00:00
ibm_fez,95,readout_error,0.005859375,,2026-08-30 19:08:53-04:00,2026-08-31T00:06:47.272370+00:00
ibm_fez,95,init_error,0.01099071729577555,,2026-08-30 14:46:04-04:00,2026-08-31T00:06:47.272370+00:00
ibm_fez,95,prob_meas0_prep1,0.00927734375,,2026-08-30 19:07:37-04:00,2026-08-31T00:06:47.272370+00:00
ibm_fez,95,prob_meas1_prep0,0.00244140625,,2026-08-30 19:08:15-04:00,2026-08-31T00:06:47.272370+00:00
ibm_fez,95,readout_length,1660.0,ns,2026-08-30 19:08:53-04:00,2026-08-31T00:06:47.272370+00:00
ibm_fez,96,readout_error,0.0146484375,,2026-08-30 19:08:53-04:00,2026-08-31T00:06:47.272370+00:00
ibm_fez,96,prob_meas0_prep1,0.01416015625,,2026-08-30 19:07:37-04:00,2026-08-31T00:06:47.272370+00:00
ibm_fez,96,prob_meas1_prep0,0.01513671875,,2026-08-30 19:08:15-04:00,2026-08-31T00:06:47.272370+00:00
ibm_fez,96,readout_length,1660.0,ns,2026-08-30 19:08:53-04:00,2026-08-31T00:06:47.272370+00:00
ibm_fez,97,readout_error,0.017578125,,2026-08-30 19:08:54-04:00,2026-08-31T00:06:47.272370+00:00
ibm_fez,97,init_error,0.004560939425598688,,2026-08-30 17:21:35-04:00,2026-08-31T00:06:47.272370+00:00
ibm_fez,97,prob_meas0_prep1,0.021484375,,2026-08-30 19:07:37-04:00,2026-08-31T00:06:47.272370+00:00
ibm_fez,97,prob_meas1_prep0,0.013671875,,2026-08-30 19:08:15-04:00,2026-08-31T00:06:47.272370+00:00
ibm_fez,97,readout_length,1660.0,ns,2026-08-30 19:08:54-04:00,2026-08-31T00:06:47.272370+00:00
ibm_fez,98,readout_error,0.008056640625,,2026-08-30 19:08:54-04:00,2026-08-31T00:06:47.272370+00:00
ibm_fez,98,init_error,0.004129512859824648,,2026-08-30 17:21:35-04:00,2026-08-31T00:06:47.272370+00:00
ibm_fez,98,prob_meas0_prep1,0.013671875,,2026-08-30 19:07:37-04:00,2026-08-31T00:06:47.272370+00:00
ibm_fez,98,prob_meas1_prep0,0.00244140625,,2026-08-30 19:08:15-04:00,2026-08-31T00:06:47.272370+00:00
ibm_fez,98,readout_length,1660.0,ns,2026-08-30 19:08:54-04:00,2026-08-31T00:06:47.272370+00:00
ibm_fez,99,readout_error,0.031982421875,,2026-08-30 19:08:54-04:00,2026-08-31T00:06:47.272370+00:00
ibm_fez,99,prob_meas0_prep1,0.0302734375,,2026-08-30 19:07:37-04:00,2026-08-31T00:06:47.272370+00:00
ibm_fez,99,prob_meas1_prep0,0.03369140625,,2026-08-30 19:08:16-04:00,2026-08-31T00:06:47.272370+00:00
ibm_fez,99,readout_length,1660.0,ns,2026-08-30 19:08:54-04:00,2026-08-31T00:06:47.272370+00:00
ibm_fez,100,readout_error,0.009521484375,,2026-08-30 19:08:54-04:00,2026-08-31T00:06:47.272370+00:00
ibm_fez,100,init_error,0.0043189203541800355,,2026-08-30 14:46:04-04:00,2026-08-31T00:06:47.272370+00:00
ibm_fez,100,prob_meas0_prep1,0.00927734375,,2026-08-30 19:07:38-04:00,2026-08-31T00:06:47.272370+00:00
ibm_fez,100,prob_meas1_prep0,0.009765625,,2026-08-30 19:08:16-04:00,2026-08-31T00:06:47.272370+00:00
ibm_fez,100,readout_length,1660.0,ns,2026-08-30 19:08:54-04:00,2026-08-31T00:06:47.272370+00:00
ibm_fez,101,readout_error,0.0390625,,2026-08-30 19:08:55-04:00,2026-08-31T00:06:47.272370+00:00
ibm_fez,101,prob_meas0_prep1,0.03955078125,,2026-08-30 19:07:38-04:00,2026-08-31T00:06:47.272370+00:00
ibm_fez,101,prob_meas1_prep0,0.03857421875,,2026-08-30 19:08:16-04:00,2026-08-31T00:06:47.272370+00:00
ibm_fez,101,readout_length,1660.0,ns,2026-08-30 19:08:55-04:00,2026-08-31T00:06:47.272370+00:00
ibm_fez,102,readout_error,0.109619140625,,2026-08-30 19:08:55-04:00,2026-08-31T00:06:47.272370+00:00
ibm_fez,102,prob_meas0_prep1,0.1416015625,,2026-08-30 19:07:38-04:00,2026-08-31T00:06:47.272370+00:00
ibm_fez,102,prob_meas1_prep0,0.07763671875,,2026-08-30 19:08:16-04:00,2026-08-31T00:06:47.272370+00:00
ibm_fez,102,readout_length,1660.0,ns,2026-08-30 19:08:55-04:00,2026-08-31T00:06:47.272370+00:00
ibm_fez,103,readout_error,0.162353515625,,2026-08-30 19:08:55-04:00,2026-08-31T00:06:47.272370+00:00
ibm_fez,103,init_error,0.006864931495259485,,2026-08-30 17:21:35-04:00,2026-08-31T00:06:47.272370+00:00
ibm_fez,103,prob_meas0_prep1,0.1025390625,,2026-08-30 19:07:38-04:00,2026-08-31T00:06:47.272370+00:00
ibm_fez,103,prob_meas1_prep0,0.22216796875,,2026-08-30 19:08:17-04:00,2026-08-31T00:06:47.272370+00:00
ibm_fez,103,readout_length,1660.0,ns,2026-08-30 19:08:55-04:00,2026-08-31T00:06:47.272370+00:00
ibm_fez,104,readout_error,0.01904296875,,2026-08-30 19:08:55-04:00,2026-08-31T00:06:47.272370+00:00
ibm_fez,104,init_error,0.004055424508468823,,2026-08-30 17:21:35-04:00,2026-08-31T00:06:47.272370+00:00
ibm_fez,104,prob_meas0_prep1,0.02783203125,,2026-08-30 19:07:39-04:00,2026-08-31T00:06:47.272370+00:00
ibm_fez,104,prob_meas1_prep0,0.01025390625,,2026-08-30 19:08:17-04:00,2026-08-31T00:06:47.272370+00:00
ibm_fez,104,readout_length,1660.0,ns,2026-08-30 19:08:55-04:00,2026-08-31T00:06:47.272370+00:00
ibm_fez,105,readout_error,0.009521484375,,2026-08-30 19:08:56-04:00,2026-08-31T00:06:47.272370+00:00
ibm_fez,105,init_error,0.00276996089130351,,2026-08-30 17:21:35-04:00,2026-08-31T00:06:47.272370+00:00
ibm_fez,105,prob_meas0_prep1,0.01220703125,,2026-08-30 19:07:39-04:00,2026-08-31T00:06:47.272370+00:00
ibm_fez,105,prob_meas1_prep0,0.0068359375,,2026-08-30 19:08:17-04:00,2026-08-31T00:06:47.272370+00:00
ibm_fez,105,readout_length,1660.0,ns,2026-08-30 19:08:56-04:00,2026-08-31T00:06:47.272370+00:00
ibm_fez,106,readout_error,0.008056640625,,2026-08-30 19:08:56-04:00,2026-08-31T00:06:47.272370+00:00
ibm_fez,106,init_error,0.0033178975453478318,,2026-08-30 17:21:35-04:00,2026-08-31T00:06:47.272370+00:00
ibm_fez,106,prob_meas0_prep1,0.01171875,,2026-08-30 19:07:39-04:00,2026-08-31T00:06:47.272370+00:00
ibm_fez,106,prob_meas1_prep0,0.00439453125,,2026-08-30 19:08:17-04:00,2026-08-31T00:06:47.272370+00:00
ibm_fez,106,readout_length,1660.0,ns,2026-08-30 19:08:56-04:00,2026-08-31T00:06:47.272370+00:00
ibm_fez,107,readout_error,0.007568359375,,2026-08-30 19:08:56-04:00,2026-08-31T00:06:47.272370+00:00
ibm_fez,107,init_error,0.0019028634606135981,,2026-08-30 17:21:35-04:00,2026-08-31T00:06:47.272370+00:00
ibm_fez,107,prob_meas0_prep1,0.0107421875,,2026-08-30 19:07:39-04:00,2026-08-31T00:06:47.272370+00:00
ibm_fez,107,prob_meas1_prep0,0.00439453125,,2026-08-30 19:08:18-04:00,2026-08-31T00:06:47.272370+00:00
ibm_fez,107,readout_length,1660.0,ns,2026-08-30 19:08:56-04:00,2026-08-31T00:06:47.272370+00:00
ibm_fez,108,readout_error,0.006103515625,,2026-08-30 19:08:56-04:00,2026-08-31T00:06:47.272370+00:00
ibm_fez,108,init_error,0.001389608377479662,,2026-08-30 17:21:35-04:00,2026-08-31T00:06:47.272370+00:00
ibm_fez,108,prob_meas0_prep1,0.00634765625,,2026-08-30 19:07:40-04:00,2026-08-31T00:06:47.272370+00:00
ibm_fez,108,prob_meas1_prep0,0.005859375,,2026-08-30 19:08:18-04:00,2026-08-31T00:06:47.272370+00:00
ibm_fez,108,readout_length,1660.0,ns,2026-08-30 19:08:56-04:00,2026-08-31T00:06:47.272370+00:00
ibm_fez,109,readout_error,0.009521484375,,2026-08-30 19:08:57-04:00,2026-08-31T00:06:47.272370+00:00
ibm_fez,109,init_error,0.0024714408093075273,,2026-08-30 17:21:35-04:00,2026-08-31T00:06:47.272370+00:00
ibm_fez,109,prob_meas0_prep1,0.01318359375,,2026-08-30 19:07:40-04:00,2026-08-31T00:06:47.272370+00:00
ibm_fez,109,prob_meas1_prep0,0.005859375,,2026-08-30 19:08:18-04:00,2026-08-31T00:06:47.272370+00:00
ibm_fez,109,readout_length,1660.0,ns,2026-08-30 19:08:57-04:00,2026-08-31T00:06:47.272370+00:00
ibm_fez,110,readout_error,0.005126953125,,2026-08-30 19:08:57-04:00,2026-08-31T00:06:47.272370+00:00
ibm_fez,110,init_error,0.0017418451399301425,,2026-08-30 17:21:35-04:00,2026-08-31T00:06:47.272370+00:00
ibm_fez,110,prob_meas0_prep1,0.00537109375,,2026-08-30 19:07:40-04:00,2026-08-31T00:06:47.272370+00:00
ibm_fez,110,prob_meas1_prep0,0.0048828125,,2026-08-30 19:08:18-04:00,2026-08-31T00:06:47.272370+00:00
ibm_fez,110,readout_length,1660.0,ns,2026-08-30 19:08:57-04:00,2026-08-31T00:06:47.272370+00:00
ibm_fez,111,readout_error,0.010986328125,,2026-08-30 19:08:57-04:00,2026-08-31T00:06:47.272370+00:00
ibm_fez,111,init_error,0.005743401268185229,,2026-08-30 17:21:35-04:00,2026-08-31T00:06:47.272370+00:00
ibm_fez,111,prob_meas0_prep1,0.01318359375,,2026-08-30 19:07:40-04:00,2026-08-31T00:06:47.272370+00:00
ibm_fez,111,prob_meas1_prep0,0.0087890625,,2026-08-30 19:08:18-04:00,2026-08-31T00:06:47.272370+00:00
ibm_fez,111,readout_length,1660.0,ns,2026-08-30 19:08:57-04:00,2026-08-31T00:06:47.272370+00:00
ibm_fez,112,readout_error,0.007568359375,,2026-08-30 19:08:57-04:00,2026-08-31T00:06:47.272370+00:00
ibm_fez,112,init_error,0.0073482284852746434,,2026-08-30 17:21:36-04:00,2026-08-31T00:06:47.272370+00:00
ibm_fez,112,prob_meas0_prep1,0.0078125,,2026-08-30 19:07:41-04:00,2026-08-31T00:06:47.272370+00:00
ibm_fez,112,prob_meas1_prep0,0.00732421875,,2026-08-30 19:08:19-04:00,2026-08-31T00:06:47.272370+00:00
ibm_fez,112,readout_length,1660.0,ns,2026-08-30 19:08:57-04:00,2026-08-31T00:06:47.272370+00:00
ibm_fez,113,readout_error,0.066650390625,,2026-08-30 19:08:58-04:00,2026-08-31T00:06:47.272370+00:00
ibm_fez,113,prob_meas0_prep1,0.0771484375,,2026-08-30 19:07:41-04:00,2026-08-31T00:06:47.272370+00:00
ibm_fez,113,prob_meas1_prep0,0.05615234375,,2026-08-30 19:08:19-04:00,2026-08-31T00:06:47.272370+00:00
ibm_fez,113,readout_length,1660.0,ns,2026-08-30 19:08:58-04:00,2026-08-31T00:06:47.272370+00:00
ibm_fez,114,readout_error,0.00244140625,,2026-08-30 19:08:58-04:00,2026-08-31T00:06:47.272370+00:00
ibm_fez,114,init_error,0.004658154469206026,,2026-08-30 17:21:36-04:00,2026-08-31T00:06:47.272370+00:00
ibm_fez,114,prob_meas0_prep1,0.00341796875,,2026-08-30 19:07:41-04:00,2026-08-31T00:06:47.272370+00:00
ibm_fez,114,prob_meas1_prep0,0.00146484375,,2026-08-30 19:08:19-04:00,2026-08-31T00:06:47.272370+00:00
ibm_fez,114,readout_length,1660.0,ns,2026-08-30 19:08:58-04:00,2026-08-31T00:06:47.272370+00:00
ibm_fez,115,readout_error,0.009765625,,2026-08-30 19:08:58-04:00,2026-08-31T00:06:47.272370+00:00
ibm_fez,115,init_error,0.0017127178520624292,,2026-08-30 17:21:36-04:00,2026-08-31T00:06:47.272370+00:00
ibm_fez,115,prob_meas0_prep1,0.01123046875,,2026-08-30 19:07:41-04:00,2026-08-31T00:06:47.272370+00:00
ibm_fez,115,prob_meas1_prep0,0.00830078125,,2026-08-30 19:08:19-04:00,2026-08-31T00:06:47.272370+00:00
ibm_fez,115,readout_length,1660.0,ns,2026-08-30 19:08:58-04:00,2026-08-31T00:06:47.272370+00:00
ibm_fez,116,readout_error,0.021240234375,,2026-08-30 19:08:58-04:00,2026-08-31T00:06:47.272370+00:00
ibm_fez,116,prob_meas0_prep1,0.02490234375,,2026-08-30 19:07:42-04:00,2026-08-31T00:06:47.272370+00:00
ibm_fez,116,prob_meas1_prep0,0.017578125,,2026-08-30 19:08:20-04:00,2026-08-31T00:06:47.272370+00:00
ibm_fez,116,readout_length,1660.0,ns,2026-08-30 19:08:58-04:00,2026-08-31T00:06:47.272370+00:00
ibm_fez,117,readout_error,0.01513671875,,2026-08-30 19:08:59-04:00,2026-08-31T00:06:47.272370+00:00
ibm_fez,117,prob_meas0_prep1,0.0166015625,,2026-08-30 19:07:42-04:00,2026-08-31T00:06:47.272370+00:00
ibm_fez,117,prob_meas1_prep0,0.013671875,,2026-08-30 19:08:20-04:00,2026-08-31T00:06:47.272370+00:00
ibm_fez,117,readout_length,1660.0,ns,2026-08-30 19:08:59-04:00,2026-08-31T00:06:47.272370+00:00
ibm_fez,118,readout_error,0.004638671875,,2026-08-30 19:08:59-04:00,2026-08-31T00:06:47.272370+00:00
ibm_fez,118,init_error,0.0016841486402971687,,2026-08-30 17:21:36-04:00,2026-08-31T00:06:47.272370+00:00
ibm_fez,118,prob_meas0_prep1,0.00732421875,,2026-08-30 19:07:42-04:00,2026-08-31T00:06:47.272370+00:00
ibm_fez,118,prob_meas1_prep0,0.001953125,,2026-08-30 19:08:20-04:00,2026-08-31T00:06:47.272370+00:00
ibm_fez,118,readout_length,1660.0,ns,2026-08-30 19:08:59-04:00,2026-08-31T00:06:47.272370+00:00
ibm_fez,119,readout_error,0.0078125,,2026-08-30 19:08:59-04:00,2026-08-31T00:06:47.272370+00:00
ibm_fez,119,init_error,0.002064461821246022,,2026-08-30 17:21:36-04:00,2026-08-31T00:06:47.272370+00:00
ibm_fez,119,prob_meas0_prep1,0.01123046875,,2026-08-30 19:07:42-04:00,2026-08-31T00:06:47.272370+00:00
ibm_fez,119,prob_meas1_prep0,0.00439453125,,2026-08-30 19:08:20-04:00,2026-08-31T00:06:47.272370+00:00
ibm_fez,119,readout_length,1660.0,ns,2026-08-30 19:08:59-04:00,2026-08-31T00:06:47.272370+00:00
ibm_fez,120,readout_error,0.01611328125,,2026-08-30 19:08:59-04:00,2026-08-31T00:06:47.272370+00:00
ibm_fez,120,prob_meas0_prep1,0.01953125,,2026-08-30 19:07:43-04:00,2026-08-31T00:06:47.272370+00:00
ibm_fez,120,prob_meas1_prep0,0.0126953125,,2026-08-30 19:08:21-04:00,2026-08-31T00:06:47.272370+00:00
ibm_fez,120,readout_length,1660.0,ns,2026-08-30 19:08:59-04:00,2026-08-31T00:06:47.272370+00:00
ibm_fez,121,readout_error,0.009765625,,2026-08-30 19:09:00-04:00,2026-08-31T00:06:47.272370+00:00
ibm_fez,121,init_error,0.005378303324665013,,2026-08-30 17:21:36-04:00,2026-08-31T00:06:47.272370+00:00
ibm_fez,121,prob_meas0_prep1,0.01220703125,,2026-08-30 19:07:43-04:00,2026-08-31T00:06:47.272370+00:00
ibm_fez,121,prob_meas1_prep0,0.00732421875,,2026-08-30 19:08:21-04:00,2026-08-31T00:06:47.272370+00:00
ibm_fez,121,readout_length,1660.0,ns,2026-08-30 19:09:00-04:00,2026-08-31T00:06:47.272370+00:00
ibm_fez,122,readout_error,0.008544921875,,2026-08-30 19:09:00-04:00,2026-08-31T00:06:47.272370+00:00
ibm_fez,122,init_error,0.004672034172714901,,2026-08-30 17:21:36-04:00,2026-08-31T00:06:47.272370+00:00
ibm_fez,122,prob_meas0_prep1,0.009765625,,2026-08-30 19:07:43-04:00,2026-08-31T00:06:47.272370+00:00
ibm_fez,122,prob_meas1_prep0,0.00732421875,,2026-08-30 19:08:21-04:00,2026-08-31T00:06:47.272370+00:00
ibm_fez,122,readout_length,1660.0,ns,2026-08-30 19:09:00-04:00,2026-08-31T00:06:47.272370+00:00
ibm_fez,123,readout_error,0.015380859375,,2026-08-30 19:09:00-04:00,2026-08-31T00:06:47.272370+00:00
ibm_fez,123,init_error,0.005257705731929895,,2026-08-30 17:21:36-04:00,2026-08-31T00:06:47.272370+00:00
ibm_fez,123,prob_meas0_prep1,0.01513671875,,2026-08-30 19:07:43-04:00,2026-08-31T00:06:47.272370+00:00
ibm_fez,123,prob_meas1_prep0,0.015625,,2026-08-30 19:08:21-04:00,2026-08-31T00:06:47.272370+00:00
ibm_fez,123,readout_length,1660.0,ns,2026-08-30 19:09:00-04:00,2026-08-31T00:06:47.272370+00:00
ibm_fez,124,readout_error,0.00634765625,,2026-08-30 19:09:00-04:00,2026-08-31T00:06:47.272370+00:00
ibm_fez,124,init_error,0.0017993692633887707,,2026-08-30 17:21:36-04:00,2026-08-31T00:06:47.272370+00:00
ibm_fez,124,prob_meas0_prep1,0.0107421875,,2026-08-30 19:07:43-04:00,2026-08-31T00:06:47.272370+00:00
ibm_fez,124,prob_meas1_prep0,0.001953125,,2026-08-30 19:08:22-04:00,2026-08-31T00:06:47.272370+00:00
ibm_fez,124,readout_length,1660.0,ns,2026-08-30 19:09:00-04:00,2026-08-31T00:06:47.272370+00:00
ibm_fez,125,readout_error,0.0126953125,,2026-08-30 19:09:01-04:00,2026-08-31T00:06:47.272370+00:00
ibm_fez,125,prob_meas0_prep1,0.01416015625,,2026-08-30 19:07:44-04:00,2026-08-31T00:06:47.272370+00:00
ibm_fez,125,prob_meas1_prep0,0.01123046875,,2026-08-30 19:08:22-04:00,2026-08-31T00:06:47.272370+00:00
ibm_fez,125,readout_length,1660.0,ns,2026-08-30 19:09:01-04:00,2026-08-31T00:06:47.272370+00:00
ibm_fez,126,readout_error,0.0576171875,,2026-08-30 19:09:01-04:00,2026-08-31T00:06:47.272370+00:00
ibm_fez,126,prob_meas0_prep1,0.0869140625,,2026-08-30 19:07:44-04:00,2026-08-31T00:06:47.272370+00:00
ibm_fez,126,prob_meas1_prep0,0.0283203125,,2026-08-30 19:08:22-04:00,2026-08-31T00:06:47.272370+00:00
ibm_fez,126,readout_length,1660.0,ns,2026-08-30 19:09:01-04:00,2026-08-31T00:06:47.272370+00:00
ibm_fez,127,readout_error,0.01123046875,,2026-08-30 19:09:01-04:00,2026-08-31T00:06:47.272370+00:00
ibm_fez,127,init_error,0.004457757859505176,,2026-08-30 17:21:36-04:00,2026-08-31T00:06:47.272370+00:00
ibm_fez,127,prob_meas0_prep1,0.01416015625,,2026-08-30 19:07:44-04:00,2026-08-31T00:06:47.272370+00:00
ibm_fez,127,prob_meas1_prep0,0.00830078125,,2026-08-30 19:08:22-04:00,2026-08-31T00:06:47.272370+00:00
ibm_fez,127,readout_length,1660.0,ns,2026-08-30 19:09:01-04:00,2026-08-31T00:06:47.272370+00:00
ibm_fez,128,readout_error,0.01708984375,,2026-08-30 19:09:01-04:00,2026-08-31T00:06:47.272370+00:00
ibm_fez,128,prob_meas0_prep1,0.02001953125,,2026-08-30 19:07:44-04:00,2026-08-31T00:06:47.272370+00:00
ibm_fez,128,prob_meas1_prep0,0.01416015625,,2026-08-30 19:08:23-04:00,2026-08-31T00:06:47.272370+00:00
ibm_fez,128,readout_length,1660.0,ns,2026-08-30 19:09:01-04:00,2026-08-31T00:06:47.272370+00:00
ibm_fez,129,readout_error,0.015625,,2026-08-30 19:09:02-04:00,2026-08-31T00:06:47.272370+00:00
ibm_fez,129,prob_meas0_prep1,0.01025390625,,2026-08-30 19:07:45-04:00,2026-08-31T00:06:47.272370+00:00
ibm_fez,129,prob_meas1_prep0,0.02099609375,,2026-08-30 19:08:23-04:00,2026-08-31T00:06:47.272370+00:00
ibm_fez,129,readout_length,1660.0,ns,2026-08-30 19:09:02-04:00,2026-08-31T00:06:47.272370+00:00
ibm_fez,130,readout_error,0.00537109375,,2026-08-30 19:09:02-04:00,2026-08-31T00:06:47.272370+00:00
ibm_fez,130,init_error,0.004795681051572796,,2026-08-30 17:21:36-04:00,2026-08-31T00:06:47.272370+00:00
ibm_fez,130,prob_meas0_prep1,0.0078125,,2026-08-30 19:07:45-04:00,2026-08-31T00:06:47.272370+00:00
ibm_fez,130,prob_meas1_prep0,0.0029296875,,2026-08-30 19:08:23-04:00,2026-08-31T00:06:47.272370+00:00
ibm_fez,130,readout_length,1660.0,ns,2026-08-30 19:09:02-04:00,2026-08-31T00:06:47.272370+00:00
ibm_fez,131,readout_error,0.054443359375,,2026-08-30 19:09:02-04:00,2026-08-31T00:06:47.272370+00:00
ibm_fez,131,prob_meas0_prep1,0.0595703125,,2026-08-30 19:07:45-04:00,2026-08-31T00:06:47.272370+00:00
ibm_fez,131,prob_meas1_prep0,0.04931640625,,2026-08-30 19:08:23-04:00,2026-08-31T00:06:47.272370+00:00
ibm_fez,131,readout_length,1660.0,ns,2026-08-30 19:09:02-04:00,2026-08-31T00:06:47.272370+00:00
ibm_fez,132,readout_error,0.0068359375,,2026-08-30 19:09:02-04:00,2026-08-31T00:06:47.272370+00:00
ibm_fez,132,init_error,0.0010954587102031746,,2026-08-30 17:21:36-04:00,2026-08-31T00:06:47.272370+00:00
ibm_fez,132,prob_meas0_prep1,0.00830078125,,2026-08-30 19:07:45-04:00,2026-08-31T00:06:47.272370+00:00
ibm_fez,132,prob_meas1_prep0,0.00537109375,,2026-08-30 19:08:24-04:00,2026-08-31T00:06:47.272370+00:00
ibm_fez,132,readout_length,1660.0,ns,2026-08-30 19:09:02-04:00,2026-08-31T00:06:47.272370+00:00
ibm_fez,133,readout_error,0.013427734375,,2026-08-30 19:09:03-04:00,2026-08-31T00:06:47.272370+00:00
ibm_fez,133,prob_meas0_prep1,0.01611328125,,2026-08-30 19:07:46-04:00,2026-08-31T00:06:47.272370+00:00
ibm_fez,133,prob_meas1_prep0,0.0107421875,,2026-08-30 19:08:24-04:00,2026-08-31T00:06:47.272370+00:00
ibm_fez,133,readout_length,1660.0,ns,2026-08-30 19:09:03-04:00,2026-08-31T00:06:47.272370+00:00
ibm_fez,134,readout_error,0.007568359375,,2026-08-30 19:09:03-04:00,2026-08-31T00:06:47.272370+00:00
ibm_fez,134,init_error,0.005984448577764677,,2026-08-30 17:21:36-04:00,2026-08-31T00:06:47.272370+00:00
ibm_fez,134,prob_meas0_prep1,0.0087890625,,2026-08-30 19:07:46-04:00,2026-08-31T00:06:47.272370+00:00
ibm_fez,134,prob_meas1_prep0,0.00634765625,,2026-08-30 19:08:24-04:00,2026-08-31T00:06:47.272370+00:00
ibm_fez,134,readout_length,1660.0,ns,2026-08-30 19:09:03-04:00,2026-08-31T00:06:47.272370+00:00
ibm_fez,135,readout_error,0.0419921875,,2026-08-30 19:09:03-04:00,2026-08-31T00:06:47.272370+00:00
ibm_fez,135,prob_meas0_prep1,0.03466796875,,2026-08-30 19:07:46-04:00,2026-08-31T00:06:47.272370+00:00
ibm_fez,135,prob_meas1_prep0,0.04931640625,,2026-08-30 19:08:24-04:00,2026-08-31T00:06:47.272370+00:00
ibm_fez,135,readout_length,1660.0,ns,2026-08-30 19:09:03-04:00,2026-08-31T00:06:47.272370+00:00
ibm_fez,136,readout_error,0.004150390625,,2026-08-30 19:09:03-04:00,2026-08-31T00:06:47.272370+00:00
ibm_fez,136,init_error,0.001291080589475131,,2026-08-30 17:21:36-04:00,2026-08-31T00:06:47.272370+00:00
ibm_fez,136,prob_meas0_prep1,0.0078125,,2026-08-30 19:07:46-04:00,2026-08-31T00:06:47.272370+00:00
ibm_fez,136,prob_meas1_prep0,0.00048828125,,2026-08-30 19:08:25-04:00,2026-08-31T00:06:47.272370+00:00
ibm_fez,136,readout_length,1660.0,ns,2026-08-30 19:09:03-04:00,2026-08-31T00:06:47.272370+00:00
ibm_fez,137,readout_error,0.006591796875,,2026-08-30 19:09:04-04:00,2026-08-31T00:06:47.272370+00:00
ibm_fez,137,init_error,0.0029909802149148366,,2026-08-30 17:21:36-04:00,2026-08-31T00:06:47.272370+00:00
ibm_fez,137,prob_meas0_prep1,0.00927734375,,2026-08-30 19:07:47-04:00,2026-08-31T00:06:47.272370+00:00
ibm_fez,137,prob_meas1_prep0,0.00390625,,2026-08-30 19:08:25-04:00,2026-08-31T00:06:47.272370+00:00
ibm_fez,137,readout_length,1660.0,ns,2026-08-30 19:09:04-04:00,2026-08-31T00:06:47.272370+00:00
ibm_fez,138,readout_error,0.007568359375,,2026-08-30 19:09:04-04:00,2026-08-31T00:06:47.272370+00:00
ibm_fez,138,init_error,0.0014299937122019544,,2026-08-30 17:21:36-04:00,2026-08-31T00:06:47.272370+00:00
ibm_fez,138,prob_meas0_prep1,0.00927734375,,2026-08-30 19:07:47-04:00,2026-08-31T00:06:47.272370+00:00
ibm_fez,138,prob_meas1_prep0,0.005859375,,2026-08-30 19:08:25-04:00,2026-08-31T00:06:47.272370+00:00
ibm_fez,138,readout_length,1660.0,ns,2026-08-30 19:09:04-04:00,2026-08-31T00:06:47.272370+00:00
ibm_fez,139,readout_error,0.010009765625,,2026-08-30 19:09:04-04:00,2026-08-31T00:06:47.272370+00:00
ibm_fez,139,init_error,0.002662166464639529,,2026-08-30 17:21:36-04:00,2026-08-31T00:06:47.272370+00:00
ibm_fez,139,prob_meas0_prep1,0.017578125,,2026-08-30 19:07:47-04:00,2026-08-31T00:06:47.272370+00:00
ibm_fez,139,prob_meas1_prep0,0.00244140625,,2026-08-30 19:08:25-04:00,2026-08-31T00:06:47.272370+00:00
ibm_fez,139,readout_length,1660.0,ns,2026-08-30 19:09:04-04:00,2026-08-31T00:06:47.272370+00:00
ibm_fez,140,readout_error,0.011962890625,,2026-08-30 19:09:04-04:00,2026-08-31T00:06:47.272370+00:00
ibm_fez,140,init_error,0.004565915515669353,,2026-08-30 17:21:36-04:00,2026-08-31T00:06:47.272370+00:00
ibm_fez,140,prob_meas0_prep1,0.01416015625,,2026-08-30 19:07:47-04:00,2026-08-31T00:06:47.272370+00:00
ibm_fez,140,prob_meas1_prep0,0.009765625,,2026-08-30 19:08:26-04:00,2026-08-31T00:06:47.272370+00:00
ibm_fez,140,readout_length,1660.0,ns,2026-08-30 19:09:04-04:00,2026-08-31T00:06:47.272370+00:00
ibm_fez,141,readout_error,0.00927734375,,2026-08-30 19:09:05-04:00,2026-08-31T00:06:47.272370+00:00
ibm_fez,141,init_error,0.004193901727054512,,2026-08-30 17:21:36-04:00,2026-08-31T00:06:47.272370+00:00
ibm_fez,141,prob_meas0_prep1,0.013671875,,2026-08-30 19:07:48-04:00,2026-08-31T00:06:47.272370+00:00
ibm_fez,141,prob_meas1_prep0,0.0048828125,,2026-08-30 19:08:26-04:00,2026-08-31T00:06:47.272370+00:00
ibm_fez,141,readout_length,1660.0,ns,2026-08-30 19:09:05-04:00,2026-08-31T00:06:47.272370+00:00
ibm_fez,142,readout_error,0.00927734375,,2026-08-30 19:09:05-04:00,2026-08-31T00:06:47.272370+00:00
ibm_fez,142,init_error,0.0024187437931955935,,2026-08-30 17:21:36-04:00,2026-08-31T00:06:47.272370+00:00
ibm_fez,142,prob_meas0_prep1,0.0107421875,,2026-08-30 19:07:48-04:00,2026-08-31T00:06:47.272370+00:00
ibm_fez,142,prob_meas1_prep0,0.0078125,,2026-08-30 19:08:26-04:00,2026-08-31T00:06:47.272370+00:00
ibm_fez,142,readout_length,1660.0,ns,2026-08-30 19:09:05-04:00,2026-08-31T00:06:47.272370+00:00
ibm_fez,143,readout_error,0.005859375,,2026-08-30 19:09:05-04:00,2026-08-31T00:06:47.272370+00:00
ibm_fez,143,init_error,0.003172390206995163,,2026-08-30 17:21:36-04:00,2026-08-31T00:06:47.272370+00:00
ibm_fez,143,prob_meas0_prep1,0.00830078125,,2026-08-30 19:07:48-04:00,2026-08-31T00:06:47.272370+00:00
ibm_fez,143,prob_meas1_prep0,0.00341796875,,2026-08-30 19:08:26-04:00,2026-08-31T00:06:47.272370+00:00
ibm_fez,143,readout_length,1660.0,ns,2026-08-30 19:09:05-04:00,2026-08-31T00:06:47.272370+00:00
ibm_fez,144,readout_error,0.007568359375,,2026-08-30 19:09:05-04:00,2026-08-31T00:06:47.272370+00:00
ibm_fez,144,init_error,0.005409921114591756,,2026-08-30 17:21:36-04:00,2026-08-31T00:06:47.272370+00:00
ibm_fez,144,prob_meas0_prep1,0.01123046875,,2026-08-30 19:07:48-04:00,2026-08-31T00:06:47.272370+00:00
ibm_fez,144,prob_meas1_prep0,0.00390625,,2026-08-30 19:08:27-04:00,2026-08-31T00:06:47.272370+00:00
ibm_fez,144,readout_length,1660.0,ns,2026-08-30 19:09:05-04:00,2026-08-31T00:06:47.272370+00:00
ibm_fez,145,readout_error,0.017333984375,,2026-08-30 19:09:06-04:00,2026-08-31T00:06:47.272370+00:00
ibm_fez,145,prob_meas0_prep1,0.0224609375,,2026-08-30 19:07:48-04:00,2026-08-31T00:06:47.272370+00:00
ibm_fez,145,prob_meas1_prep0,0.01220703125,,2026-08-30 19:08:27-04:00,2026-08-31T00:06:47.272370+00:00
ibm_fez,145,readout_length,1660.0,ns,2026-08-30 19:09:06-04:00,2026-08-31T00:06:47.272370+00:00
ibm_fez,146,readout_error,0.004150390625,,2026-08-30 19:09:06-04:00,2026-08-31T00:06:47.272370+00:00
ibm_fez,146,init_error,0.003221546678751175,,2026-08-30 17:21:36-04:00,2026-08-31T00:06:47.272370+00:00
ibm_fez,146,prob_meas0_prep1,0.00634765625,,2026-08-30 19:07:49-04:00,2026-08-31T00:06:47.272370+00:00
ibm_fez,146,prob_meas1_prep0,0.001953125,,2026-08-30 19:08:27-04:00,2026-08-31T00:06:47.272370+00:00
ibm_fez,146,readout_length,1660.0,ns,2026-08-30 19:09:06-04:00,2026-08-31T00:06:47.272370+00:00
ibm_fez,147,readout_error,0.004150390625,,2026-08-30 19:09:06-04:00,2026-08-31T00:06:47.272370+00:00
ibm_fez,147,init_error,0.006360137953015155,,2026-08-30 17:21:36-04:00,2026-08-31T00:06:47.272370+00:00
ibm_fez,147,prob_meas0_prep1,0.005859375,,2026-08-30 19:07:49-04:00,2026-08-31T00:06:47.272370+00:00
ibm_fez,147,prob_meas1_prep0,0.00244140625,,2026-08-30 19:08:27-04:00,2026-08-31T00:06:47.272370+00:00
ibm_fez,147,readout_length,1660.0,ns,2026-08-30 19:09:06-04:00,2026-08-31T00:06:47.272370+00:00
ibm_fez,148,readout_error,0.006591796875,,2026-08-30 19:09:06-04:00,2026-08-31T00:06:47.272370+00:00
ibm_fez,148,init_error,0.006069794524215184,,2026-08-30 17:21:37-04:00,2026-08-31T00:06:47.272370+00:00
ibm_fez,148,prob_meas0_prep1,0.0087890625,,2026-08-30 19:07:49-04:00,2026-08-31T00:06:47.272370+00:00
ibm_fez,148,prob_meas1_prep0,0.00439453125,,2026-08-30 19:08:28-04:00,2026-08-31T00:06:47.272370+00:00
ibm_fez,148,readout_length,1660.0,ns,2026-08-30 19:09:06-04:00,2026-08-31T00:06:47.272370+00:00
ibm_fez,149,readout_error,0.0458984375,,2026-08-30 19:09:07-04:00,2026-08-31T00:06:47.272370+00:00
ibm_fez,149,prob_meas0_prep1,0.0546875,,2026-08-30 19:07:49-04:00,2026-08-31T00:06:47.272370+00:00
ibm_fez,149,prob_meas1_prep0,0.037109375,,2026-08-30 19:08:28-04:00,2026-08-31T00:06:47.272370+00:00
ibm_fez,149,readout_length,1660.0,ns,2026-08-30 19:09:07-04:00,2026-08-31T00:06:47.272370+00:00
ibm_fez,150,readout_error,0.005615234375,,2026-08-30 19:09:07-04:00,2026-08-31T00:06:47.272370+00:00
ibm_fez,150,init_error,0.0020945375591710086,,2026-08-30 17:21:37-04:00,2026-08-31T00:06:47.272370+00:00
ibm_fez,150,prob_meas0_prep1,0.00927734375,,2026-08-30 19:07:50-04:00,2026-08-31T00:06:47.272370+00:00
ibm_fez,150,prob_meas1_prep0,0.001953125,,2026-08-30 19:08:28-04:00,2026-08-31T00:06:47.272370+00:00
ibm_fez,150,readout_length,1660.0,ns,2026-08-30 19:09:07-04:00,2026-08-31T00:06:47.272370+00:00
ibm_fez,151,readout_error,0.0078125,,2026-08-30 19:09:07-04:00,2026-08-31T00:06:47.272370+00:00
ibm_fez,151,init_error,0.005537700783667732,,2026-08-30 17:21:37-04:00,2026-08-31T00:06:47.272370+00:00
ibm_fez,151,prob_meas0_prep1,0.009765625,,2026-08-30 19:07:50-04:00,2026-08-31T00:06:47.272370+00:00
ibm_fez,151,prob_meas1_prep0,0.005859375,,2026-08-30 19:08:28-04:00,2026-08-31T00:06:47.272370+00:00
ibm_fez,151,readout_length,1660.0,ns,2026-08-30 19:09:07-04:00,2026-08-31T00:06:47.272370+00:00
ibm_fez,152,readout_error,0.008056640625,,2026-08-30 19:09:07-04:00,2026-08-31T00:06:47.272370+00:00
ibm_fez,152,init_error,0.006111005880966028,,2026-08-30 17:21:37-04:00,2026-08-31T00:06:47.272370+00:00
ibm_fez,152,prob_meas0_prep1,0.01171875,,2026-08-30 19:07:50-04:00,2026-08-31T00:06:47.272370+00:00
ibm_fez,152,prob_meas1_prep0,0.00439453125,,2026-08-30 19:08:29-04:00,2026-08-31T00:06:47.272370+00:00
ibm_fez,152,readout_length,1660.0,ns,2026-08-30 19:09:07-04:00,2026-08-31T00:06:47.272370+00:00
ibm_fez,153,readout_error,0.0166015625,,2026-08-30 19:09:08-04:00,2026-08-31T00:06:47.272370+00:00
ibm_fez,153,prob_meas0_prep1,0.02099609375,,2026-08-30 19:07:50-04:00,2026-08-31T00:06:47.272370+00:00
ibm_fez,153,prob_meas1_prep0,0.01220703125,,2026-08-30 19:08:29-04:00,2026-08-31T00:06:47.272370+00:00
ibm_fez,153,readout_length,1660.0,ns,2026-08-30 19:09:08-04:00,2026-08-31T00:06:47.272370+00:00
ibm_fez,154,readout_error,0.007568359375,,2026-08-30 19:09:08-04:00,2026-08-31T00:06:47.272370+00:00
ibm_fez,154,init_error,0.004134774845556963,,2026-08-30 17:21:37-04:00,2026-08-31T00:06:47.272370+00:00
ibm_fez,154,prob_meas0_prep1,0.01123046875,,2026-08-30 19:07:51-04:00,2026-08-31T00:06:47.272370+00:00
ibm_fez,154,prob_meas1_prep0,0.00390625,,2026-08-30 19:08:29-04:00,2026-08-31T00:06:47.272370+00:00
ibm_fez,154,readout_length,1660.0,ns,2026-08-30 19:09:08-04:00,2026-08-31T00:06:47.272370+00:00
ibm_fez,155,readout_error,0.017333984375,,2026-08-30 19:09:08-04:00,2026-08-31T00:06:47.272370+00:00
ibm_fez,155,prob_meas0_prep1,0.015625,,2026-08-30 19:07:51-04:00,2026-08-31T00:06:47.272370+00:00
ibm_fez,155,prob_meas1_prep0,0.01904296875,,2026-08-30 19:08:29-04:00,2026-08-31T00:06:47.272370+00:00
ibm_fez,155,readout_length,1660.0,ns,2026-08-30 19:09:08-04:00,2026-08-31T00:06:47.272370+00:00
ibm_marrakesh,0,T1,340.76401555648056,us,2026-08-30 06:17:45-04:00,2026-08-31T00:06:52.147146+00:00
ibm_marrakesh,0,T2,43.95898990673833,us,2026-08-30 06:18:33-04:00,2026-08-31T00:06:52.147146+00:00
ibm_marrakesh,0,readout_error,0.0191650390625,,2026-08-30 06:41:44-04:00,2026-08-31T00:06:52.147146+00:00
ibm_marrakesh,0,init_error,0.0030000654186980503,,2026-08-30 07:12:38-04:00,2026-08-31T00:06:52.147146+00:00
ibm_marrakesh,0,prob_meas0_prep1,0.0341796875,,2026-08-30 06:41:44-04:00,2026-08-31T00:06:52.147146+00:00
ibm_marrakesh,0,prob_meas1_prep0,0.004150390625,,2026-08-30 06:41:44-04:00,2026-08-31T00:06:52.147146+00:00
ibm_marrakesh,0,readout_length,2684.0,ns,2026-08-30 06:41:44-04:00,2026-08-31T00:06:52.147146+00:00
ibm_marrakesh,1,T1,174.57828552572096,us,2026-08-30 06:17:46-04:00,2026-08-31T00:06:52.147146+00:00
ibm_marrakesh,1,T2,136.11817538541803,us,2026-08-30 06:18:19-04:00,2026-08-31T00:06:52.147146+00:00
ibm_marrakesh,1,readout_error,0.0054931640625,,2026-08-30 06:41:44-04:00,2026-08-31T00:06:52.147146+00:00
ibm_marrakesh,1,init_error,0.0009991380612583648,,2026-08-30 07:12:38-04:00,2026-08-31T00:06:52.147146+00:00
ibm_marrakesh,1,prob_meas0_prep1,0.010009765625,,2026-08-30 06:41:44-04:00,2026-08-31T00:06:52.147146+00:00
ibm_marrakesh,1,prob_meas1_prep0,0.0009765625,,2026-08-30 06:41:44-04:00,2026-08-31T00:06:52.147146+00:00
ibm_marrakesh,1,readout_length,2684.0,ns,2026-08-30 06:41:44-04:00,2026-08-31T00:06:52.147146+00:00
ibm_marrakesh,2,T1,252.7704222487741,us,2026-08-30 06:17:46-04:00,2026-08-31T00:06:52.147146+00:00
ibm_marrakesh,2,T2,355.5667528447555,us,2026-08-30 06:18:33-04:00,2026-08-31T00:06:52.147146+00:00
ibm_marrakesh,2,readout_error,0.008056640625,,2026-08-30 06:41:44-04:00,2026-08-31T00:06:52.147146+00:00
ibm_marrakesh,2,init_error,0.0057712682667413195,,2026-08-30 07:12:38-04:00,2026-08-31T00:06:52.147146+00:00
ibm_marrakesh,2,prob_meas0_prep1,0.01025390625,,2026-08-30 06:41:44-04:00,2026-08-31T00:06:52.147146+00:00
ibm_marrakesh,2,prob_meas1_prep0,0.005859375,,2026-08-30 06:41:44-04:00,2026-08-31T00:06:52.147146+00:00
ibm_marrakesh,2,readout_length,2684.0,ns,2026-08-30 06:41:44-04:00,2026-08-31T00:06:52.147146+00:00
ibm_marrakesh,3,T1,318.48084135372494,us,2026-08-30 06:17:46-04:00,2026-08-31T00:06:52.147146+00:00
ibm_marrakesh,3,T2,231.45016841959205,us,2026-08-30 06:18:19-04:00,2026-08-31T00:06:52.147146+00:00
ibm_marrakesh,3,readout_error,0.0113525390625,,2026-08-30 06:41:44-04:00,2026-08-31T00:06:52.147146+00:00
ibm_marrakesh,3,init_error,0.008032322793917874,,2026-08-30 07:12:38-04:00,2026-08-31T00:06:52.147146+00:00
ibm_marrakesh,3,prob_meas0_prep1,0.01025390625,,2026-08-30 06:41:44-04:00,2026-08-31T00:06:52.147146+00:00
ibm_marrakesh,3,prob_meas1_prep0,0.012451171875,,2026-08-30 06:41:44-04:00,2026-08-31T00:06:52.147146+00:00
ibm_marrakesh,3,readout_length,2684.0,ns,2026-08-30 06:41:44-04:00,2026-08-31T00:06:52.147146+00:00
ibm_marrakesh,4,T1,208.10658333213473,us,2026-08-30 06:17:46-04:00,2026-08-31T00:06:52.147146+00:00
ibm_marrakesh,4,T2,227.23013854863464,us,2026-08-30 06:18:33-04:00,2026-08-31T00:06:52.147146+00:00
ibm_marrakesh,4,readout_error,0.0086669921875,,2026-08-30 06:41:44-04:00,2026-08-31T00:06:52.147146+00:00
ibm_marrakesh,4,init_error,0.0028000000000000073,,2026-08-30 07:12:38-04:00,2026-08-31T00:06:52.147146+00:00
ibm_marrakesh,4,prob_meas0_prep1,0.01220703125,,2026-08-30 06:41:44-04:00,2026-08-31T00:06:52.147146+00:00
ibm_marrakesh,4,prob_meas1_prep0,0.005126953125,,2026-08-30 06:41:44-04:00,2026-08-31T00:06:52.147146+00:00
ibm_marrakesh,4,readout_length,2684.0,ns,2026-08-30 06:41:44-04:00,2026-08-31T00:06:52.147146+00:00
ibm_marrakesh,5,T1,322.1534648531451,us,2026-08-30 06:17:47-04:00,2026-08-31T00:06:52.147146+00:00
ibm_marrakesh,5,T2,182.20661744579223,us,2026-08-30 06:18:19-04:00,2026-08-31T00:06:52.147146+00:00
ibm_marrakesh,5,readout_error,0.0072021484375,,2026-08-30 06:41:44-04:00,2026-08-31T00:06:52.147146+00:00
ibm_marrakesh,5,init_error,0.003400000000000262,,2026-08-30 07:12:38-04:00,2026-08-31T00:06:52.147146+00:00
ibm_marrakesh,5,prob_meas0_prep1,0.01220703125,,2026-08-30 06:41:44-04:00,2026-08-31T00:06:52.147146+00:00
ibm_marrakesh,5,prob_meas1_prep0,0.002197265625,,2026-08-30 06:41:44-04:00,2026-08-31T00:06:52.147146+00:00
ibm_marrakesh,5,readout_length,2684.0,ns,2026-08-30 06:41:44-04:00,2026-08-31T00:06:52.147146+00:00
ibm_marrakesh,6,T1,230.67527750821867,us,2026-08-30 06:17:47-04:00,2026-08-31T00:06:52.147146+00:00
ibm_marrakesh,6,T2,195.52277491694483,us,2026-08-30 06:18:33-04:00,2026-08-31T00:06:52.147146+00:00
ibm_marrakesh,6,readout_error,0.003662109375,,2026-08-30 06:41:44-04:00,2026-08-31T00:06:52.147146+00:00
ibm_marrakesh,6,init_error,0.003199999962808221,,2026-08-30 07:12:38-04:00,2026-08-31T00:06:52.147146+00:00
ibm_marrakesh,6,prob_meas0_prep1,0.0048828125,,2026-08-30 06:41:44-04:00,2026-08-31T00:06:52.147146+00:00
ibm_marrakesh,6,prob_meas1_prep0,0.00244140625,,2026-08-30 06:41:44-04:00,2026-08-31T00:06:52.147146+00:00
ibm_marrakesh,6,readout_length,2684.0,ns,2026-08-30 06:41:44-04:00,2026-08-31T00:06:52.147146+00:00
ibm_marrakesh,7,T1,104.0229601966809,us,2026-08-30 06:17:47-04:00,2026-08-31T00:06:52.147146+00:00
ibm_marrakesh,7,T2,81.65998712761677,us,2026-08-30 06:18:20-04:00,2026-08-31T00:06:52.147146+00:00
ibm_marrakesh,7,readout_error,0.01220703125,,2026-08-30 06:41:44-04:00,2026-08-31T00:06:52.147146+00:00
ibm_marrakesh,7,init_error,0.0031174176151825272,,2026-08-30 07:12:38-04:00,2026-08-31T00:06:52.147146+00:00
ibm_marrakesh,7,prob_meas0_prep1,0.01806640625,,2026-08-30 06:41:44-04:00,2026-08-31T00:06:52.147146+00:00
ibm_marrakesh,7,prob_meas1_prep0,0.00634765625,,2026-08-30 06:41:44-04:00,2026-08-31T00:06:52.147146+00:00
ibm_marrakesh,7,readout_length,2684.0,ns,2026-08-30 06:41:44-04:00,2026-08-31T00:06:52.147146+00:00
ibm_marrakesh,8,T1,269.22895676112825,us,2026-08-30 06:17:47-04:00,2026-08-31T00:06:52.147146+00:00
ibm_marrakesh,8,T2,95.22267802236115,us,2026-08-30 06:18:33-04:00,2026-08-31T00:06:52.147146+00:00
ibm_marrakesh,8,readout_error,0.0047607421875,,2026-08-30 06:41:44-04:00,2026-08-31T00:06:52.147146+00:00
ibm_marrakesh,8,init_error,0.004600000000045665,,2026-08-30 07:12:38-04:00,2026-08-31T00:06:52.147146+00:00
ibm_marrakesh,8,prob_meas0_prep1,0.006103515625,,2026-08-30 06:41:44-04:00,2026-08-31T00:06:52.147146+00:00
ibm_marrakesh,8,prob_meas1_prep0,0.00341796875,,2026-08-30 06:41:44-04:00,2026-08-31T00:06:52.147146+00:00
ibm_marrakesh,8,readout_length,2684.0,ns,2026-08-30 06:41:44-04:00,2026-08-31T00:06:52.147146+00:00
ibm_marrakesh,9,T1,172.65462157590275,us,2026-08-30 06:17:47-04:00,2026-08-31T00:06:52.147146+00:00
ibm_marrakesh,9,T2,256.37521624909533,us,2026-08-30 06:18:20-04:00,2026-08-31T00:06:52.147146+00:00
ibm_marrakesh,9,readout_error,0.0118408203125,,2026-08-30 06:41:44-04:00,2026-08-31T00:06:52.147146+00:00
ibm_marrakesh,9,init_error,0.0016718926603700836,,2026-08-30 07:12:38-04:00,2026-08-31T00:06:52.147146+00:00
ibm_marrakesh,9,prob_meas0_prep1,0.019287109375,,2026-08-30 06:41:44-04:00,2026-08-31T00:06:52.147146+00:00
ibm_marrakesh,9,prob_meas1_prep0,0.00439453125,,2026-08-30 06:41:44-04:00,2026-08-31T00:06:52.147146+00:00
ibm_marrakesh,9,readout_length,2684.0,ns,2026-08-30 06:41:44-04:00,2026-08-31T00:06:52.147146+00:00
ibm_marrakesh,10,T1,230.33419061481754,us,2026-08-30 06:17:48-04:00,2026-08-31T00:06:52.147146+00:00
ibm_marrakesh,10,T2,158.05808879324027,us,2026-08-30 06:18:34-04:00,2026-08-31T00:06:52.147146+00:00
ibm_marrakesh,10,readout_error,0.0050048828125,,2026-08-30 06:41:44-04:00,2026-08-31T00:06:52.147146+00:00
ibm_marrakesh,10,init_error,0.007691630747269497,,2026-08-30 07:12:38-04:00,2026-08-31T00:06:52.147146+00:00
ibm_marrakesh,10,prob_meas0_prep1,0.00439453125,,2026-08-30 06:41:44-04:00,2026-08-31T00:06:52.147146+00:00
ibm_marrakesh,10,prob_meas1_prep0,0.005615234375,,2026-08-30 06:41:44-04:00,2026-08-31T00:06:52.147146+00:00
ibm_marrakesh,10,readout_length,2684.0,ns,2026-08-30 06:41:44-04:00,2026-08-31T00:06:52.147146+00:00
ibm_marrakesh,11,T2,62.55419405192248,us,2026-08-30 06:18:20-04:00,2026-08-31T00:06:52.147146+00:00
ibm_marrakesh,11,readout_error,0.0115966796875,,2026-08-30 06:41:44-04:00,2026-08-31T00:06:52.147146+00:00
ibm_marrakesh,11,init_error,0.005414035200419044,,2026-08-30 07:12:38-04:00,2026-08-31T00:06:52.147146+00:00
ibm_marrakesh,11,prob_meas0_prep1,0.013671875,,2026-08-30 06:41:44-04:00,2026-08-31T00:06:52.147146+00:00
ibm_marrakesh,11,prob_meas1_prep0,0.009521484375,,2026-08-30 06:41:44-04:00,2026-08-31T00:06:52.147146+00:00
ibm_marrakesh,11,readout_length,2684.0,ns,2026-08-30 06:41:44-04:00,2026-08-31T00:06:52.147146+00:00
ibm_marrakesh,12,T1,255.81872033943074,us,2026-08-30 06:17:48-04:00,2026-08-31T00:06:52.147146+00:00
ibm_marrakesh,12,T2,97.75787972725814,us,2026-08-30 06:18:34-04:00,2026-08-31T00:06:52.147146+00:00
ibm_marrakesh,12,readout_error,0.005859375,,2026-08-30 06:41:44-04:00,2026-08-31T00:06:52.147146+00:00
ibm_marrakesh,12,init_error,0.0026000000371365077,,2026-08-30 07:12:38-04:00,2026-08-31T00:06:52.147146+00:00
ibm_marrakesh,12,prob_meas0_prep1,0.005126953125,,2026-08-30 06:41:44-04:00,2026-08-31T00:06:52.147146+00:00
ibm_marrakesh,12,prob_meas1_prep0,0.006591796875,,2026-08-30 06:41:44-04:00,2026-08-31T00:06:52.147146+00:00
ibm_marrakesh,12,readout_length,2684.0,ns,2026-08-30 06:41:44-04:00,2026-08-31T00:06:52.147146+00:00
ibm_marrakesh,13,T1,178.23200352074895,us,2026-08-30 06:17:48-04:00,2026-08-31T00:06:52.147146+00:00
ibm_marrakesh,13,T2,164.55556376044694,us,2026-08-30 06:18:20-04:00,2026-08-31T00:06:52.147146+00:00
ibm_marrakesh,13,readout_error,0.0069580078125,,2026-08-30 06:41:44-04:00,2026-08-31T00:06:52.147146+00:00
ibm_marrakesh,13,init_error,0.0022046108825762955,,2026-08-30 07:12:38-04:00,2026-08-31T00:06:52.147146+00:00
ibm_marrakesh,13,prob_meas0_prep1,0.010986328125,,2026-08-30 06:41:44-04:00,2026-08-31T00:06:52.147146+00:00
ibm_marrakesh,13,prob_meas1_prep0,0.0029296875,,2026-08-30 06:41:44-04:00,2026-08-31T00:06:52.147146+00:00
ibm_marrakesh,13,readout_length,2684.0,ns,2026-08-30 06:41:44-04:00,2026-08-31T00:06:52.147146+00:00
ibm_marrakesh,14,T1,288.0981730177879,us,2026-08-30 06:17:49-04:00,2026-08-31T00:06:52.147146+00:00
ibm_marrakesh,14,T2,97.2482880389071,us,2026-08-30 06:18:34-04:00,2026-08-31T00:06:52.147146+00:00
ibm_marrakesh,14,readout_error,0.009033203125,,2026-08-30 06:41:44-04:00,2026-08-31T00:06:52.147146+00:00
ibm_marrakesh,14,init_error,0.009768484462681732,,2026-08-30 07:12:38-04:00,2026-08-31T00:06:52.147146+00:00
ibm_marrakesh,14,prob_meas0_prep1,0.005859375,,2026-08-30 06:41:44-04:00,2026-08-31T00:06:52.147146+00:00
ibm_marrakesh,14,prob_meas1_prep0,0.01220703125,,2026-08-30 06:41:44-04:00,2026-08-31T00:06:52.147146+00:00
ibm_marrakesh,14,readout_length,2684.0,ns,2026-08-30 06:41:44-04:00,2026-08-31T00:06:52.147146+00:00
ibm_marrakesh,15,T1,253.09349208382685,us,2026-08-30 06:17:49-04:00,2026-08-31T00:06:52.147146+00:00
ibm_marrakesh,15,T2,39.640625671109376,us,2026-08-30 06:18:20-04:00,2026-08-31T00:06:52.147146+00:00
ibm_marrakesh,15,readout_error,0.0069580078125,,2026-08-30 06:41:44-04:00,2026-08-31T00:06:52.147146+00:00
ibm_marrakesh,15,init_error,0.004000757050947883,,2026-08-30 07:12:38-04:00,2026-08-31T00:06:52.147146+00:00
ibm_marrakesh,15,prob_meas0_prep1,0.0087890625,,2026-08-30 06:41:44-04:00,2026-08-31T00:06:52.147146+00:00
ibm_marrakesh,15,prob_meas1_prep0,0.005126953125,,2026-08-30 06:41:44-04:00,2026-08-31T00:06:52.147146+00:00
ibm_marrakesh,15,readout_length,2684.0,ns,2026-08-30 06:41:44-04:00,2026-08-31T00:06:52.147146+00:00
ibm_marrakesh,16,T1,137.60634859873542,us,2026-08-30 06:17:49-04:00,2026-08-31T00:06:52.147146+00:00
ibm_marrakesh,16,T2,23.98449463378053,us,2026-08-30 06:18:34-04:00,2026-08-31T00:06:52.147146+00:00
ibm_marrakesh,16,readout_error,0.0191650390625,,2026-08-30 06:41:44-04:00,2026-08-31T00:06:52.147146+00:00
ibm_marrakesh,16,init_error,0.009199952969647866,,2026-08-30 07:12:38-04:00,2026-08-31T00:06:52.147146+00:00
ibm_marrakesh,16,prob_meas0_prep1,0.01611328125,,2026-08-30 05:09:32-04:00,2026-08-31T00:06:52.147146+00:00
ibm_marrakesh,16,prob_meas1_prep0,0.0185546875,,2026-08-30 06:41:44-04:00,2026-08-31T00:06:52.147146+00:00
ibm_marrakesh,16,readout_length,2684.0,ns,2026-08-30 06:41:44-04:00,2026-08-31T00:06:52.147146+00:00
ibm_marrakesh,17,T1,255.6443146102051,us,2026-08-30 06:17:49-04:00,2026-08-31T00:06:52.147146+00:00
ibm_marrakesh,17,T2,15.620317686736211,us,2026-08-30 06:18:35-04:00,2026-08-31T00:06:52.147146+00:00
ibm_marrakesh,17,readout_error,0.0208740234375,,2026-08-30 06:41:44-04:00,2026-08-31T00:06:52.147146+00:00
ibm_marrakesh,17,prob_meas0_prep1,0.02587890625,,2026-08-30 06:41:44-04:00,2026-08-31T00:06:52.147146+00:00
ibm_marrakesh,17,prob_meas1_prep0,0.015869140625,,2026-08-30 06:41:44-04:00,2026-08-31T00:06:52.147146+00:00
ibm_marrakesh,17,readout_length,2684.0,ns,2026-08-30 06:41:44-04:00,2026-08-31T00:06:52.147146+00:00
ibm_marrakesh,18,T1,59.53811650041053,us,2026-08-30 06:17:49-04:00,2026-08-31T00:06:52.147146+00:00
ibm_marrakesh,18,T2,36.25994320630855,us,2026-08-30 06:18:35-04:00,2026-08-31T00:06:52.147146+00:00
ibm_marrakesh,18,readout_error,0.005126953125,,2026-08-30 06:41:44-04:00,2026-08-31T00:06:52.147146+00:00
ibm_marrakesh,18,init_error,0.0006000000000000002,,2026-08-30 07:12:38-04:00,2026-08-31T00:06:52.147146+00:00
ibm_marrakesh,18,prob_meas0_prep1,0.009033203125,,2026-08-30 06:41:44-04:00,2026-08-31T00:06:52.147146+00:00
ibm_marrakesh,18,prob_meas1_prep0,0.001220703125,,2026-08-30 06:41:44-04:00,2026-08-31T00:06:52.147146+00:00
ibm_marrakesh,18,readout_length,2684.0,ns,2026-08-30 06:41:44-04:00,2026-08-31T00:06:52.147146+00:00
ibm_marrakesh,19,T1,130.68873729279872,us,2026-08-30 06:17:50-04:00,2026-08-31T00:06:52.147146+00:00
ibm_marrakesh,19,T2,64.65858174725899,us,2026-08-30 06:18:35-04:00,2026-08-31T00:06:52.147146+00:00
ibm_marrakesh,19,readout_error,0.0032958984375,,2026-08-30 06:41:44-04:00,2026-08-31T00:06:52.147146+00:00
ibm_marrakesh,19,init_error,0.002801748263303423,,2026-08-30 07:12:38-04:00,2026-08-31T00:06:52.147146+00:00
ibm_marrakesh,19,prob_meas0_prep1,0.004150390625,,2026-08-30 06:41:44-04:00,2026-08-31T00:06:52.147146+00:00
ibm_marrakesh,19,prob_meas1_prep0,0.00244140625,,2026-08-30 06:41:44-04:00,2026-08-31T00:06:52.147146+00:00
ibm_marrakesh,19,readout_length,2684.0,ns,2026-08-30 06:41:44-04:00,2026-08-31T00:06:52.147146+00:00
ibm_marrakesh,20,T2,29.024103445216898,us,2026-08-30 06:18:35-04:00,2026-08-31T00:06:52.147146+00:00
ibm_marrakesh,20,readout_error,0.0159912109375,,2026-08-30 06:41:44-04:00,2026-08-31T00:06:52.147146+00:00
ibm_marrakesh,20,init_error,0.0017977217657286272,,2026-08-30 03:54:29-04:00,2026-08-31T00:06:52.147146+00:00
ibm_marrakesh,20,prob_meas0_prep1,0.0224609375,,2026-08-30 06:41:44-04:00,2026-08-31T00:06:52.147146+00:00
ibm_marrakesh,20,prob_meas1_prep0,0.009521484375,,2026-08-30 06:41:44-04:00,2026-08-31T00:06:52.147146+00:00
ibm_marrakesh,20,readout_length,2684.0,ns,2026-08-30 06:41:44-04:00,2026-08-31T00:06:52.147146+00:00
ibm_marrakesh,21,T1,272.1425533984617,us,2026-08-30 06:17:50-04:00,2026-08-31T00:06:52.147146+00:00
ibm_marrakesh,21,T2,161.63390626732797,us,2026-08-30 06:18:21-04:00,2026-08-31T00:06:52.147146+00:00
ibm_marrakesh,21,readout_error,0.004638671875,,2026-08-30 06:41:44-04:00,2026-08-31T00:06:52.147146+00:00
ibm_marrakesh,21,init_error,0.005000000028534717,,2026-08-30 07:12:39-04:00,2026-08-31T00:06:52.147146+00:00
ibm_marrakesh,21,prob_meas0_prep1,0.006103515625,,2026-08-30 06:41:44-04:00,2026-08-31T00:06:52.147146+00:00
ibm_marrakesh,21,prob_meas1_prep0,0.003173828125,,2026-08-30 06:41:44-04:00,2026-08-31T00:06:52.147146+00:00
ibm_marrakesh,21,readout_length,2684.0,ns,2026-08-30 06:41:44-04:00,2026-08-31T00:06:52.147146+00:00
ibm_marrakesh,22,T1,224.77985681338595,us,2026-08-30 06:17:50-04:00,2026-08-31T00:06:52.147146+00:00
ibm_marrakesh,22,T2,34.59869395313832,us,2026-08-30 06:18:35-04:00,2026-08-31T00:06:52.147146+00:00
ibm_marrakesh,22,readout_error,0.0068359375,,2026-08-30 06:41:44-04:00,2026-08-31T00:06:52.147146+00:00
ibm_marrakesh,22,init_error,0.003526987859418994,,2026-08-30 07:12:39-04:00,2026-08-31T00:06:52.147146+00:00
ibm_marrakesh,22,prob_meas0_prep1,0.00927734375,,2026-08-30 06:41:44-04:00,2026-08-31T00:06:52.147146+00:00
ibm_marrakesh,22,prob_meas1_prep0,0.00439453125,,2026-08-30 06:41:44-04:00,2026-08-31T00:06:52.147146+00:00
ibm_marrakesh,22,readout_length,2684.0,ns,2026-08-30 06:41:44-04:00,2026-08-31T00:06:52.147146+00:00
ibm_marrakesh,23,T1,305.53045090216904,us,2026-08-30 06:17:50-04:00,2026-08-31T00:06:52.147146+00:00
ibm_marrakesh,23,T2,181.36568808099722,us,2026-08-30 06:18:21-04:00,2026-08-31T00:06:52.147146+00:00
ibm_marrakesh,23,readout_error,0.053955078125,,2026-08-30 06:41:44-04:00,2026-08-31T00:06:52.147146+00:00
ibm_marrakesh,23,prob_meas0_prep1,0.059326171875,,2026-08-30 06:41:44-04:00,2026-08-31T00:06:52.147146+00:00
ibm_marrakesh,23,prob_meas1_prep0,0.048583984375,,2026-08-30 06:41:44-04:00,2026-08-31T00:06:52.147146+00:00
ibm_marrakesh,23,readout_length,2684.0,ns,2026-08-30 06:41:44-04:00,2026-08-31T00:06:52.147146+00:00
ibm_marrakesh,24,T1,140.18933273426282,us,2026-08-30 06:17:51-04:00,2026-08-31T00:06:52.147146+00:00
ibm_marrakesh,24,T2,54.035696377969614,us,2026-08-30 06:18:36-04:00,2026-08-31T00:06:52.147146+00:00
ibm_marrakesh,24,readout_error,0.029052734375,,2026-08-30 06:41:44-04:00,2026-08-31T00:06:52.147146+00:00
ibm_marrakesh,24,prob_meas0_prep1,0.0087890625,,2026-08-30 06:41:44-04:00,2026-08-31T00:06:52.147146+00:00
ibm_marrakesh,24,prob_meas1_prep0,0.04931640625,,2026-08-30 06:41:44-04:00,2026-08-31T00:06:52.147146+00:00
ibm_marrakesh,24,readout_length,2684.0,ns,2026-08-30 06:41:44-04:00,2026-08-31T00:06:52.147146+00:00
ibm_marrakesh,25,T1,155.6630270845985,us,2026-08-30 06:17:51-04:00,2026-08-31T00:06:52.147146+00:00
ibm_marrakesh,25,T2,37.99802883063914,us,2026-08-30 06:18:21-04:00,2026-08-31T00:06:52.147146+00:00
ibm_marrakesh,25,readout_error,0.019287109375,,2026-08-30 06:41:44-04:00,2026-08-31T00:06:52.147146+00:00
ibm_marrakesh,25,init_error,0.017799999798929437,,2026-08-30 07:12:39-04:00,2026-08-31T00:06:52.147146+00:00
ibm_marrakesh,25,prob_meas0_prep1,0.01904296875,,2026-08-30 06:41:44-04:00,2026-08-31T00:06:52.147146+00:00
ibm_marrakesh,25,prob_meas1_prep0,0.01953125,,2026-08-30 06:41:44-04:00,2026-08-31T00:06:52.147146+00:00
ibm_marrakesh,25,readout_length,2684.0,ns,2026-08-30 06:41:44-04:00,2026-08-31T00:06:52.147146+00:00
ibm_marrakesh,26,T1,6.586745275332145,us,2026-08-30 06:17:51-04:00,2026-08-31T00:06:52.147146+00:00
ibm_marrakesh,26,T2,6.8448499304506445,us,2026-08-30 06:18:36-04:00,2026-08-31T00:06:52.147146+00:00
ibm_marrakesh,26,readout_error,0.052001953125,,2026-08-30 06:41:44-04:00,2026-08-31T00:06:52.147146+00:00
ibm_marrakesh,26,prob_meas0_prep1,0.068603515625,,2026-08-30 06:41:44-04:00,2026-08-31T00:06:52.147146+00:00
ibm_marrakesh,26,prob_meas1_prep0,0.035400390625,,2026-08-30 06:41:44-04:00,2026-08-31T00:06:52.147146+00:00
ibm_marrakesh,26,readout_length,2684.0,ns,2026-08-30 06:41:44-04:00,2026-08-31T00:06:52.147146+00:00
ibm_marrakesh,27,T1,165.01376987036593,us,2026-08-30 06:17:51-04:00,2026-08-31T00:06:52.147146+00:00
ibm_marrakesh,27,T2,171.9059460846944,us,2026-08-30 06:18:21-04:00,2026-08-31T00:06:52.147146+00:00
ibm_marrakesh,27,readout_error,0.031005859375,,2026-08-30 06:41:44-04:00,2026-08-31T00:06:52.147146+00:00
ibm_marrakesh,27,prob_meas0_prep1,0.025146484375,,2026-08-30 06:41:44-04:00,2026-08-31T00:06:52.147146+00:00
ibm_marrakesh,27,prob_meas1_prep0,0.036865234375,,2026-08-30 06:41:44-04:00,2026-08-31T00:06:52.147146+00:00
ibm_marrakesh,27,readout_length,2684.0,ns,2026-08-30 06:41:44-04:00,2026-08-31T00:06:52.147146+00:00
ibm_marrakesh,28,T1,95.15733456171347,us,2026-08-30 06:17:51-04:00,2026-08-31T00:06:52.147146+00:00
ibm_marrakesh,28,T2,116.70660561545633,us,2026-08-30 06:18:36-04:00,2026-08-31T00:06:52.147146+00:00
ibm_marrakesh,28,readout_error,0.0623779296875,,2026-08-30 06:41:44-04:00,2026-08-31T00:06:52.147146+00:00
ibm_marrakesh,28,prob_meas0_prep1,0.05322265625,,2026-08-30 06:41:44-04:00,2026-08-31T00:06:52.147146+00:00
ibm_marrakesh,28,prob_meas1_prep0,0.071533203125,,2026-08-30 06:41:44-04:00,2026-08-31T00:06:52.147146+00:00
ibm_marrakesh,28,readout_length,2684.0,ns,2026-08-30 06:41:44-04:00,2026-08-31T00:06:52.147146+00:00
ibm_marrakesh,29,T2,51.68305944465464,us,2026-08-30 06:18:21-04:00,2026-08-31T00:06:52.147146+00:00
ibm_marrakesh,29,readout_error,0.0223388671875,,2026-08-30 06:41:44-04:00,2026-08-31T00:06:52.147146+00:00
ibm_marrakesh,29,init_error,0.0006399621116008052,,2026-08-30 07:12:39-04:00,2026-08-31T00:06:52.147146+00:00
ibm_marrakesh,29,prob_meas0_prep1,0.04345703125,,2026-08-30 06:41:44-04:00,2026-08-31T00:06:52.147146+00:00
ibm_marrakesh,29,prob_meas1_prep0,0.001220703125,,2026-08-30 06:41:44-04:00,2026-08-31T00:06:52.147146+00:00
ibm_marrakesh,29,readout_length,2684.0,ns,2026-08-30 06:41:44-04:00,2026-08-31T00:06:52.147146+00:00
ibm_marrakesh,30,T1,196.31992266741057,us,2026-08-30 06:17:52-04:00,2026-08-31T00:06:52.147146+00:00
ibm_marrakesh,30,T2,37.46151654914425,us,2026-08-30 06:18:36-04:00,2026-08-31T00:06:52.147146+00:00
ibm_marrakesh,30,readout_error,0.0113525390625,,2026-08-30 06:41:44-04:00,2026-08-31T00:06:52.147146+00:00
ibm_marrakesh,30,init_error,0.0031977709108301253,,2026-08-30 07:12:39-04:00,2026-08-31T00:06:52.147146+00:00
ibm_marrakesh,30,prob_meas0_prep1,0.01806640625,,2026-08-30 06:41:44-04:00,2026-08-31T00:06:52.147146+00:00
ibm_marrakesh,30,prob_meas1_prep0,0.004638671875,,2026-08-30 06:41:44-04:00,2026-08-31T00:06:52.147146+00:00
ibm_marrakesh,30,readout_length,2684.0,ns,2026-08-30 06:41:44-04:00,2026-08-31T00:06:52.147146+00:00
ibm_marrakesh,31,T1,164.18917120017576,us,2026-08-30 06:17:52-04:00,2026-08-31T00:06:52.147146+00:00
ibm_marrakesh,31,T2,71.93946007450468,us,2026-08-30 06:18:22-04:00,2026-08-31T00:06:52.147146+00:00
ibm_marrakesh,31,readout_error,0.0284423828125,,2026-08-30 06:41:44-04:00,2026-08-31T00:06:52.147146+00:00
ibm_marrakesh,31,init_error,0.0014764209404756275,,2026-08-30 03:54:29-04:00,2026-08-31T00:06:52.147146+00:00
ibm_marrakesh,31,prob_meas0_prep1,0.028076171875,,2026-08-30 06:41:44-04:00,2026-08-31T00:06:52.147146+00:00
ibm_marrakesh,31,prob_meas1_prep0,0.02880859375,,2026-08-30 06:41:44-04:00,2026-08-31T00:06:52.147146+00:00
ibm_marrakesh,31,readout_length,2684.0,ns,2026-08-30 06:41:44-04:00,2026-08-31T00:06:52.147146+00:00
ibm_marrakesh,32,T1,159.54988250178098,us,2026-08-30 06:17:52-04:00,2026-08-31T00:06:52.147146+00:00
ibm_marrakesh,32,T2,13.263453020800576,us,2026-08-30 06:18:36-04:00,2026-08-31T00:06:52.147146+00:00
ibm_marrakesh,32,readout_error,0.0079345703125,,2026-08-30 06:41:44-04:00,2026-08-31T00:06:52.147146+00:00
ibm_marrakesh,32,init_error,0.003220237618969344,,2026-08-30 07:12:39-04:00,2026-08-31T00:06:52.147146+00:00
ibm_marrakesh,32,prob_meas0_prep1,0.011474609375,,2026-08-30 06:41:44-04:00,2026-08-31T00:06:52.147146+00:00
ibm_marrakesh,32,prob_meas1_prep0,0.00439453125,,2026-08-30 06:41:44-04:00,2026-08-31T00:06:52.147146+00:00
ibm_marrakesh,32,readout_length,2684.0,ns,2026-08-30 06:41:44-04:00,2026-08-31T00:06:52.147146+00:00
ibm_marrakesh,33,T1,159.3908415515998,us,2026-08-30 06:17:53-04:00,2026-08-31T00:06:52.147146+00:00
ibm_marrakesh,33,T2,126.99727611772889,us,2026-08-30 06:18:22-04:00,2026-08-31T00:06:52.147146+00:00
ibm_marrakesh,33,readout_error,0.005126953125,,2026-08-30 06:41:44-04:00,2026-08-31T00:06:52.147146+00:00
ibm_marrakesh,33,init_error,0.0017990367219180787,,2026-08-30 07:12:39-04:00,2026-08-31T00:06:52.147146+00:00
ibm_marrakesh,33,prob_meas0_prep1,0.0234375,,2026-08-30 05:09:41-04:00,2026-08-31T00:06:52.147146+00:00
ibm_marrakesh,33,prob_meas1_prep0,0.0009765625,,2026-08-30 06:41:44-04:00,2026-08-31T00:06:52.147146+00:00
ibm_marrakesh,33,readout_length,2684.0,ns,2026-08-30 06:41:44-04:00,2026-08-31T00:06:52.147146+00:00
ibm_marrakesh,34,T1,156.86910113031627,us,2026-08-30 06:17:53-04:00,2026-08-31T00:06:52.147146+00:00
ibm_marrakesh,34,T2,112.0881583100867,us,2026-08-30 06:18:37-04:00,2026-08-31T00:06:52.147146+00:00
ibm_marrakesh,34,readout_error,0.007080078125,,2026-08-30 06:41:44-04:00,2026-08-31T00:06:52.147146+00:00
ibm_marrakesh,34,init_error,0.002598381211927951,,2026-08-30 07:12:39-04:00,2026-08-31T00:06:52.147146+00:00
ibm_marrakesh,34,prob_meas0_prep1,0.010498046875,,2026-08-30 06:41:44-04:00,2026-08-31T00:06:52.147146+00:00
ibm_marrakesh,34,prob_meas1_prep0,0.003662109375,,2026-08-30 06:41:44-04:00,2026-08-31T00:06:52.147146+00:00
ibm_marrakesh,34,readout_length,2684.0,ns,2026-08-30 06:41:44-04:00,2026-08-31T00:06:52.147146+00:00
ibm_marrakesh,35,T1,204.83467000205772,us,2026-08-30 06:17:53-04:00,2026-08-31T00:06:52.147146+00:00
ibm_marrakesh,35,T2,240.6976517976848,us,2026-08-30 06:18:22-04:00,2026-08-31T00:06:52.147146+00:00
ibm_marrakesh,35,readout_error,0.0186767578125,,2026-08-30 06:41:44-04:00,2026-08-31T00:06:52.147146+00:00
ibm_marrakesh,35,init_error,0.009400577069210407,,2026-08-30 07:12:39-04:00,2026-08-31T00:06:52.147146+00:00
ibm_marrakesh,35,prob_meas0_prep1,0.026611328125,,2026-08-30 06:41:44-04:00,2026-08-31T00:06:52.147146+00:00
ibm_marrakesh,35,prob_meas1_prep0,0.0107421875,,2026-08-30 06:41:44-04:00,2026-08-31T00:06:52.147146+00:00
ibm_marrakesh,35,readout_length,2684.0,ns,2026-08-30 06:41:44-04:00,2026-08-31T00:06:52.147146+00:00
ibm_marrakesh,36,T1,179.42586206153968,us,2026-08-30 06:17:53-04:00,2026-08-31T00:06:52.147146+00:00
ibm_marrakesh,36,T2,39.09316648203632,us,2026-08-30 06:18:37-04:00,2026-08-31T00:06:52.147146+00:00
ibm_marrakesh,36,readout_error,0.01806640625,,2026-08-30 06:41:44-04:00,2026-08-31T00:06:52.147146+00:00
ibm_marrakesh,36,init_error,0.004613119958794364,,2026-08-30 07:12:39-04:00,2026-08-31T00:06:52.147146+00:00
ibm_marrakesh,36,prob_meas0_prep1,0.02587890625,,2026-08-30 06:41:44-04:00,2026-08-31T00:06:52.147146+00:00
ibm_marrakesh,36,prob_meas1_prep0,0.01025390625,,2026-08-30 06:41:44-04:00,2026-08-31T00:06:52.147146+00:00
ibm_marrakesh,36,readout_length,2684.0,ns,2026-08-30 06:41:44-04:00,2026-08-31T00:06:52.147146+00:00
ibm_marrakesh,37,readout_error,0.369873046875,,2026-08-30 06:41:44-04:00,2026-08-31T00:06:52.147146+00:00
ibm_marrakesh,37,prob_meas0_prep1,0.092041015625,,2026-08-30 06:41:44-04:00,2026-08-31T00:06:52.147146+00:00
ibm_marrakesh,37,prob_meas1_prep0,0.647705078125,,2026-08-30 06:41:44-04:00,2026-08-31T00:06:52.147146+00:00
ibm_marrakesh,37,readout_length,2684.0,ns,2026-08-30 06:41:44-04:00,2026-08-31T00:06:52.147146+00:00
ibm_marrakesh,38,T1,101.9152439201576,us,2026-08-30 06:17:54-04:00,2026-08-31T00:06:52.147146+00:00
ibm_marrakesh,38,T2,11.632821425453157,us,2026-08-30 06:18:37-04:00,2026-08-31T00:06:52.147146+00:00
ibm_marrakesh,38,readout_error,0.0345458984375,,2026-08-30 06:41:44-04:00,2026-08-31T00:06:52.147146+00:00
ibm_marrakesh,38,init_error,0.00039999999987126326,,2026-08-30 03:54:29-04:00,2026-08-31T00:06:52.147146+00:00
ibm_marrakesh,38,prob_meas0_prep1,0.03857421875,,2026-08-30 06:41:44-04:00,2026-08-31T00:06:52.147146+00:00
ibm_marrakesh,38,prob_meas1_prep0,0.030517578125,,2026-08-30 06:41:44-04:00,2026-08-31T00:06:52.147146+00:00
ibm_marrakesh,38,readout_length,2684.0,ns,2026-08-30 06:41:44-04:00,2026-08-31T00:06:52.147146+00:00
ibm_marrakesh,39,T1,183.39205231784362,us,2026-08-30 06:17:54-04:00,2026-08-31T00:06:52.147146+00:00
ibm_marrakesh,39,T2,102.48426689793865,us,2026-08-30 06:18:37-04:00,2026-08-31T00:06:52.147146+00:00
ibm_marrakesh,39,readout_error,0.0146484375,,2026-08-30 06:41:44-04:00,2026-08-31T00:06:52.147146+00:00
ibm_marrakesh,39,init_error,0.01342696788411775,,2026-08-30 07:12:39-04:00,2026-08-31T00:06:52.147146+00:00
ibm_marrakesh,39,prob_meas0_prep1,0.009765625,,2026-08-30 06:41:44-04:00,2026-08-31T00:06:52.147146+00:00
ibm_marrakesh,39,prob_meas1_prep0,0.01953125,,2026-08-30 06:41:44-04:00,2026-08-31T00:06:52.147146+00:00
ibm_marrakesh,39,readout_length,2684.0,ns,2026-08-30 06:41:44-04:00,2026-08-31T00:06:52.147146+00:00
ibm_marrakesh,40,T1,202.5724513466468,us,2026-08-30 06:17:54-04:00,2026-08-31T00:06:52.147146+00:00
ibm_marrakesh,40,T2,85.34558711347462,us,2026-08-30 06:18:38-04:00,2026-08-31T00:06:52.147146+00:00
ibm_marrakesh,40,readout_error,0.0106201171875,,2026-08-30 06:41:44-04:00,2026-08-31T00:06:52.147146+00:00
ibm_marrakesh,40,init_error,0.0055245718672445624,,2026-08-30 07:12:39-04:00,2026-08-31T00:06:52.147146+00:00
ibm_marrakesh,40,prob_meas0_prep1,0.010498046875,,2026-08-30 06:41:44-04:00,2026-08-31T00:06:52.147146+00:00
ibm_marrakesh,40,prob_meas1_prep0,0.0107421875,,2026-08-30 06:41:44-04:00,2026-08-31T00:06:52.147146+00:00
ibm_marrakesh,40,readout_length,2684.0,ns,2026-08-30 06:41:44-04:00,2026-08-31T00:06:52.147146+00:00
ibm_marrakesh,41,T1,166.73566730993667,us,2026-08-30 06:17:54-04:00,2026-08-31T00:06:52.147146+00:00
ibm_marrakesh,41,T2,38.083344885029106,us,2026-08-30 06:18:22-04:00,2026-08-31T00:06:52.147146+00:00
ibm_marrakesh,41,readout_error,0.0123291015625,,2026-08-30 06:41:44-04:00,2026-08-31T00:06:52.147146+00:00
ibm_marrakesh,41,init_error,0.007000866791669753,,2026-08-30 07:12:39-04:00,2026-08-31T00:06:52.147146+00:00
ibm_marrakesh,41,prob_meas0_prep1,0.017822265625,,2026-08-30 06:41:44-04:00,2026-08-31T00:06:52.147146+00:00
ibm_marrakesh,41,prob_meas1_prep0,0.0068359375,,2026-08-30 06:41:44-04:00,2026-08-31T00:06:52.147146+00:00
ibm_marrakesh,41,readout_length,2684.0,ns,2026-08-30 06:41:44-04:00,2026-08-31T00:06:52.147146+00:00
ibm_marrakesh,42,T1,131.70383048808387,us,2026-08-30 06:17:54-04:00,2026-08-31T00:06:52.147146+00:00
ibm_marrakesh,42,readout_error,0.0184326171875,,2026-08-30 06:41:44-04:00,2026-08-31T00:06:52.147146+00:00
ibm_marrakesh,42,init_error,0.013201790225727365,,2026-08-30 07:12:39-04:00,2026-08-31T00:06:52.147146+00:00
ibm_marrakesh,42,prob_meas0_prep1,0.013671875,,2026-08-30 06:41:44-04:00,2026-08-31T00:06:52.147146+00:00
ibm_marrakesh,42,prob_meas1_prep0,0.023193359375,,2026-08-30 06:41:44-04:00,2026-08-31T00:06:52.147146+00:00
ibm_marrakesh,42,readout_length,2684.0,ns,2026-08-30 06:41:44-04:00,2026-08-31T00:06:52.147146+00:00
ibm_marrakesh,43,T2,27.382835308930314,us,2026-08-30 06:18:23-04:00,2026-08-31T00:06:52.147146+00:00
ibm_marrakesh,43,readout_error,0.00732421875,,2026-08-30 06:41:44-04:00,2026-08-31T00:06:52.147146+00:00
ibm_marrakesh,43,init_error,0.0036000015805830346,,2026-08-30 07:12:39-04:00,2026-08-31T00:06:52.147146+00:00
ibm_marrakesh,43,prob_meas0_prep1,0.01171875,,2026-08-30 06:41:44-04:00,2026-08-31T00:06:52.147146+00:00
ibm_marrakesh,43,prob_meas1_prep0,0.0029296875,,2026-08-30 06:41:44-04:00,2026-08-31T00:06:52.147146+00:00
ibm_marrakesh,43,readout_length,2684.0,ns,2026-08-30 06:41:44-04:00,2026-08-31T00:06:52.147146+00:00
ibm_marrakesh,44,T1,36.95737485016461,us,2026-08-30 06:17:55-04:00,2026-08-31T00:06:52.147146+00:00
ibm_marrakesh,44,T2,22.525341275052696,us,2026-08-30 06:18:38-04:00,2026-08-31T00:06:52.147146+00:00
ibm_marrakesh,44,readout_error,0.0185546875,,2026-08-30 06:41:44-04:00,2026-08-31T00:06:52.147146+00:00
ibm_marrakesh,44,init_error,0.0054164913458889545,,2026-08-30 03:54:29-04:00,2026-08-31T00:06:52.147146+00:00
ibm_marrakesh,44,prob_meas0_prep1,0.028076171875,,2026-08-30 06:41:44-04:00,2026-08-31T00:06:52.147146+00:00
ibm_marrakesh,44,prob_meas1_prep0,0.009033203125,,2026-08-30 06:41:44-04:00,2026-08-31T00:06:52.147146+00:00
ibm_marrakesh,44,readout_length,2684.0,ns,2026-08-30 06:41:44-04:00,2026-08-31T00:06:52.147146+00:00
ibm_marrakesh,45,T1,45.573444835960096,us,2026-08-30 06:17:55-04:00,2026-08-31T00:06:52.147146+00:00
ibm_marrakesh,45,T2,39.11690583330551,us,2026-08-30 06:18:23-04:00,2026-08-31T00:06:52.147146+00:00
ibm_marrakesh,45,readout_error,0.01611328125,,2026-08-30 06:41:44-04:00,2026-08-31T00:06:52.147146+00:00
ibm_marrakesh,45,init_error,0.007357834627030422,,2026-08-30 03:54:29-04:00,2026-08-31T00:06:52.147146+00:00
ibm_marrakesh,45,prob_meas0_prep1,0.021240234375,,2026-08-30 06:41:44-04:00,2026-08-31T00:06:52.147146+00:00
ibm_marrakesh,45,prob_meas1_prep0,0.010986328125,,2026-08-30 06:41:44-04:00,2026-08-31T00:06:52.147146+00:00
ibm_marrakesh,45,readout_length,2684.0,ns,2026-08-30 06:41:44-04:00,2026-08-31T00:06:52.147146+00:00
ibm_marrakesh,46,T1,106.12621384643003,us,2026-08-30 06:17:55-04:00,2026-08-31T00:06:52.147146+00:00
ibm_marrakesh,46,T2,41.39997528632465,us,2026-08-30 06:18:38-04:00,2026-08-31T00:06:52.147146+00:00
ibm_marrakesh,46,readout_error,0.03759765625,,2026-08-30 06:41:44-04:00,2026-08-31T00:06:52.147146+00:00
ibm_marrakesh,46,prob_meas0_prep1,0.051025390625,,2026-08-30 06:41:44-04:00,2026-08-31T00:06:52.147146+00:00
ibm_marrakesh,46,prob_meas1_prep0,0.024169921875,,2026-08-30 06:41:44-04:00,2026-08-31T00:06:52.147146+00:00
ibm_marrakesh,46,readout_length,2684.0,ns,2026-08-30 06:41:44-04:00,2026-08-31T00:06:52.147146+00:00
ibm_marrakesh,47,T1,219.17912984263006,us,2026-08-30 06:17:56-04:00,2026-08-31T00:06:52.147146+00:00
ibm_marrakesh,47,T2,177.49370065051872,us,2026-08-30 06:18:23-04:00,2026-08-31T00:06:52.147146+00:00
ibm_marrakesh,47,readout_error,0.0057373046875,,2026-08-30 06:41:44-04:00,2026-08-31T00:06:52.147146+00:00
ibm_marrakesh,47,init_error,0.003000000294021879,,2026-08-30 07:12:39-04:00,2026-08-31T00:06:52.147146+00:00
ibm_marrakesh,47,prob_meas0_prep1,0.00732421875,,2026-08-30 06:41:44-04:00,2026-08-31T00:06:52.147146+00:00
ibm_marrakesh,47,prob_meas1_prep0,0.004150390625,,2026-08-30 06:41:44-04:00,2026-08-31T00:06:52.147146+00:00
ibm_marrakesh,47,readout_length,2684.0,ns,2026-08-30 06:41:44-04:00,2026-08-31T00:06:52.147146+00:00
ibm_marrakesh,48,T1,229.11248047189275,us,2026-08-30 06:17:56-04:00,2026-08-31T00:06:52.147146+00:00
ibm_marrakesh,48,T2,197.82822514842505,us,2026-08-30 06:18:39-04:00,2026-08-31T00:06:52.147146+00:00
ibm_marrakesh,48,readout_error,0.0413818359375,,2026-08-30 06:41:44-04:00,2026-08-31T00:06:52.147146+00:00
ibm_marrakesh,48,prob_meas0_prep1,0.0478515625,,2026-08-30 06:41:44-04:00,2026-08-31T00:06:52.147146+00:00
ibm_marrakesh,48,prob_meas1_prep0,0.034912109375,,2026-08-30 06:41:44-04:00,2026-08-31T00:06:52.147146+00:00
ibm_marrakesh,48,readout_length,2684.0,ns,2026-08-30 06:41:44-04:00,2026-08-31T00:06:52.147146+00:00
ibm_marrakesh,49,T1,274.9426596345704,us,2026-08-30 06:17:56-04:00,2026-08-31T00:06:52.147146+00:00
ibm_marrakesh,49,T2,218.1374249282315,us,2026-08-30 06:18:23-04:00,2026-08-31T00:06:52.147146+00:00
ibm_marrakesh,49,readout_error,0.00732421875,,2026-08-30 06:41:44-04:00,2026-08-31T00:06:52.147146+00:00
ibm_marrakesh,49,init_error,0.001414422382119466,,2026-08-30 07:12:39-04:00,2026-08-31T00:06:52.147146+00:00
ibm_marrakesh,49,prob_meas0_prep1,0.0107421875,,2026-08-30 06:41:44-04:00,2026-08-31T00:06:52.147146+00:00
ibm_marrakesh,49,prob_meas1_prep0,0.00390625,,2026-08-30 06:41:44-04:00,2026-08-31T00:06:52.147146+00:00
ibm_marrakesh,49,readout_length,2684.0,ns,2026-08-30 06:41:44-04:00,2026-08-31T00:06:52.147146+00:00
ibm_marrakesh,50,T2,65.94451035068315,us,2026-08-30 06:18:39-04:00,2026-08-31T00:06:52.147146+00:00
ibm_marrakesh,50,readout_error,0.0587158203125,,2026-08-30 06:41:44-04:00,2026-08-31T00:06:52.147146+00:00
ibm_marrakesh,50,prob_meas0_prep1,0.03662109375,,2026-08-30 05:09:50-04:00,2026-08-31T00:06:52.147146+00:00
ibm_marrakesh,50,prob_meas1_prep0,0.072509765625,,2026-08-30 06:41:44-04:00,2026-08-31T00:06:52.147146+00:00
ibm_marrakesh,50,readout_length,2684.0,ns,2026-08-30 06:41:44-04:00,2026-08-31T00:06:52.147146+00:00
ibm_marrakesh,51,T1,203.117364286092,us,2026-08-30 06:17:56-04:00,2026-08-31T00:06:52.147146+00:00
ibm_marrakesh,51,T2,251.18272865112237,us,2026-08-30 06:18:23-04:00,2026-08-31T00:06:52.147146+00:00
ibm_marrakesh,51,readout_error,0.05322265625,,2026-08-30 06:41:44-04:00,2026-08-31T00:06:52.147146+00:00
ibm_marrakesh,51,prob_meas0_prep1,0.069091796875,,2026-08-30 06:41:44-04:00,2026-08-31T00:06:52.147146+00:00
ibm_marrakesh,51,prob_meas1_prep0,0.037353515625,,2026-08-30 06:41:44-04:00,2026-08-31T00:06:52.147146+00:00
ibm_marrakesh,51,readout_length,2684.0,ns,2026-08-30 06:41:44-04:00,2026-08-31T00:06:52.147146+00:00
ibm_marrakesh,52,T1,120.98545511856973,us,2026-08-30 06:17:57-04:00,2026-08-31T00:06:52.147146+00:00
ibm_marrakesh,52,T2,121.15810377408262,us,2026-08-30 06:18:39-04:00,2026-08-31T00:06:52.147146+00:00
ibm_marrakesh,52,readout_error,0.013671875,,2026-08-30 06:41:44-04:00,2026-08-31T00:06:52.147146+00:00
ibm_marrakesh,52,init_error,0.0015989384285802696,,2026-08-30 07:12:39-04:00,2026-08-31T00:06:52.147146+00:00
ibm_marrakesh,52,prob_meas0_prep1,0.023193359375,,2026-08-30 06:41:44-04:00,2026-08-31T00:06:52.147146+00:00
ibm_marrakesh,52,prob_meas1_prep0,0.004150390625,,2026-08-30 06:41:44-04:00,2026-08-31T00:06:52.147146+00:00
ibm_marrakesh,52,readout_length,2684.0,ns,2026-08-30 06:41:44-04:00,2026-08-31T00:06:52.147146+00:00
ibm_marrakesh,53,T1,304.56241044362014,us,2026-08-30 06:17:57-04:00,2026-08-31T00:06:52.147146+00:00
ibm_marrakesh,53,T2,133.50429034988414,us,2026-08-30 06:18:24-04:00,2026-08-31T00:06:52.147146+00:00
ibm_marrakesh,53,readout_error,0.0057373046875,,2026-08-30 06:41:44-04:00,2026-08-31T00:06:52.147146+00:00
ibm_marrakesh,53,init_error,0.006721327972894915,,2026-08-30 07:12:39-04:00,2026-08-31T00:06:52.147146+00:00
ibm_marrakesh,53,prob_meas0_prep1,0.008056640625,,2026-08-30 06:41:44-04:00,2026-08-31T00:06:52.147146+00:00
ibm_marrakesh,53,prob_meas1_prep0,0.00341796875,,2026-08-30 06:41:44-04:00,2026-08-31T00:06:52.147146+00:00
ibm_marrakesh,53,readout_length,2684.0,ns,2026-08-30 06:41:44-04:00,2026-08-31T00:06:52.147146+00:00
ibm_marrakesh,54,T1,95.82069893193761,us,2026-08-30 06:17:57-04:00,2026-08-31T00:06:52.147146+00:00
ibm_marrakesh,54,T2,180.9680742651681,us,2026-08-30 06:18:39-04:00,2026-08-31T00:06:52.147146+00:00
ibm_marrakesh,54,readout_error,0.005126953125,,2026-08-30 06:41:44-04:00,2026-08-31T00:06:52.147146+00:00
ibm_marrakesh,54,init_error,0.0059978419575154734,,2026-08-30 07:12:39-04:00,2026-08-31T00:06:52.147146+00:00
ibm_marrakesh,54,prob_meas0_prep1,0.00341796875,,2026-08-30 06:41:44-04:00,2026-08-31T00:06:52.147146+00:00
ibm_marrakesh,54,prob_meas1_prep0,0.0068359375,,2026-08-30 06:41:44-04:00,2026-08-31T00:06:52.147146+00:00
ibm_marrakesh,54,readout_length,2684.0,ns,2026-08-30 06:41:44-04:00,2026-08-31T00:06:52.147146+00:00
ibm_marrakesh,55,T1,260.3941955297378,us,2026-08-30 06:17:57-04:00,2026-08-31T00:06:52.147146+00:00
ibm_marrakesh,55,T2,66.27459532545377,us,2026-08-30 06:18:24-04:00,2026-08-31T00:06:52.147146+00:00
ibm_marrakesh,55,readout_error,0.0115966796875,,2026-08-30 06:41:44-04:00,2026-08-31T00:06:52.147146+00:00
ibm_marrakesh,55,init_error,0.008998966376382258,,2026-08-30 03:54:29-04:00,2026-08-31T00:06:52.147146+00:00
ibm_marrakesh,55,prob_meas0_prep1,0.008544921875,,2026-08-30 06:41:44-04:00,2026-08-31T00:06:52.147146+00:00
ibm_marrakesh,55,prob_meas1_prep0,0.0146484375,,2026-08-30 06:41:44-04:00,2026-08-31T00:06:52.147146+00:00
ibm_marrakesh,55,readout_length,2684.0,ns,2026-08-30 06:41:44-04:00,2026-08-31T00:06:52.147146+00:00
ibm_marrakesh,56,T1,177.57056271609923,us,2026-08-30 06:17:57-04:00,2026-08-31T00:06:52.147146+00:00
ibm_marrakesh,56,T2,21.41738367492964,us,2026-08-30 06:18:39-04:00,2026-08-31T00:06:52.147146+00:00
ibm_marrakesh,56,readout_error,0.008544921875,,2026-08-30 06:41:44-04:00,2026-08-31T00:06:52.147146+00:00
ibm_marrakesh,56,init_error,0.0028479895313330427,,2026-08-30 07:12:39-04:00,2026-08-31T00:06:52.147146+00:00
ibm_marrakesh,56,prob_meas0_prep1,0.014892578125,,2026-08-30 06:41:44-04:00,2026-08-31T00:06:52.147146+00:00
ibm_marrakesh,56,prob_meas1_prep0,0.002197265625,,2026-08-30 06:41:44-04:00,2026-08-31T00:06:52.147146+00:00
ibm_marrakesh,56,readout_length,2684.0,ns,2026-08-30 06:41:44-04:00,2026-08-31T00:06:52.147146+00:00
ibm_marrakesh,57,T2,4.559133502473062,us,2026-08-30 06:18:40-04:00,2026-08-31T00:06:52.147146+00:00
ibm_marrakesh,57,readout_error,0.0059814453125,,2026-08-30 06:41:44-04:00,2026-08-31T00:06:52.147146+00:00
ibm_marrakesh,57,init_error,0.002399918541088637,,2026-08-30 07:12:39-04:00,2026-08-31T00:06:52.147146+00:00
ibm_marrakesh,57,prob_meas0_prep1,0.010498046875,,2026-08-30 06:41:44-04:00,2026-08-31T00:06:52.147146+00:00
ibm_marrakesh,57,prob_meas1_prep0,0.00146484375,,2026-08-30 06:41:44-04:00,2026-08-31T00:06:52.147146+00:00
ibm_marrakesh,57,readout_length,2684.0,ns,2026-08-30 06:41:44-04:00,2026-08-31T00:06:52.147146+00:00
ibm_marrakesh,58,T1,120.18528720151647,us,2026-08-30 06:17:58-04:00,2026-08-31T00:06:52.147146+00:00
ibm_marrakesh,58,T2,127.95540669828236,us,2026-08-30 06:18:40-04:00,2026-08-31T00:06:52.147146+00:00
ibm_marrakesh,58,readout_error,0.0577392578125,,2026-08-30 06:41:44-04:00,2026-08-31T00:06:52.147146+00:00
ibm_marrakesh,58,init_error,0.03358878402478011,,2026-08-30 03:54:29-04:00,2026-08-31T00:06:52.147146+00:00
ibm_marrakesh,58,prob_meas0_prep1,0.02783203125,,2026-08-30 06:41:44-04:00,2026-08-31T00:06:52.147146+00:00
ibm_marrakesh,58,prob_meas1_prep0,0.087646484375,,2026-08-30 06:41:44-04:00,2026-08-31T00:06:52.147146+00:00
ibm_marrakesh,58,readout_length,2684.0,ns,2026-08-30 06:41:44-04:00,2026-08-31T00:06:52.147146+00:00
ibm_marrakesh,59,T1,122.15807887618543,us,2026-08-30 06:17:58-04:00,2026-08-31T00:06:52.147146+00:00
ibm_marrakesh,59,T2,199.98054555848606,us,2026-08-30 06:18:40-04:00,2026-08-31T00:06:52.147146+00:00
ibm_marrakesh,59,readout_error,0.01953125,,2026-08-30 06:41:44-04:00,2026-08-31T00:06:52.147146+00:00
ibm_marrakesh,59,init_error,0.007337109177549076,,2026-08-30 03:54:29-04:00,2026-08-31T00:06:52.147146+00:00
ibm_marrakesh,59,prob_meas0_prep1,0.032958984375,,2026-08-30 06:41:44-04:00,2026-08-31T00:06:52.147146+00:00
ibm_marrakesh,59,prob_meas1_prep0,0.006103515625,,2026-08-30 06:41:44-04:00,2026-08-31T00:06:52.147146+00:00
ibm_marrakesh,59,readout_length,2684.0,ns,2026-08-30 06:41:44-04:00,2026-08-31T00:06:52.147146+00:00
ibm_marrakesh,60,T1,160.89940871457188,us,2026-08-30 06:17:58-04:00,2026-08-31T00:06:52.147146+00:00
ibm_marrakesh,60,T2,62.228561429868996,us,2026-08-30 06:18:40-04:00,2026-08-31T00:06:52.147146+00:00
ibm_marrakesh,60,readout_error,0.006103515625,,2026-08-30 06:41:44-04:00,2026-08-31T00:06:52.147146+00:00
ibm_marrakesh,60,init_error,0.003040493876384685,,2026-08-30 07:12:40-04:00,2026-08-31T00:06:52.147146+00:00
ibm_marrakesh,60,prob_meas0_prep1,0.0087890625,,2026-08-30 06:41:44-04:00,2026-08-31T00:06:52.147146+00:00
ibm_marrakesh,60,prob_meas1_prep0,0.00341796875,,2026-08-30 06:41:44-04:00,2026-08-31T00:06:52.147146+00:00
ibm_marrakesh,60,readout_length,2684.0,ns,2026-08-30 06:41:44-04:00,2026-08-31T00:06:52.147146+00:00
ibm_marrakesh,61,T1,310.051177987506,us,2026-08-30 06:17:59-04:00,2026-08-31T00:06:52.147146+00:00
ibm_marrakesh,61,T2,194.6725096988867,us,2026-08-30 06:18:24-04:00,2026-08-31T00:06:52.147146+00:00
ibm_marrakesh,61,readout_error,0.0203857421875,,2026-08-30 06:41:44-04:00,2026-08-31T00:06:52.147146+00:00
ibm_marrakesh,61,init_error,0.009416564082521854,,2026-08-30 07:12:40-04:00,2026-08-31T00:06:52.147146+00:00
ibm_marrakesh,61,prob_meas0_prep1,0.027099609375,,2026-08-30 06:41:44-04:00,2026-08-31T00:06:52.147146+00:00
ibm_marrakesh,61,prob_meas1_prep0,0.013671875,,2026-08-30 06:41:44-04:00,2026-08-31T00:06:52.147146+00:00
ibm_marrakesh,61,readout_length,2684.0,ns,2026-08-30 06:41:44-04:00,2026-08-31T00:06:52.147146+00:00
ibm_marrakesh,62,T1,98.84748225868462,us,2026-08-30 06:17:59-04:00,2026-08-31T00:06:52.147146+00:00
ibm_marrakesh,62,T2,30.782028720873402,us,2026-08-30 06:18:40-04:00,2026-08-31T00:06:52.147146+00:00
ibm_marrakesh,62,readout_error,0.0267333984375,,2026-08-30 06:41:44-04:00,2026-08-31T00:06:52.147146+00:00
ibm_marrakesh,62,init_error,0.01587055364861456,,2026-08-30 07:12:40-04:00,2026-08-31T00:06:52.147146+00:00
ibm_marrakesh,62,prob_meas0_prep1,0.02978515625,,2026-08-30 06:41:44-04:00,2026-08-31T00:06:52.147146+00:00
ibm_marrakesh,62,prob_meas1_prep0,0.023681640625,,2026-08-30 06:41:44-04:00,2026-08-31T00:06:52.147146+00:00
ibm_marrakesh,62,readout_length,2684.0,ns,2026-08-30 06:41:44-04:00,2026-08-31T00:06:52.147146+00:00
ibm_marrakesh,63,T1,152.75269899657863,us,2026-08-30 06:17:59-04:00,2026-08-31T00:06:52.147146+00:00
ibm_marrakesh,63,T2,138.47607289272952,us,2026-08-30 06:18:24-04:00,2026-08-31T00:06:52.147146+00:00
ibm_marrakesh,63,readout_error,0.040283203125,,2026-08-30 06:41:44-04:00,2026-08-31T00:06:52.147146+00:00
ibm_marrakesh,63,prob_meas0_prep1,0.052978515625,,2026-08-30 06:41:44-04:00,2026-08-31T00:06:52.147146+00:00
ibm_marrakesh,63,prob_meas1_prep0,0.027587890625,,2026-08-30 06:41:44-04:00,2026-08-31T00:06:52.147146+00:00
ibm_marrakesh,63,readout_length,2684.0,ns,2026-08-30 06:41:44-04:00,2026-08-31T00:06:52.147146+00:00
ibm_marrakesh,64,T1,234.99943944020316,us,2026-08-30 06:17:59-04:00,2026-08-31T00:06:52.147146+00:00
ibm_marrakesh,64,T2,33.32019435703914,us,2026-08-30 06:18:41-04:00,2026-08-31T00:06:52.147146+00:00
ibm_marrakesh,64,readout_error,0.0849609375,,2026-08-30 06:41:44-04:00,2026-08-31T00:06:52.147146+00:00
ibm_marrakesh,64,init_error,0.0026118639175457883,,2026-08-30 03:54:29-04:00,2026-08-31T00:06:52.147146+00:00
ibm_marrakesh,64,prob_meas0_prep1,0.06103515625,,2026-08-30 06:41:44-04:00,2026-08-31T00:06:52.147146+00:00
ibm_marrakesh,64,prob_meas1_prep0,0.10888671875,,2026-08-30 06:41:44-04:00,2026-08-31T00:06:52.147146+00:00
ibm_marrakesh,64,readout_length,2684.0,ns,2026-08-30 06:41:44-04:00,2026-08-31T00:06:52.147146+00:00
ibm_marrakesh,65,T1,174.16311348915448,us,2026-08-30 06:17:59-04:00,2026-08-31T00:06:52.147146+00:00
ibm_marrakesh,65,T2,50.99248103184532,us,2026-08-30 06:18:25-04:00,2026-08-31T00:06:52.147146+00:00
ibm_marrakesh,65,readout_error,0.009765625,,2026-08-30 06:41:44-04:00,2026-08-31T00:06:52.147146+00:00
ibm_marrakesh,65,init_error,0.006400020676465647,,2026-08-30 07:12:40-04:00,2026-08-31T00:06:52.147146+00:00
ibm_marrakesh,65,prob_meas0_prep1,0.012939453125,,2026-08-30 06:41:44-04:00,2026-08-31T00:06:52.147146+00:00
ibm_marrakesh,65,prob_meas1_prep0,0.006591796875,,2026-08-30 06:41:44-04:00,2026-08-31T00:06:52.147146+00:00
ibm_marrakesh,65,readout_length,2684.0,ns,2026-08-30 06:41:44-04:00,2026-08-31T00:06:52.147146+00:00
ibm_marrakesh,66,T1,96.1583737955381,us,2026-08-30 06:18:00-04:00,2026-08-31T00:06:52.147146+00:00
ibm_marrakesh,66,T2,18.17098336405701,us,2026-08-30 06:18:41-04:00,2026-08-31T00:06:52.147146+00:00
ibm_marrakesh,66,readout_error,0.0755615234375,,2026-08-30 06:41:44-04:00,2026-08-31T00:06:52.147146+00:00
ibm_marrakesh,66,prob_meas0_prep1,0.04931640625,,2026-08-30 06:41:44-04:00,2026-08-31T00:06:52.147146+00:00
ibm_marrakesh,66,prob_meas1_prep0,0.101806640625,,2026-08-30 06:41:44-04:00,2026-08-31T00:06:52.147146+00:00
ibm_marrakesh,66,readout_length,2684.0,ns,2026-08-30 06:41:44-04:00,2026-08-31T00:06:52.147146+00:00
ibm_marrakesh,67,T1,275.55244066071884,us,2026-08-30 06:18:00-04:00,2026-08-31T00:06:52.147146+00:00
ibm_marrakesh,67,T2,88.91637674380948,us,2026-08-30 06:18:25-04:00,2026-08-31T00:06:52.147146+00:00
ibm_marrakesh,67,readout_error,0.02783203125,,2026-08-30 06:41:44-04:00,2026-08-31T00:06:52.147146+00:00
ibm_marrakesh,67,prob_meas0_prep1,0.05859375,,2026-08-30 05:09:59-04:00,2026-08-31T00:06:52.147146+00:00
ibm_marrakesh,67,prob_meas1_prep0,0.03369140625,,2026-08-30 06:41:44-04:00,2026-08-31T00:06:52.147146+00:00
ibm_marrakesh,67,readout_length,2684.0,ns,2026-08-30 06:41:44-04:00,2026-08-31T00:06:52.147146+00:00
ibm_marrakesh,68,T1,120.68455347611841,us,2026-08-30 06:18:00-04:00,2026-08-31T00:06:52.147146+00:00
ibm_marrakesh,68,T2,20.899867782233947,us,2026-08-30 06:18:41-04:00,2026-08-31T00:06:52.147146+00:00
ibm_marrakesh,68,readout_error,0.0076904296875,,2026-08-30 06:41:44-04:00,2026-08-31T00:06:52.147146+00:00
ibm_marrakesh,68,init_error,0.0010017681244261153,,2026-08-30 07:12:40-04:00,2026-08-31T00:06:52.147146+00:00
ibm_marrakesh,68,prob_meas0_prep1,0.013916015625,,2026-08-30 06:41:44-04:00,2026-08-31T00:06:52.147146+00:00
ibm_marrakesh,68,prob_meas1_prep0,0.00146484375,,2026-08-30 06:41:44-04:00,2026-08-31T00:06:52.147146+00:00
ibm_marrakesh,68,readout_length,2684.0,ns,2026-08-30 06:41:44-04:00,2026-08-31T00:06:52.147146+00:00
ibm_marrakesh,69,T1,132.15582306078926,us,2026-08-30 06:18:00-04:00,2026-08-31T00:06:52.147146+00:00
ibm_marrakesh,69,T2,40.43628978506055,us,2026-08-30 06:18:25-04:00,2026-08-31T00:06:52.147146+00:00
ibm_marrakesh,69,readout_error,0.0382080078125,,2026-08-30 06:41:44-04:00,2026-08-31T00:06:52.147146+00:00
ibm_marrakesh,69,prob_meas0_prep1,0.041748046875,,2026-08-30 06:41:44-04:00,2026-08-31T00:06:52.147146+00:00
ibm_marrakesh,69,prob_meas1_prep0,0.03466796875,,2026-08-30 06:41:44-04:00,2026-08-31T00:06:52.147146+00:00
ibm_marrakesh,69,readout_length,2684.0,ns,2026-08-30 06:41:44-04:00,2026-08-31T00:06:52.147146+00:00
ibm_marrakesh,70,T1,178.93292600119102,us,2026-08-30 06:18:00-04:00,2026-08-31T00:06:52.147146+00:00
ibm_marrakesh,70,T2,24.61368085752002,us,2026-08-30 06:18:41-04:00,2026-08-31T00:06:52.147146+00:00
ibm_marrakesh,70,readout_error,0.0799560546875,,2026-08-30 06:41:44-04:00,2026-08-31T00:06:52.147146+00:00
ibm_marrakesh,70,init_error,0.012599433419712924,,2026-08-30 03:54:29-04:00,2026-08-31T00:06:52.147146+00:00
ibm_marrakesh,70,prob_meas0_prep1,0.04345703125,,2026-08-30 06:41:44-04:00,2026-08-31T00:06:52.147146+00:00
ibm_marrakesh,70,prob_meas1_prep0,0.116455078125,,2026-08-30 06:41:44-04:00,2026-08-31T00:06:52.147146+00:00
ibm_marrakesh,70,readout_length,2684.0,ns,2026-08-30 06:41:44-04:00,2026-08-31T00:06:52.147146+00:00
ibm_marrakesh,71,T1,111.10969339139034,us,2026-08-30 06:18:01-04:00,2026-08-31T00:06:52.147146+00:00
ibm_marrakesh,71,T2,129.9278728954074,us,2026-08-30 06:18:25-04:00,2026-08-31T00:06:52.147146+00:00
ibm_marrakesh,71,readout_error,0.0062255859375,,2026-08-30 06:41:44-04:00,2026-08-31T00:06:52.147146+00:00
ibm_marrakesh,71,init_error,0.03200732914113564,,2026-08-30 03:54:29-04:00,2026-08-31T00:06:52.147146+00:00
ibm_marrakesh,71,prob_meas0_prep1,0.01123046875,,2026-08-30 06:41:44-04:00,2026-08-31T00:06:52.147146+00:00
ibm_marrakesh,71,prob_meas1_prep0,0.001220703125,,2026-08-30 06:41:44-04:00,2026-08-31T00:06:52.147146+00:00
ibm_marrakesh,71,readout_length,2684.0,ns,2026-08-30 06:41:44-04:00,2026-08-31T00:06:52.147146+00:00
ibm_marrakesh,72,T1,68.33086076658424,us,2026-08-30 06:18:01-04:00,2026-08-31T00:06:52.147146+00:00
ibm_marrakesh,72,T2,13.685168631822195,us,2026-08-30 06:18:41-04:00,2026-08-31T00:06:52.147146+00:00
ibm_marrakesh,72,readout_error,0.0159912109375,,2026-08-30 06:41:44-04:00,2026-08-31T00:06:52.147146+00:00
ibm_marrakesh,72,init_error,0.005642379201660888,,2026-08-30 07:12:40-04:00,2026-08-31T00:06:52.147146+00:00
ibm_marrakesh,72,prob_meas0_prep1,0.0234375,,2026-08-30 06:41:44-04:00,2026-08-31T00:06:52.147146+00:00
ibm_marrakesh,72,prob_meas1_prep0,0.008544921875,,2026-08-30 06:41:44-04:00,2026-08-31T00:06:52.147146+00:00
ibm_marrakesh,72,readout_length,2684.0,ns,2026-08-30 06:41:44-04:00,2026-08-31T00:06:52.147146+00:00
ibm_marrakesh,73,T1,164.2231919749221,us,2026-08-30 06:18:01-04:00,2026-08-31T00:06:52.147146+00:00
ibm_marrakesh,73,T2,65.59591164331704,us,2026-08-30 06:18:25-04:00,2026-08-31T00:06:52.147146+00:00
ibm_marrakesh,73,readout_error,0.0374755859375,,2026-08-30 06:41:44-04:00,2026-08-31T00:06:52.147146+00:00
ibm_marrakesh,73,init_error,0.039135992556531815,,2026-08-30 03:54:29-04:00,2026-08-31T00:06:52.147146+00:00
ibm_marrakesh,73,prob_meas0_prep1,0.0263671875,,2026-08-30 06:41:44-04:00,2026-08-31T00:06:52.147146+00:00
ibm_marrakesh,73,prob_meas1_prep0,0.048583984375,,2026-08-30 06:41:44-04:00,2026-08-31T00:06:52.147146+00:00
ibm_marrakesh,73,readout_length,2684.0,ns,2026-08-30 06:41:44-04:00,2026-08-31T00:06:52.147146+00:00
ibm_marrakesh,74,T1,83.05168718991212,us,2026-08-30 06:18:01-04:00,2026-08-31T00:06:52.147146+00:00
ibm_marrakesh,74,T2,14.554705726974529,us,2026-08-30 06:18:42-04:00,2026-08-31T00:06:52.147146+00:00
ibm_marrakesh,74,readout_error,0.037109375,,2026-08-30 06:41:44-04:00,2026-08-31T00:06:52.147146+00:00
ibm_marrakesh,74,prob_meas0_prep1,0.041015625,,2026-08-30 06:41:44-04:00,2026-08-31T00:06:52.147146+00:00
ibm_marrakesh,74,prob_meas1_prep0,0.033203125,,2026-08-30 06:41:44-04:00,2026-08-31T00:06:52.147146+00:00
ibm_marrakesh,74,readout_length,2684.0,ns,2026-08-30 06:41:44-04:00,2026-08-31T00:06:52.147146+00:00
ibm_marrakesh,75,T2,57.36315148263441,us,2026-08-30 06:18:26-04:00,2026-08-31T00:06:52.147146+00:00
ibm_marrakesh,75,readout_error,0.0087890625,,2026-08-30 06:41:44-04:00,2026-08-31T00:06:52.147146+00:00
ibm_marrakesh,75,init_error,0.00498855308926881,,2026-08-30 07:12:40-04:00,2026-08-31T00:06:52.147146+00:00
ibm_marrakesh,75,prob_meas0_prep1,0.009521484375,,2026-08-30 06:41:44-04:00,2026-08-31T00:06:52.147146+00:00
ibm_marrakesh,75,prob_meas1_prep0,0.008056640625,,2026-08-30 06:41:44-04:00,2026-08-31T00:06:52.147146+00:00
ibm_marrakesh,75,readout_length,2684.0,ns,2026-08-30 06:41:44-04:00,2026-08-31T00:06:52.147146+00:00
ibm_marrakesh,76,T1,92.22547562982898,us,2026-08-30 06:18:02-04:00,2026-08-31T00:06:52.147146+00:00
ibm_marrakesh,76,T2,32.18546172395528,us,2026-08-30 06:18:42-04:00,2026-08-31T00:06:52.147146+00:00
ibm_marrakesh,76,readout_error,0.060302734375,,2026-08-30 06:41:44-04:00,2026-08-31T00:06:52.147146+00:00
ibm_marrakesh,76,prob_meas0_prep1,0.043212890625,,2026-08-30 06:41:44-04:00,2026-08-31T00:06:52.147146+00:00
ibm_marrakesh,76,prob_meas1_prep0,0.077392578125,,2026-08-30 06:41:44-04:00,2026-08-31T00:06:52.147146+00:00
ibm_marrakesh,76,readout_length,2684.0,ns,2026-08-30 06:41:44-04:00,2026-08-31T00:06:52.147146+00:00
ibm_marrakesh,77,T1,125.86224832538602,us,2026-08-30 06:18:02-04:00,2026-08-31T00:06:52.147146+00:00
ibm_marrakesh,77,T2,52.53630326935225,us,2026-08-30 06:18:42-04:00,2026-08-31T00:06:52.147146+00:00
ibm_marrakesh,77,readout_error,0.005615234375,,2026-08-30 06:41:44-04:00,2026-08-31T00:06:52.147146+00:00
ibm_marrakesh,77,init_error,0.0022016524721086505,,2026-08-30 07:12:40-04:00,2026-08-31T00:06:52.147146+00:00
ibm_marrakesh,77,prob_meas0_prep1,0.00927734375,,2026-08-30 06:41:44-04:00,2026-08-31T00:06:52.147146+00:00
ibm_marrakesh,77,prob_meas1_prep0,0.001953125,,2026-08-30 06:41:44-04:00,2026-08-31T00:06:52.147146+00:00
ibm_marrakesh,77,readout_length,2684.0,ns,2026-08-30 06:41:44-04:00,2026-08-31T00:06:52.147146+00:00
ibm_marrakesh,78,T1,111.23794217995842,us,2026-08-30 06:18:02-04:00,2026-08-31T00:06:52.147146+00:00
ibm_marrakesh,78,T2,129.28380004678255,us,2026-08-30 06:18:42-04:00,2026-08-31T00:06:52.147146+00:00
ibm_marrakesh,78,readout_error,0.0120849609375,,2026-08-30 06:41:44-04:00,2026-08-31T00:06:52.147146+00:00
ibm_marrakesh,78,init_error,0.0031051803299533046,,2026-08-30 07:12:40-04:00,2026-08-31T00:06:52.147146+00:00
ibm_marrakesh,78,prob_meas0_prep1,0.018798828125,,2026-08-30 06:41:44-04:00,2026-08-31T00:06:52.147146+00:00
ibm_marrakesh,78,prob_meas1_prep0,0.00537109375,,2026-08-30 06:41:44-04:00,2026-08-31T00:06:52.147146+00:00
ibm_marrakesh,78,readout_length,2684.0,ns,2026-08-30 06:41:44-04:00,2026-08-31T00:06:52.147146+00:00
ibm_marrakesh,79,T2,21.403696281314023,us,2026-08-30 06:18:43-04:00,2026-08-31T00:06:52.147146+00:00
ibm_marrakesh,79,readout_error,0.0948486328125,,2026-08-30 06:41:44-04:00,2026-08-31T00:06:52.147146+00:00
ibm_marrakesh,79,prob_meas0_prep1,0.029296875,,2026-08-30 06:41:44-04:00,2026-08-31T00:06:52.147146+00:00
ibm_marrakesh,79,prob_meas1_prep0,0.160400390625,,2026-08-30 06:41:44-04:00,2026-08-31T00:06:52.147146+00:00
ibm_marrakesh,79,readout_length,2684.0,ns,2026-08-30 06:41:44-04:00,2026-08-31T00:06:52.147146+00:00
ibm_marrakesh,80,T1,93.49387311965825,us,2026-08-30 06:18:03-04:00,2026-08-31T00:06:52.147146+00:00
ibm_marrakesh,80,T2,25.516764099667885,us,2026-08-30 06:18:43-04:00,2026-08-31T00:06:52.147146+00:00
ibm_marrakesh,80,readout_error,0.01513671875,,2026-08-30 06:41:44-04:00,2026-08-31T00:06:52.147146+00:00
ibm_marrakesh,80,init_error,0.00878401423202981,,2026-08-30 07:12:40-04:00,2026-08-31T00:06:52.147146+00:00
ibm_marrakesh,80,prob_meas0_prep1,0.016357421875,,2026-08-30 06:41:44-04:00,2026-08-31T00:06:52.147146+00:00
ibm_marrakesh,80,prob_meas1_prep0,0.013916015625,,2026-08-30 06:41:44-04:00,2026-08-31T00:06:52.147146+00:00
ibm_marrakesh,80,readout_length,2684.0,ns,2026-08-30 06:41:44-04:00,2026-08-31T00:06:52.147146+00:00
ibm_marrakesh,81,T1,217.35416279146384,us,2026-08-30 06:18:03-04:00,2026-08-31T00:06:52.147146+00:00
ibm_marrakesh,81,T2,163.46150006947565,us,2026-08-30 06:18:26-04:00,2026-08-31T00:06:52.147146+00:00
ibm_marrakesh,81,readout_error,0.0889892578125,,2026-08-30 06:41:44-04:00,2026-08-31T00:06:52.147146+00:00
ibm_marrakesh,81,prob_meas0_prep1,0.07421875,,2026-08-30 06:41:44-04:00,2026-08-31T00:06:52.147146+00:00
ibm_marrakesh,81,prob_meas1_prep0,0.103759765625,,2026-08-30 06:41:44-04:00,2026-08-31T00:06:52.147146+00:00
ibm_marrakesh,81,readout_length,2684.0,ns,2026-08-30 06:41:44-04:00,2026-08-31T00:06:52.147146+00:00
ibm_marrakesh,82,readout_error,0.4986572265625,,2026-08-30 06:41:44-04:00,2026-08-31T00:06:52.147146+00:00
ibm_marrakesh,82,prob_meas0_prep1,0.9326171875,,2026-08-30 06:41:44-04:00,2026-08-31T00:06:52.147146+00:00
ibm_marrakesh,82,prob_meas1_prep0,0.064697265625,,2026-08-30 06:41:44-04:00,2026-08-31T00:06:52.147146+00:00
ibm_marrakesh,82,readout_length,2684.0,ns,2026-08-30 06:41:44-04:00,2026-08-31T00:06:52.147146+00:00
ibm_marrakesh,83,T1,208.4356338988992,us,2026-08-30 06:18:03-04:00,2026-08-31T00:06:52.147146+00:00
ibm_marrakesh,83,T2,213.0256329349763,us,2026-08-30 06:18:26-04:00,2026-08-31T00:06:52.147146+00:00
ibm_marrakesh,83,readout_error,0.1309814453125,,2026-08-30 06:41:44-04:00,2026-08-31T00:06:52.147146+00:00
ibm_marrakesh,83,prob_meas0_prep1,0.1416015625,,2026-08-30 06:41:44-04:00,2026-08-31T00:06:52.147146+00:00
ibm_marrakesh,83,prob_meas1_prep0,0.120361328125,,2026-08-30 06:41:44-04:00,2026-08-31T00:06:52.147146+00:00
ibm_marrakesh,83,readout_length,2684.0,ns,2026-08-30 06:41:44-04:00,2026-08-31T00:06:52.147146+00:00
ibm_marrakesh,84,T1,192.90917466858252,us,2026-08-30 06:18:03-04:00,2026-08-31T00:06:52.147146+00:00
ibm_marrakesh,84,T2,137.96953157068415,us,2026-08-30 06:18:43-04:00,2026-08-31T00:06:52.147146+00:00
ibm_marrakesh,84,readout_error,0.0108642578125,,2026-08-30 06:41:44-04:00,2026-08-31T00:06:52.147146+00:00
ibm_marrakesh,84,init_error,0.004286803380049958,,2026-08-30 07:12:40-04:00,2026-08-31T00:06:52.147146+00:00
ibm_marrakesh,84,prob_meas0_prep1,0.0927734375,,2026-08-30 05:10:08-04:00,2026-08-31T00:06:52.147146+00:00
ibm_marrakesh,84,prob_meas1_prep0,0.005615234375,,2026-08-30 06:41:44-04:00,2026-08-31T00:06:52.147146+00:00
ibm_marrakesh,84,readout_length,2684.0,ns,2026-08-30 06:41:44-04:00,2026-08-31T00:06:52.147146+00:00
ibm_marrakesh,85,T1,126.01792857749227,us,2026-08-30 06:18:04-04:00,2026-08-31T00:06:52.147146+00:00
ibm_marrakesh,85,T2,61.14179713151103,us,2026-08-30 06:18:26-04:00,2026-08-31T00:06:52.147146+00:00
ibm_marrakesh,85,readout_error,0.0059814453125,,2026-08-30 06:41:44-04:00,2026-08-31T00:06:52.147146+00:00
ibm_marrakesh,85,init_error,0.0017999650552311412,,2026-08-30 07:12:40-04:00,2026-08-31T00:06:52.147146+00:00
ibm_marrakesh,85,prob_meas0_prep1,0.01123046875,,2026-08-30 06:41:44-04:00,2026-08-31T00:06:52.147146+00:00
ibm_marrakesh,85,prob_meas1_prep0,0.000732421875,,2026-08-30 06:41:44-04:00,2026-08-31T00:06:52.147146+00:00
ibm_marrakesh,85,readout_length,2684.0,ns,2026-08-30 06:41:44-04:00,2026-08-31T00:06:52.147146+00:00
ibm_marrakesh,86,T1,234.2973189305682,us,2026-08-30 06:18:04-04:00,2026-08-31T00:06:52.147146+00:00
ibm_marrakesh,86,T2,15.23569058827668,us,2026-08-30 06:18:43-04:00,2026-08-31T00:06:52.147146+00:00
ibm_marrakesh,86,readout_error,0.0196533203125,,2026-08-30 06:41:44-04:00,2026-08-31T00:06:52.147146+00:00
ibm_marrakesh,86,init_error,0.00899951864070464,,2026-08-30 07:12:40-04:00,2026-08-31T00:06:52.147146+00:00
ibm_marrakesh,86,prob_meas0_prep1,0.01904296875,,2026-08-30 06:41:44-04:00,2026-08-31T00:06:52.147146+00:00
ibm_marrakesh,86,prob_meas1_prep0,0.020263671875,,2026-08-30 06:41:44-04:00,2026-08-31T00:06:52.147146+00:00
ibm_marrakesh,86,readout_length,2684.0,ns,2026-08-30 06:41:44-04:00,2026-08-31T00:06:52.147146+00:00
ibm_marrakesh,87,T1,212.33968130618982,us,2026-08-30 06:18:04-04:00,2026-08-31T00:06:52.147146+00:00
ibm_marrakesh,87,T2,157.17438204922726,us,2026-08-30 06:18:26-04:00,2026-08-31T00:06:52.147146+00:00
ibm_marrakesh,87,readout_error,0.005615234375,,2026-08-30 06:41:44-04:00,2026-08-31T00:06:52.147146+00:00
ibm_marrakesh,87,init_error,0.006018287131141993,,2026-08-30 07:12:40-04:00,2026-08-31T00:06:52.147146+00:00
ibm_marrakesh,87,prob_meas0_prep1,0.006591796875,,2026-08-30 06:41:44-04:00,2026-08-31T00:06:52.147146+00:00
ibm_marrakesh,87,prob_meas1_prep0,0.004638671875,,2026-08-30 06:41:44-04:00,2026-08-31T00:06:52.147146+00:00
ibm_marrakesh,87,readout_length,2684.0,ns,2026-08-30 06:41:44-04:00,2026-08-31T00:06:52.147146+00:00
ibm_marrakesh,88,T1,141.4173911881821,us,2026-08-30 06:18:04-04:00,2026-08-31T00:06:52.147146+00:00
ibm_marrakesh,88,T2,143.40935594804628,us,2026-08-30 06:18:44-04:00,2026-08-31T00:06:52.147146+00:00
ibm_marrakesh,88,readout_error,0.0577392578125,,2026-08-30 06:41:44-04:00,2026-08-31T00:06:52.147146+00:00
ibm_marrakesh,88,prob_meas0_prep1,0.05908203125,,2026-08-30 06:41:44-04:00,2026-08-31T00:06:52.147146+00:00
ibm_marrakesh,88,prob_meas1_prep0,0.056396484375,,2026-08-30 06:41:44-04:00,2026-08-31T00:06:52.147146+00:00
ibm_marrakesh,88,readout_length,2684.0,ns,2026-08-30 06:41:44-04:00,2026-08-31T00:06:52.147146+00:00
ibm_marrakesh,89,T1,272.90853120992614,us,2026-08-30 06:18:05-04:00,2026-08-31T00:06:52.147146+00:00
ibm_marrakesh,89,T2,231.30114678766486,us,2026-08-30 06:18:27-04:00,2026-08-31T00:06:52.147146+00:00
ibm_marrakesh,89,readout_error,0.0115966796875,,2026-08-30 06:41:44-04:00,2026-08-31T00:06:52.147146+00:00
ibm_marrakesh,89,init_error,0.007200184301277953,,2026-08-30 07:12:40-04:00,2026-08-31T00:06:52.147146+00:00
ibm_marrakesh,89,prob_meas0_prep1,0.013671875,,2026-08-30 06:41:44-04:00,2026-08-31T00:06:52.147146+00:00
ibm_marrakesh,89,prob_meas1_prep0,0.009521484375,,2026-08-30 06:41:44-04:00,2026-08-31T00:06:52.147146+00:00
ibm_marrakesh,89,readout_length,2684.0,ns,2026-08-30 06:41:44-04:00,2026-08-31T00:06:52.147146+00:00
ibm_marrakesh,90,T1,87.52928331812109,us,2026-08-30 06:18:05-04:00,2026-08-31T00:06:52.147146+00:00
ibm_marrakesh,90,T2,48.56680569235094,us,2026-08-30 06:18:44-04:00,2026-08-31T00:06:52.147146+00:00
ibm_marrakesh,90,readout_error,0.007080078125,,2026-08-30 06:41:44-04:00,2026-08-31T00:06:52.147146+00:00
ibm_marrakesh,90,init_error,0.002399999872543347,,2026-08-30 07:12:40-04:00,2026-08-31T00:06:52.147146+00:00
ibm_marrakesh,90,prob_meas0_prep1,0.009765625,,2026-08-30 06:41:44-04:00,2026-08-31T00:06:52.147146+00:00
ibm_marrakesh,90,prob_meas1_prep0,0.00439453125,,2026-08-30 06:41:44-04:00,2026-08-31T00:06:52.147146+00:00
ibm_marrakesh,90,readout_length,2684.0,ns,2026-08-30 06:41:44-04:00,2026-08-31T00:06:52.147146+00:00
ibm_marrakesh,91,T1,143.1559876328648,us,2026-08-30 06:18:05-04:00,2026-08-31T00:06:52.147146+00:00
ibm_marrakesh,91,T2,222.69803195957653,us,2026-08-30 06:18:27-04:00,2026-08-31T00:06:52.147146+00:00
ibm_marrakesh,91,readout_error,0.0093994140625,,2026-08-30 06:41:44-04:00,2026-08-31T00:06:52.147146+00:00
ibm_marrakesh,91,init_error,0.0040226289256447036,,2026-08-30 07:12:40-04:00,2026-08-31T00:06:52.147146+00:00
ibm_marrakesh,91,prob_meas0_prep1,0.011962890625,,2026-08-30 06:41:44-04:00,2026-08-31T00:06:52.147146+00:00
ibm_marrakesh,91,prob_meas1_prep0,0.0068359375,,2026-08-30 06:41:44-04:00,2026-08-31T00:06:52.147146+00:00
ibm_marrakesh,91,readout_length,2684.0,ns,2026-08-30 06:41:44-04:00,2026-08-31T00:06:52.147146+00:00
ibm_marrakesh,92,T1,110.91110273805685,us,2026-08-30 06:18:05-04:00,2026-08-31T00:06:52.147146+00:00
ibm_marrakesh,92,T2,76.8754619385085,us,2026-08-30 06:18:44-04:00,2026-08-31T00:06:52.147146+00:00
ibm_marrakesh,92,readout_error,0.0126953125,,2026-08-30 06:41:44-04:00,2026-08-31T00:06:52.147146+00:00
ibm_marrakesh,92,init_error,0.0051278525812616495,,2026-08-30 07:12:40-04:00,2026-08-31T00:06:52.147146+00:00
ibm_marrakesh,92,prob_meas0_prep1,0.0185546875,,2026-08-30 06:41:44-04:00,2026-08-31T00:06:52.147146+00:00
ibm_marrakesh,92,prob_meas1_prep0,0.0068359375,,2026-08-30 06:41:44-04:00,2026-08-31T00:06:52.147146+00:00
ibm_marrakesh,92,readout_length,2684.0,ns,2026-08-30 06:41:44-04:00,2026-08-31T00:06:52.147146+00:00
ibm_marrakesh,93,T1,219.3402204516754,us,2026-08-30 06:18:05-04:00,2026-08-31T00:06:52.147146+00:00
ibm_marrakesh,93,T2,130.58930516666192,us,2026-08-30 06:18:27-04:00,2026-08-31T00:06:52.147146+00:00
ibm_marrakesh,93,readout_error,0.039306640625,,2026-08-30 06:41:44-04:00,2026-08-31T00:06:52.147146+00:00
ibm_marrakesh,93,prob_meas0_prep1,0.02294921875,,2026-08-30 06:41:44-04:00,2026-08-31T00:06:52.147146+00:00
ibm_marrakesh,93,prob_meas1_prep0,0.0556640625,,2026-08-30 06:41:44-04:00,2026-08-31T00:06:52.147146+00:00
ibm_marrakesh,93,readout_length,2684.0,ns,2026-08-30 06:41:44-04:00,2026-08-31T00:06:52.147146+00:00
ibm_marrakesh,94,readout_error,0.412109375,,2026-08-30 06:41:44-04:00,2026-08-31T00:06:52.147146+00:00
ibm_marrakesh,94,prob_meas0_prep1,0.39599609375,,2026-08-30 06:41:44-04:00,2026-08-31T00:06:52.147146+00:00
ibm_marrakesh,94,prob_meas1_prep0,0.42822265625,,2026-08-30 06:41:44-04:00,2026-08-31T00:06:52.147146+00:00
ibm_marrakesh,94,readout_length,2684.0,ns,2026-08-30 06:41:44-04:00,2026-08-31T00:06:52.147146+00:00
ibm_marrakesh,95,T1,244.10882265214977,us,2026-08-30 06:18:06-04:00,2026-08-31T00:06:52.147146+00:00
ibm_marrakesh,95,T2,271.1640453095444,us,2026-08-30 06:18:27-04:00,2026-08-31T00:06:52.147146+00:00
ibm_marrakesh,95,readout_error,0.00830078125,,2026-08-30 06:41:44-04:00,2026-08-31T00:06:52.147146+00:00
ibm_marrakesh,95,init_error,0.0025305649725281443,,2026-08-30 07:12:41-04:00,2026-08-31T00:06:52.147146+00:00
ibm_marrakesh,95,prob_meas0_prep1,0.01220703125,,2026-08-30 06:41:44-04:00,2026-08-31T00:06:52.147146+00:00
ibm_marrakesh,95,prob_meas1_prep0,0.00439453125,,2026-08-30 06:41:44-04:00,2026-08-31T00:06:52.147146+00:00
ibm_marrakesh,95,readout_length,2684.0,ns,2026-08-30 06:41:44-04:00,2026-08-31T00:06:52.147146+00:00
ibm_marrakesh,96,T1,136.1279775795407,us,2026-08-30 06:18:06-04:00,2026-08-31T00:06:52.147146+00:00
ibm_marrakesh,96,T2,34.100698986008815,us,2026-08-30 06:18:44-04:00,2026-08-31T00:06:52.147146+00:00
ibm_marrakesh,96,readout_error,0.099853515625,,2026-08-30 06:41:44-04:00,2026-08-31T00:06:52.147146+00:00
ibm_marrakesh,96,init_error,0.01229530000310198,,2026-08-30 03:54:29-04:00,2026-08-31T00:06:52.147146+00:00
ibm_marrakesh,96,prob_meas0_prep1,0.17333984375,,2026-08-30 06:41:44-04:00,2026-08-31T00:06:52.147146+00:00
ibm_marrakesh,96,prob_meas1_prep0,0.0263671875,,2026-08-30 06:41:44-04:00,2026-08-31T00:06:52.147146+00:00
ibm_marrakesh,96,readout_length,2684.0,ns,2026-08-30 06:41:44-04:00,2026-08-31T00:06:52.147146+00:00
ibm_marrakesh,97,T1,269.59708493891793,us,2026-08-30 06:18:06-04:00,2026-08-31T00:06:52.147146+00:00
ibm_marrakesh,97,T2,68.40133301093492,us,2026-08-30 06:18:45-04:00,2026-08-31T00:06:52.147146+00:00
ibm_marrakesh,97,readout_error,0.009033203125,,2026-08-30 06:41:44-04:00,2026-08-31T00:06:52.147146+00:00
ibm_marrakesh,97,init_error,0.004040569327202472,,2026-08-30 07:12:41-04:00,2026-08-31T00:06:52.147146+00:00
ibm_marrakesh,97,prob_meas0_prep1,0.01123046875,,2026-08-30 06:41:44-04:00,2026-08-31T00:06:52.147146+00:00
ibm_marrakesh,97,prob_meas1_prep0,0.0068359375,,2026-08-30 06:41:44-04:00,2026-08-31T00:06:52.147146+00:00
ibm_marrakesh,97,readout_length,2684.0,ns,2026-08-30 06:41:44-04:00,2026-08-31T00:06:52.147146+00:00
ibm_marrakesh,98,T1,308.09489341158496,us,2026-08-30 06:18:07-04:00,2026-08-31T00:06:52.147146+00:00
ibm_marrakesh,98,T2,41.795335321472855,us,2026-08-30 06:18:45-04:00,2026-08-31T00:06:52.147146+00:00
ibm_marrakesh,98,readout_error,0.0054931640625,,2026-08-30 06:41:44-04:00,2026-08-31T00:06:52.147146+00:00
ibm_marrakesh,98,prob_meas0_prep1,0.005615234375,,2026-08-30 06:41:44-04:00,2026-08-31T00:06:52.147146+00:00
ibm_marrakesh,98,prob_meas1_prep0,0.00537109375,,2026-08-30 06:41:44-04:00,2026-08-31T00:06:52.147146+00:00
ibm_marrakesh,98,readout_length,2684.0,ns,2026-08-30 06:41:44-04:00,2026-08-31T00:06:52.147146+00:00
ibm_marrakesh,99,T1,99.92544144681115,us,2026-08-30 06:18:07-04:00,2026-08-31T00:06:52.147146+00:00
ibm_marrakesh,99,T2,35.278995997209684,us,2026-08-30 06:18:45-04:00,2026-08-31T00:06:52.147146+00:00
ibm_marrakesh,99,readout_error,0.0089111328125,,2026-08-30 06:41:44-04:00,2026-08-31T00:06:52.147146+00:00
ibm_marrakesh,99,init_error,0.005409343318538618,,2026-08-30 07:12:41-04:00,2026-08-31T00:06:52.147146+00:00
ibm_marrakesh,99,prob_meas0_prep1,0.010986328125,,2026-08-30 06:41:44-04:00,2026-08-31T00:06:52.147146+00:00
ibm_marrakesh,99,prob_meas1_prep0,0.0068359375,,2026-08-30 06:41:44-04:00,2026-08-31T00:06:52.147146+00:00
ibm_marrakesh,99,readout_length,2684.0,ns,2026-08-30 06:41:44-04:00,2026-08-31T00:06:52.147146+00:00
ibm_marrakesh,100,T1,117.75521380151407,us,2026-08-30 06:18:07-04:00,2026-08-31T00:06:52.147146+00:00
ibm_marrakesh,100,T2,19.896392442274557,us,2026-08-30 06:18:45-04:00,2026-08-31T00:06:52.147146+00:00
ibm_marrakesh,100,readout_error,0.0079345703125,,2026-08-30 06:41:44-04:00,2026-08-31T00:06:52.147146+00:00
ibm_marrakesh,100,init_error,0.001002900872214828,,2026-08-30 07:12:41-04:00,2026-08-31T00:06:52.147146+00:00
ibm_marrakesh,100,prob_meas0_prep1,0.012939453125,,2026-08-30 06:41:44-04:00,2026-08-31T00:06:52.147146+00:00
ibm_marrakesh,100,prob_meas1_prep0,0.0029296875,,2026-08-30 06:41:44-04:00,2026-08-31T00:06:52.147146+00:00
ibm_marrakesh,100,readout_length,2684.0,ns,2026-08-30 06:41:44-04:00,2026-08-31T00:06:52.147146+00:00
ibm_marrakesh,101,T1,187.81136199294838,us,2026-08-30 06:18:07-04:00,2026-08-31T00:06:52.147146+00:00
ibm_marrakesh,101,T2,71.42892249412827,us,2026-08-30 06:18:27-04:00,2026-08-31T00:06:52.147146+00:00
ibm_marrakesh,101,readout_error,0.0072021484375,,2026-08-30 06:41:44-04:00,2026-08-31T00:06:52.147146+00:00
ibm_marrakesh,101,init_error,0.004000000005653628,,2026-08-30 07:12:41-04:00,2026-08-31T00:06:52.147146+00:00
ibm_marrakesh,101,prob_meas0_prep1,0.0087890625,,2026-08-30 05:10:18-04:00,2026-08-31T00:06:52.147146+00:00
ibm_marrakesh,101,prob_meas1_prep0,0.006591796875,,2026-08-30 06:41:44-04:00,2026-08-31T00:06:52.147146+00:00
ibm_marrakesh,101,readout_length,2684.0,ns,2026-08-30 06:41:44-04:00,2026-08-31T00:06:52.147146+00:00
ibm_marrakesh,102,T1,87.6226880006257,us,2026-08-30 06:18:07-04:00,2026-08-31T00:06:52.147146+00:00
ibm_marrakesh,102,T2,50.23783489776467,us,2026-08-30 06:18:46-04:00,2026-08-31T00:06:52.147146+00:00
ibm_marrakesh,102,readout_error,0.0108642578125,,2026-08-30 06:41:44-04:00,2026-08-31T00:06:52.147146+00:00
ibm_marrakesh,102,init_error,0.001000702338381193,,2026-08-30 07:12:41-04:00,2026-08-31T00:06:52.147146+00:00
ibm_marrakesh,102,prob_meas0_prep1,0.020751953125,,2026-08-30 06:41:44-04:00,2026-08-31T00:06:52.147146+00:00
ibm_marrakesh,102,prob_meas1_prep0,0.0009765625,,2026-08-30 06:41:44-04:00,2026-08-31T00:06:52.147146+00:00
ibm_marrakesh,102,readout_length,2684.0,ns,2026-08-30 06:41:44-04:00,2026-08-31T00:06:52.147146+00:00
ibm_marrakesh,103,T1,106.19689184019632,us,2026-08-30 06:18:08-04:00,2026-08-31T00:06:52.147146+00:00
ibm_marrakesh,103,T2,34.97058582986968,us,2026-08-30 06:18:28-04:00,2026-08-31T00:06:52.147146+00:00
ibm_marrakesh,103,readout_error,0.012451171875,,2026-08-30 06:41:44-04:00,2026-08-31T00:06:52.147146+00:00
ibm_marrakesh,103,init_error,0.003207096699978353,,2026-08-30 07:12:41-04:00,2026-08-31T00:06:52.147146+00:00
ibm_marrakesh,103,prob_meas0_prep1,0.017822265625,,2026-08-30 06:41:44-04:00,2026-08-31T00:06:52.147146+00:00
ibm_marrakesh,103,prob_meas1_prep0,0.007080078125,,2026-08-30 06:41:44-04:00,2026-08-31T00:06:52.147146+00:00
ibm_marrakesh,103,readout_length,2684.0,ns,2026-08-30 06:41:44-04:00,2026-08-31T00:06:52.147146+00:00
ibm_marrakesh,104,T1,211.6297108754747,us,2026-08-30 06:18:08-04:00,2026-08-31T00:06:52.147146+00:00
ibm_marrakesh,104,T2,143.88920993293408,us,2026-08-30 06:18:46-04:00,2026-08-31T00:06:52.147146+00:00
ibm_marrakesh,104,readout_error,0.0086669921875,,2026-08-30 06:41:44-04:00,2026-08-31T00:06:52.147146+00:00
ibm_marrakesh,104,init_error,0.00460088373480909,,2026-08-30 07:12:41-04:00,2026-08-31T00:06:52.147146+00:00
ibm_marrakesh,104,prob_meas0_prep1,0.010986328125,,2026-08-30 06:41:44-04:00,2026-08-31T00:06:52.147146+00:00
ibm_marrakesh,104,prob_meas1_prep0,0.00634765625,,2026-08-30 06:41:44-04:00,2026-08-31T00:06:52.147146+00:00
ibm_marrakesh,104,readout_length,2684.0,ns,2026-08-30 06:41:44-04:00,2026-08-31T00:06:52.147146+00:00
ibm_marrakesh,105,T1,138.83049460552203,us,2026-08-30 06:18:08-04:00,2026-08-31T00:06:52.147146+00:00
ibm_marrakesh,105,T2,88.31775396234909,us,2026-08-30 06:18:28-04:00,2026-08-31T00:06:52.147146+00:00
ibm_marrakesh,105,readout_error,0.0111083984375,,2026-08-30 06:41:44-04:00,2026-08-31T00:06:52.147146+00:00
ibm_marrakesh,105,init_error,0.005173568365686565,,2026-08-30 07:12:41-04:00,2026-08-31T00:06:52.147146+00:00
ibm_marrakesh,105,prob_meas0_prep1,0.0146484375,,2026-08-30 06:41:44-04:00,2026-08-31T00:06:52.147146+00:00
ibm_marrakesh,105,prob_meas1_prep0,0.007568359375,,2026-08-30 06:41:44-04:00,2026-08-31T00:06:52.147146+00:00
ibm_marrakesh,105,readout_length,2684.0,ns,2026-08-30 06:41:44-04:00,2026-08-31T00:06:52.147146+00:00
ibm_marrakesh,106,T2,34.23907394080331,us,2026-08-30 06:18:46-04:00,2026-08-31T00:06:52.147146+00:00
ibm_marrakesh,106,readout_error,0.1004638671875,,2026-08-30 06:41:44-04:00,2026-08-31T00:06:52.147146+00:00
ibm_marrakesh,106,prob_meas0_prep1,0.058349609375,,2026-08-30 06:41:44-04:00,2026-08-31T00:06:52.147146+00:00
ibm_marrakesh,106,prob_meas1_prep0,0.142578125,,2026-08-30 06:41:44-04:00,2026-08-31T00:06:52.147146+00:00
ibm_marrakesh,106,readout_length,2684.0,ns,2026-08-30 06:41:44-04:00,2026-08-31T00:06:52.147146+00:00
ibm_marrakesh,107,T1,125.85825022502146,us,2026-08-30 06:18:09-04:00,2026-08-31T00:06:52.147146+00:00
ibm_marrakesh,107,T2,81.66959431524711,us,2026-08-30 06:18:28-04:00,2026-08-31T00:06:52.147146+00:00
ibm_marrakesh,107,readout_error,0.0072021484375,,2026-08-30 06:41:44-04:00,2026-08-31T00:06:52.147146+00:00
ibm_marrakesh,107,init_error,0.004800496643241704,,2026-08-30 07:12:41-04:00,2026-08-31T00:06:52.147146+00:00
ibm_marrakesh,107,prob_meas0_prep1,0.0107421875,,2026-08-30 06:41:44-04:00,2026-08-31T00:06:52.147146+00:00
ibm_marrakesh,107,prob_meas1_prep0,0.003662109375,,2026-08-30 06:41:44-04:00,2026-08-31T00:06:52.147146+00:00
ibm_marrakesh,107,readout_length,2684.0,ns,2026-08-30 06:41:44-04:00,2026-08-31T00:06:52.147146+00:00
ibm_marrakesh,108,T1,23.09959545180468,us,2026-08-30 06:18:09-04:00,2026-08-31T00:06:52.147146+00:00
ibm_marrakesh,108,T2,28.881756607254705,us,2026-08-30 06:18:46-04:00,2026-08-31T00:06:52.147146+00:00
ibm_marrakesh,108,readout_error,0.2132568359375,,2026-08-30 06:41:44-04:00,2026-08-31T00:06:52.147146+00:00
ibm_marrakesh,108,init_error,0.0025999998948670984,,2026-08-30 03:54:29-04:00,2026-08-31T00:06:52.147146+00:00
ibm_marrakesh,108,prob_meas0_prep1,0.12451171875,,2026-08-30 06:41:44-04:00,2026-08-31T00:06:52.147146+00:00
ibm_marrakesh,108,prob_meas1_prep0,0.302001953125,,2026-08-30 06:41:44-04:00,2026-08-31T00:06:52.147146+00:00
ibm_marrakesh,108,readout_length,2684.0,ns,2026-08-30 06:41:44-04:00,2026-08-31T00:06:52.147146+00:00
ibm_marrakesh,109,T1,147.30087081853875,us,2026-08-30 06:18:09-04:00,2026-08-31T00:06:52.147146+00:00
ibm_marrakesh,109,T2,49.95054897184241,us,2026-08-30 06:18:28-04:00,2026-08-31T00:06:52.147146+00:00
ibm_marrakesh,109,readout_error,0.0076904296875,,2026-08-30 06:41:44-04:00,2026-08-31T00:06:52.147146+00:00
ibm_marrakesh,109,init_error,0.0044010756257981155,,2026-08-30 07:12:41-04:00,2026-08-31T00:06:52.147146+00:00
ibm_marrakesh,109,prob_meas0_prep1,0.0107421875,,2026-08-30 06:41:44-04:00,2026-08-31T00:06:52.147146+00:00
ibm_marrakesh,109,prob_meas1_prep0,0.004638671875,,2026-08-30 06:41:44-04:00,2026-08-31T00:06:52.147146+00:00
ibm_marrakesh,109,readout_length,2684.0,ns,2026-08-30 06:41:44-04:00,2026-08-31T00:06:52.147146+00:00
ibm_marrakesh,110,T1,210.59509312498392,us,2026-08-30 06:18:09-04:00,2026-08-31T00:06:52.147146+00:00
ibm_marrakesh,110,T2,159.6714504925886,us,2026-08-30 06:18:46-04:00,2026-08-31T00:06:52.147146+00:00
ibm_marrakesh,110,readout_error,0.0108642578125,,2026-08-30 06:41:44-04:00,2026-08-31T00:06:52.147146+00:00
ibm_marrakesh,110,init_error,0.010200128320779425,,2026-08-30 07:12:41-04:00,2026-08-31T00:06:52.147146+00:00
ibm_marrakesh,110,prob_meas0_prep1,0.007080078125,,2026-08-30 06:41:44-04:00,2026-08-31T00:06:52.147146+00:00
ibm_marrakesh,110,prob_meas1_prep0,0.0146484375,,2026-08-30 06:41:44-04:00,2026-08-31T00:06:52.147146+00:00
ibm_marrakesh,110,readout_length,2684.0,ns,2026-08-30 06:41:44-04:00,2026-08-31T00:06:52.147146+00:00
ibm_marrakesh,111,T1,209.59554912731386,us,2026-08-30 06:18:09-04:00,2026-08-31T00:06:52.147146+00:00
ibm_marrakesh,111,T2,102.4854938762889,us,2026-08-30 06:18:29-04:00,2026-08-31T00:06:52.147146+00:00
ibm_marrakesh,111,readout_error,0.01611328125,,2026-08-30 06:41:44-04:00,2026-08-31T00:06:52.147146+00:00
ibm_marrakesh,111,init_error,0.002643368766375282,,2026-08-30 03:54:29-04:00,2026-08-31T00:06:52.147146+00:00
ibm_marrakesh,111,prob_meas0_prep1,0.016845703125,,2026-08-30 06:41:44-04:00,2026-08-31T00:06:52.147146+00:00
ibm_marrakesh,111,prob_meas1_prep0,0.015380859375,,2026-08-30 06:41:44-04:00,2026-08-31T00:06:52.147146+00:00
ibm_marrakesh,111,readout_length,2684.0,ns,2026-08-30 06:41:44-04:00,2026-08-31T00:06:52.147146+00:00
ibm_marrakesh,112,T1,252.21614832251643,us,2026-08-30 06:18:10-04:00,2026-08-31T00:06:52.147146+00:00
ibm_marrakesh,112,T2,160.53346005815433,us,2026-08-30 06:18:47-04:00,2026-08-31T00:06:52.147146+00:00
ibm_marrakesh,112,readout_error,0.0118408203125,,2026-08-30 06:41:44-04:00,2026-08-31T00:06:52.147146+00:00
ibm_marrakesh,112,init_error,0.0024027920698403227,,2026-08-30 07:12:41-04:00,2026-08-31T00:06:52.147146+00:00
ibm_marrakesh,112,prob_meas0_prep1,0.0185546875,,2026-08-30 06:41:44-04:00,2026-08-31T00:06:52.147146+00:00
ibm_marrakesh,112,prob_meas1_prep0,0.005126953125,,2026-08-30 06:41:44-04:00,2026-08-31T00:06:52.147146+00:00
ibm_marrakesh,112,readout_length,2684.0,ns,2026-08-30 06:41:44-04:00,2026-08-31T00:06:52.147146+00:00
ibm_marrakesh,113,readout_error,0.3970947265625,,2026-08-30 06:41:44-04:00,2026-08-31T00:06:52.147146+00:00
ibm_marrakesh,113,prob_meas0_prep1,0.498046875,,2026-08-30 06:41:44-04:00,2026-08-31T00:06:52.147146+00:00
ibm_marrakesh,113,prob_meas1_prep0,0.296142578125,,2026-08-30 06:41:44-04:00,2026-08-31T00:06:52.147146+00:00
ibm_marrakesh,113,readout_length,2684.0,ns,2026-08-30 06:41:44-04:00,2026-08-31T00:06:52.147146+00:00
ibm_marrakesh,114,T1,331.75892577510416,us,2026-08-30 06:18:10-04:00,2026-08-31T00:06:52.147146+00:00
ibm_marrakesh,114,T2,163.9650331823896,us,2026-08-30 06:18:47-04:00,2026-08-31T00:06:52.147146+00:00
ibm_marrakesh,114,readout_error,0.0223388671875,,2026-08-30 06:41:44-04:00,2026-08-31T00:06:52.147146+00:00
ibm_marrakesh,114,prob_meas0_prep1,0.021728515625,,2026-08-30 06:41:44-04:00,2026-08-31T00:06:52.147146+00:00
ibm_marrakesh,114,prob_meas1_prep0,0.02294921875,,2026-08-30 06:41:44-04:00,2026-08-31T00:06:52.147146+00:00
ibm_marrakesh,114,readout_length,2684.0,ns,2026-08-30 06:41:44-04:00,2026-08-31T00:06:52.147146+00:00
ibm_marrakesh,115,T1,164.47361659995065,us,2026-08-30 06:18:10-04:00,2026-08-31T00:06:52.147146+00:00
ibm_marrakesh,115,T2,82.46671983095698,us,2026-08-30 06:18:29-04:00,2026-08-31T00:06:52.147146+00:00
ibm_marrakesh,115,readout_error,0.0103759765625,,2026-08-30 06:41:44-04:00,2026-08-31T00:06:52.147146+00:00
ibm_marrakesh,115,init_error,0.0032256635982324568,,2026-08-30 07:12:41-04:00,2026-08-31T00:06:52.147146+00:00
ibm_marrakesh,115,prob_meas0_prep1,0.01220703125,,2026-08-30 06:41:44-04:00,2026-08-31T00:06:52.147146+00:00
ibm_marrakesh,115,prob_meas1_prep0,0.008544921875,,2026-08-30 06:41:44-04:00,2026-08-31T00:06:52.147146+00:00
ibm_marrakesh,115,readout_length,2684.0,ns,2026-08-30 06:41:44-04:00,2026-08-31T00:06:52.147146+00:00
ibm_marrakesh,116,T1,73.48950592781414,us,2026-08-30 06:18:10-04:00,2026-08-31T00:06:52.147146+00:00
ibm_marrakesh,116,T2,22.058889830717423,us,2026-08-30 06:18:47-04:00,2026-08-31T00:06:52.147146+00:00
ibm_marrakesh,116,readout_error,0.01708984375,,2026-08-30 06:41:44-04:00,2026-08-31T00:06:52.147146+00:00
ibm_marrakesh,116,init_error,0.006203636602676528,,2026-08-30 07:12:41-04:00,2026-08-31T00:06:52.147146+00:00
ibm_marrakesh,116,prob_meas0_prep1,0.024658203125,,2026-08-30 06:41:44-04:00,2026-08-31T00:06:52.147146+00:00
ibm_marrakesh,116,prob_meas1_prep0,0.009521484375,,2026-08-30 06:41:44-04:00,2026-08-31T00:06:52.147146+00:00
ibm_marrakesh,116,readout_length,2684.0,ns,2026-08-30 06:41:44-04:00,2026-08-31T00:06:52.147146+00:00
ibm_marrakesh,117,T1,175.39384195074075,us,2026-08-30 06:18:11-04:00,2026-08-31T00:06:52.147146+00:00
ibm_marrakesh,117,T2,11.634661791674828,us,2026-08-30 06:18:47-04:00,2026-08-31T00:06:52.147146+00:00
ibm_marrakesh,117,readout_error,0.035888671875,,2026-08-30 06:41:44-04:00,2026-08-31T00:06:52.147146+00:00
ibm_marrakesh,117,init_error,0.0025648117209251978,,2026-08-30 03:54:29-04:00,2026-08-31T00:06:52.147146+00:00
ibm_marrakesh,117,prob_meas0_prep1,0.02001953125,,2026-08-30 06:41:44-04:00,2026-08-31T00:06:52.147146+00:00
ibm_marrakesh,117,prob_meas1_prep0,0.0517578125,,2026-08-30 06:41:44-04:00,2026-08-31T00:06:52.147146+00:00
ibm_marrakesh,117,readout_length,2684.0,ns,2026-08-30 06:41:44-04:00,2026-08-31T00:06:52.147146+00:00
ibm_marrakesh,118,T1,91.02038506744982,us,2026-08-30 06:18:11-04:00,2026-08-31T00:06:52.147146+00:00
ibm_marrakesh,118,T2,23.875665618856576,us,2026-08-30 06:18:48-04:00,2026-08-31T00:06:52.147146+00:00
ibm_marrakesh,118,readout_error,0.0079345703125,,2026-08-30 06:41:44-04:00,2026-08-31T00:06:52.147146+00:00
ibm_marrakesh,118,init_error,0.0026000004354817296,,2026-08-30 07:12:41-04:00,2026-08-31T00:06:52.147146+00:00
ibm_marrakesh,118,prob_meas0_prep1,0.0087890625,,2026-08-30 05:10:28-04:00,2026-08-31T00:06:52.147146+00:00
ibm_marrakesh,118,prob_meas1_prep0,0.005126953125,,2026-08-30 06:41:44-04:00,2026-08-31T00:06:52.147146+00:00
ibm_marrakesh,118,readout_length,2684.0,ns,2026-08-30 06:41:44-04:00,2026-08-31T00:06:52.147146+00:00
ibm_marrakesh,119,T1,165.7706804486528,us,2026-08-30 06:18:11-04:00,2026-08-31T00:06:52.147146+00:00
ibm_marrakesh,119,T2,32.23253150702376,us,2026-08-30 06:18:48-04:00,2026-08-31T00:06:52.147146+00:00
ibm_marrakesh,119,readout_error,0.140869140625,,2026-08-30 06:41:44-04:00,2026-08-31T00:06:52.147146+00:00
ibm_marrakesh,119,prob_meas0_prep1,0.24609375,,2026-08-30 06:41:44-04:00,2026-08-31T00:06:52.147146+00:00
ibm_marrakesh,119,prob_meas1_prep0,0.03564453125,,2026-08-30 06:41:44-04:00,2026-08-31T00:06:52.147146+00:00
ibm_marrakesh,119,readout_length,2684.0,ns,2026-08-30 06:41:44-04:00,2026-08-31T00:06:52.147146+00:00
ibm_marrakesh,120,T1,163.3006529034051,us,2026-08-30 06:18:11-04:00,2026-08-31T00:06:52.147146+00:00
ibm_marrakesh,120,T2,54.468060972831736,us,2026-08-30 06:18:48-04:00,2026-08-31T00:06:52.147146+00:00
ibm_marrakesh,120,readout_error,0.0057373046875,,2026-08-30 06:41:44-04:00,2026-08-31T00:06:52.147146+00:00
ibm_marrakesh,120,init_error,0.001200000024861652,,2026-08-30 07:12:41-04:00,2026-08-31T00:06:52.147146+00:00
ibm_marrakesh,120,prob_meas0_prep1,0.0087890625,,2026-08-30 06:41:44-04:00,2026-08-31T00:06:52.147146+00:00
ibm_marrakesh,120,prob_meas1_prep0,0.002685546875,,2026-08-30 06:41:44-04:00,2026-08-31T00:06:52.147146+00:00
ibm_marrakesh,120,readout_length,2684.0,ns,2026-08-30 06:41:44-04:00,2026-08-31T00:06:52.147146+00:00
ibm_marrakesh,121,T1,123.22125410443077,us,2026-08-30 06:18:11-04:00,2026-08-31T00:06:52.147146+00:00
ibm_marrakesh,121,T2,151.3189930852752,us,2026-08-30 06:18:29-04:00,2026-08-31T00:06:52.147146+00:00
ibm_marrakesh,121,readout_error,0.035888671875,,2026-08-30 06:41:44-04:00,2026-08-31T00:06:52.147146+00:00
ibm_marrakesh,121,prob_meas0_prep1,0.044189453125,,2026-08-30 06:41:44-04:00,2026-08-31T00:06:52.147146+00:00
ibm_marrakesh,121,prob_meas1_prep0,0.027587890625,,2026-08-30 06:41:44-04:00,2026-08-31T00:06:52.147146+00:00
ibm_marrakesh,121,readout_length,2684.0,ns,2026-08-30 06:41:44-04:00,2026-08-31T00:06:52.147146+00:00
ibm_marrakesh,122,T1,138.3236888672129,us,2026-08-30 06:18:12-04:00,2026-08-31T00:06:52.147146+00:00
ibm_marrakesh,122,T2,29.391854195258716,us,2026-08-30 06:18:48-04:00,2026-08-31T00:06:52.147146+00:00
ibm_marrakesh,122,readout_error,0.005615234375,,2026-08-30 06:41:44-04:00,2026-08-31T00:06:52.147146+00:00
ibm_marrakesh,122,init_error,0.0025999999858516156,,2026-08-30 07:12:41-04:00,2026-08-31T00:06:52.147146+00:00
ibm_marrakesh,122,prob_meas0_prep1,0.00634765625,,2026-08-30 06:41:44-04:00,2026-08-31T00:06:52.147146+00:00
ibm_marrakesh,122,prob_meas1_prep0,0.0048828125,,2026-08-30 06:41:44-04:00,2026-08-31T00:06:52.147146+00:00
ibm_marrakesh,122,readout_length,2684.0,ns,2026-08-30 06:41:44-04:00,2026-08-31T00:06:52.147146+00:00
ibm_marrakesh,123,T1,172.58381376558944,us,2026-08-30 06:18:12-04:00,2026-08-31T00:06:52.147146+00:00
ibm_marrakesh,123,T2,84.83951209700494,us,2026-08-30 06:18:29-04:00,2026-08-31T00:06:52.147146+00:00
ibm_marrakesh,123,readout_error,0.020751953125,,2026-08-30 06:41:44-04:00,2026-08-31T00:06:52.147146+00:00
ibm_marrakesh,123,init_error,0.004243690918706319,,2026-08-30 03:54:29-04:00,2026-08-31T00:06:52.147146+00:00
ibm_marrakesh,123,prob_meas0_prep1,0.020751953125,,2026-08-30 06:41:44-04:00,2026-08-31T00:06:52.147146+00:00
ibm_marrakesh,123,prob_meas1_prep0,0.020751953125,,2026-08-30 06:41:44-04:00,2026-08-31T00:06:52.147146+00:00
ibm_marrakesh,123,readout_length,2684.0,ns,2026-08-30 06:41:44-04:00,2026-08-31T00:06:52.147146+00:00
ibm_marrakesh,124,T1,150.14093808126665,us,2026-08-30 06:18:12-04:00,2026-08-31T00:06:52.147146+00:00
ibm_marrakesh,124,T2,49.51882713270651,us,2026-08-30 06:18:48-04:00,2026-08-31T00:06:52.147146+00:00
ibm_marrakesh,124,readout_error,0.007080078125,,2026-08-30 06:41:44-04:00,2026-08-31T00:06:52.147146+00:00
ibm_marrakesh,124,init_error,0.0012000000001328734,,2026-08-30 07:12:41-04:00,2026-08-31T00:06:52.147146+00:00
ibm_marrakesh,124,prob_meas0_prep1,0.01220703125,,2026-08-30 06:41:44-04:00,2026-08-31T00:06:52.147146+00:00
ibm_marrakesh,124,prob_meas1_prep0,0.001953125,,2026-08-30 06:41:44-04:00,2026-08-31T00:06:52.147146+00:00
ibm_marrakesh,124,readout_length,2684.0,ns,2026-08-30 06:41:44-04:00,2026-08-31T00:06:52.147146+00:00
ibm_marrakesh,125,T1,172.07763365716175,us,2026-08-30 06:18:12-04:00,2026-08-31T00:06:52.147146+00:00
ibm_marrakesh,125,T2,61.35383959241948,us,2026-08-30 06:18:30-04:00,2026-08-31T00:06:52.147146+00:00
ibm_marrakesh,125,readout_error,0.0174560546875,,2026-08-30 06:41:44-04:00,2026-08-31T00:06:52.147146+00:00
ibm_marrakesh,125,prob_meas0_prep1,0.02587890625,,2026-08-30 06:41:44-04:00,2026-08-31T00:06:52.147146+00:00
ibm_marrakesh,125,prob_meas1_prep0,0.009033203125,,2026-08-30 06:41:44-04:00,2026-08-31T00:06:52.147146+00:00
ibm_marrakesh,125,readout_length,2684.0,ns,2026-08-30 06:41:44-04:00,2026-08-31T00:06:52.147146+00:00
ibm_marrakesh,126,T1,74.90639085318507,us,2026-08-30 06:18:13-04:00,2026-08-31T00:06:52.147146+00:00
ibm_marrakesh,126,T2,16.18119348786548,us,2026-08-30 06:18:49-04:00,2026-08-31T00:06:52.147146+00:00
ibm_marrakesh,126,readout_error,0.009033203125,,2026-08-30 06:41:44-04:00,2026-08-31T00:06:52.147146+00:00
ibm_marrakesh,126,init_error,0.0035555770057356527,,2026-08-30 07:12:41-04:00,2026-08-31T00:06:52.147146+00:00
ibm_marrakesh,126,prob_meas0_prep1,0.011474609375,,2026-08-30 06:41:44-04:00,2026-08-31T00:06:52.147146+00:00
ibm_marrakesh,126,prob_meas1_prep0,0.006591796875,,2026-08-30 06:41:44-04:00,2026-08-31T00:06:52.147146+00:00
ibm_marrakesh,126,readout_length,2684.0,ns,2026-08-30 06:41:44-04:00,2026-08-31T00:06:52.147146+00:00
ibm_marrakesh,127,T1,309.85621790446834,us,2026-08-30 06:18:13-04:00,2026-08-31T00:06:52.147146+00:00
ibm_marrakesh,127,T2,25.4445015228505,us,2026-08-30 06:18:30-04:00,2026-08-31T00:06:52.147146+00:00
ibm_marrakesh,127,readout_error,0.0289306640625,,2026-08-30 06:41:44-04:00,2026-08-31T00:06:52.147146+00:00
ibm_marrakesh,127,init_error,0.021446311954117957,,2026-08-30 07:12:41-04:00,2026-08-31T00:06:52.147146+00:00
ibm_marrakesh,127,prob_meas0_prep1,0.032958984375,,2026-08-30 06:41:44-04:00,2026-08-31T00:06:52.147146+00:00
ibm_marrakesh,127,prob_meas1_prep0,0.02490234375,,2026-08-30 06:41:44-04:00,2026-08-31T00:06:52.147146+00:00
ibm_marrakesh,127,readout_length,2684.0,ns,2026-08-30 06:41:44-04:00,2026-08-31T00:06:52.147146+00:00
ibm_marrakesh,128,T1,294.9852558539293,us,2026-08-30 06:18:13-04:00,2026-08-31T00:06:52.147146+00:00
ibm_marrakesh,128,T2,320.41188370923885,us,2026-08-30 06:18:49-04:00,2026-08-31T00:06:52.147146+00:00
ibm_marrakesh,128,readout_error,0.0101318359375,,2026-08-30 06:41:44-04:00,2026-08-31T00:06:52.147146+00:00
ibm_marrakesh,128,init_error,0.004549561444242257,,2026-08-30 07:12:41-04:00,2026-08-31T00:06:52.147146+00:00
ibm_marrakesh,128,prob_meas0_prep1,0.010986328125,,2026-08-30 06:41:44-04:00,2026-08-31T00:06:52.147146+00:00
ibm_marrakesh,128,prob_meas1_prep0,0.00927734375,,2026-08-30 06:41:44-04:00,2026-08-31T00:06:52.147146+00:00
ibm_marrakesh,128,readout_length,2684.0,ns,2026-08-30 06:41:44-04:00,2026-08-31T00:06:52.147146+00:00
ibm_marrakesh,129,T1,310.59351690622344,us,2026-08-30 06:18:13-04:00,2026-08-31T00:06:52.147146+00:00
ibm_marrakesh,129,T2,272.9783469495767,us,2026-08-30 06:18:30-04:00,2026-08-31T00:06:52.147146+00:00
ibm_marrakesh,129,readout_error,0.009033203125,,2026-08-30 06:41:44-04:00,2026-08-31T00:06:52.147146+00:00
ibm_marrakesh,129,init_error,0.0019528119758507574,,2026-08-30 07:12:41-04:00,2026-08-31T00:06:52.147146+00:00
ibm_marrakesh,129,prob_meas0_prep1,0.015869140625,,2026-08-30 06:41:44-04:00,2026-08-31T00:06:52.147146+00:00
ibm_marrakesh,129,prob_meas1_prep0,0.002197265625,,2026-08-30 06:41:44-04:00,2026-08-31T00:06:52.147146+00:00
ibm_marrakesh,129,readout_length,2684.0,ns,2026-08-30 06:41:44-04:00,2026-08-31T00:06:52.147146+00:00
ibm_marrakesh,130,readout_error,0.4827880859375,,2026-08-30 06:41:44-04:00,2026-08-31T00:06:52.147146+00:00
ibm_marrakesh,130,prob_meas0_prep1,0.484619140625,,2026-08-30 06:41:44-04:00,2026-08-31T00:06:52.147146+00:00
ibm_marrakesh,130,prob_meas1_prep0,0.48095703125,,2026-08-30 06:41:44-04:00,2026-08-31T00:06:52.147146+00:00
ibm_marrakesh,130,readout_length,2684.0,ns,2026-08-30 06:41:44-04:00,2026-08-31T00:06:52.147146+00:00
ibm_marrakesh,131,T1,223.30686153434982,us,2026-08-30 06:18:14-04:00,2026-08-31T00:06:52.147146+00:00
ibm_marrakesh,131,T2,113.7504437332249,us,2026-08-30 06:18:30-04:00,2026-08-31T00:06:52.147146+00:00
ibm_marrakesh,131,readout_error,0.0074462890625,,2026-08-30 06:41:44-04:00,2026-08-31T00:06:52.147146+00:00
ibm_marrakesh,131,init_error,0.0044315221724658205,,2026-08-30 07:12:41-04:00,2026-08-31T00:06:52.147146+00:00
ibm_marrakesh,131,prob_meas0_prep1,0.01025390625,,2026-08-30 06:41:44-04:00,2026-08-31T00:06:52.147146+00:00
ibm_marrakesh,131,prob_meas1_prep0,0.004638671875,,2026-08-30 06:41:44-04:00,2026-08-31T00:06:52.147146+00:00
ibm_marrakesh,131,readout_length,2684.0,ns,2026-08-30 06:41:44-04:00,2026-08-31T00:06:52.147146+00:00
ibm_marrakesh,132,T1,176.6802138721249,us,2026-08-30 06:18:14-04:00,2026-08-31T00:06:52.147146+00:00
ibm_marrakesh,132,T2,79.0916977115472,us,2026-08-30 06:18:49-04:00,2026-08-31T00:06:52.147146+00:00
ibm_marrakesh,132,readout_error,0.0057373046875,,2026-08-30 06:41:44-04:00,2026-08-31T00:06:52.147146+00:00
ibm_marrakesh,132,init_error,0.002000002384536763,,2026-08-30 07:12:42-04:00,2026-08-31T00:06:52.147146+00:00
ibm_marrakesh,132,prob_meas0_prep1,0.00732421875,,2026-08-30 06:41:44-04:00,2026-08-31T00:06:52.147146+00:00
ibm_marrakesh,132,prob_meas1_prep0,0.004150390625,,2026-08-30 06:41:44-04:00,2026-08-31T00:06:52.147146+00:00
ibm_marrakesh,132,readout_length,2684.0,ns,2026-08-30 06:41:44-04:00,2026-08-31T00:06:52.147146+00:00
ibm_marrakesh,133,T1,318.3885828705427,us,2026-08-30 06:18:14-04:00,2026-08-31T00:06:52.147146+00:00
ibm_marrakesh,133,T2,229.98646762461766,us,2026-08-30 06:18:30-04:00,2026-08-31T00:06:52.147146+00:00
ibm_marrakesh,133,readout_error,0.0128173828125,,2026-08-30 06:41:44-04:00,2026-08-31T00:06:52.147146+00:00
ibm_marrakesh,133,init_error,0.004723812346788409,,2026-08-30 07:12:42-04:00,2026-08-31T00:06:52.147146+00:00
ibm_marrakesh,133,prob_meas0_prep1,0.019775390625,,2026-08-30 06:41:44-04:00,2026-08-31T00:06:52.147146+00:00
ibm_marrakesh,133,prob_meas1_prep0,0.005859375,,2026-08-30 06:41:44-04:00,2026-08-31T00:06:52.147146+00:00
ibm_marrakesh,133,readout_length,2684.0,ns,2026-08-30 06:41:44-04:00,2026-08-31T00:06:52.147146+00:00
ibm_marrakesh,134,T1,200.67471291304184,us,2026-08-30 06:18:14-04:00,2026-08-31T00:06:52.147146+00:00
ibm_marrakesh,134,T2,117.8721594573226,us,2026-08-30 06:18:49-04:00,2026-08-31T00:06:52.147146+00:00
ibm_marrakesh,134,readout_error,0.008056640625,,2026-08-30 06:41:44-04:00,2026-08-31T00:06:52.147146+00:00
ibm_marrakesh,134,init_error,0.004199999997167196,,2026-08-30 07:12:42-04:00,2026-08-31T00:06:52.147146+00:00
ibm_marrakesh,134,prob_meas0_prep1,0.01025390625,,2026-08-30 06:41:44-04:00,2026-08-31T00:06:52.147146+00:00
ibm_marrakesh,134,prob_meas1_prep0,0.005859375,,2026-08-30 06:41:44-04:00,2026-08-31T00:06:52.147146+00:00
ibm_marrakesh,134,readout_length,2684.0,ns,2026-08-30 06:41:44-04:00,2026-08-31T00:06:52.147146+00:00
ibm_marrakesh,135,T1,183.08957995456632,us,2026-08-30 06:18:14-04:00,2026-08-31T00:06:52.147146+00:00
ibm_marrakesh,135,T2,70.6099375915841,us,2026-08-30 06:18:31-04:00,2026-08-31T00:06:52.147146+00:00
ibm_marrakesh,135,readout_error,0.025146484375,,2026-08-30 06:41:44-04:00,2026-08-31T00:06:52.147146+00:00
ibm_marrakesh,135,prob_meas0_prep1,0.02685546875,,2026-08-30 05:10:38-04:00,2026-08-31T00:06:52.147146+00:00
ibm_marrakesh,135,prob_meas1_prep0,0.022216796875,,2026-08-30 06:41:44-04:00,2026-08-31T00:06:52.147146+00:00
ibm_marrakesh,135,readout_length,2684.0,ns,2026-08-30 06:41:44-04:00,2026-08-31T00:06:52.147146+00:00
ibm_marrakesh,136,T1,224.40255666411178,us,2026-08-30 06:18:15-04:00,2026-08-31T00:06:52.147146+00:00
ibm_marrakesh,136,T2,36.5523524645601,us,2026-08-30 06:18:50-04:00,2026-08-31T00:06:52.147146+00:00
ibm_marrakesh,136,readout_error,0.0052490234375,,2026-08-30 06:41:44-04:00,2026-08-31T00:06:52.147146+00:00
ibm_marrakesh,136,init_error,0.0011999999095800688,,2026-08-30 07:12:42-04:00,2026-08-31T00:06:52.147146+00:00
ibm_marrakesh,136,prob_meas0_prep1,0.0087890625,,2026-08-30 06:41:44-04:00,2026-08-31T00:06:52.147146+00:00
ibm_marrakesh,136,prob_meas1_prep0,0.001708984375,,2026-08-30 06:41:44-04:00,2026-08-31T00:06:52.147146+00:00
ibm_marrakesh,136,readout_length,2684.0,ns,2026-08-30 06:41:44-04:00,2026-08-31T00:06:52.147146+00:00
ibm_marrakesh,137,T1,129.50478495266404,us,2026-08-30 06:18:15-04:00,2026-08-31T00:06:52.147146+00:00
ibm_marrakesh,137,T2,34.28242547463954,us,2026-08-30 06:18:50-04:00,2026-08-31T00:06:52.147146+00:00
ibm_marrakesh,137,readout_error,0.0244140625,,2026-08-30 06:41:44-04:00,2026-08-31T00:06:52.147146+00:00
ibm_marrakesh,137,init_error,0.013196207204193075,,2026-08-30 07:12:42-04:00,2026-08-31T00:06:52.147146+00:00
ibm_marrakesh,137,prob_meas0_prep1,0.02197265625,,2026-08-30 06:41:44-04:00,2026-08-31T00:06:52.147146+00:00
ibm_marrakesh,137,prob_meas1_prep0,0.02685546875,,2026-08-30 06:41:44-04:00,2026-08-31T00:06:52.147146+00:00
ibm_marrakesh,137,readout_length,2684.0,ns,2026-08-30 06:41:44-04:00,2026-08-31T00:06:52.147146+00:00
ibm_marrakesh,138,T1,266.76337669657414,us,2026-08-30 06:18:15-04:00,2026-08-31T00:06:52.147146+00:00
ibm_marrakesh,138,T2,98.633017508518,us,2026-08-30 06:18:50-04:00,2026-08-31T00:06:52.147146+00:00
ibm_marrakesh,138,readout_error,0.031005859375,,2026-08-30 06:41:44-04:00,2026-08-31T00:06:52.147146+00:00
ibm_marrakesh,138,prob_meas0_prep1,0.031494140625,,2026-08-30 06:41:44-04:00,2026-08-31T00:06:52.147146+00:00
ibm_marrakesh,138,prob_meas1_prep0,0.030517578125,,2026-08-30 06:41:44-04:00,2026-08-31T00:06:52.147146+00:00
ibm_marrakesh,138,readout_length,2684.0,ns,2026-08-30 06:41:44-04:00,2026-08-31T00:06:52.147146+00:00
ibm_marrakesh,139,T1,155.791904596617,us,2026-08-30 06:18:15-04:00,2026-08-31T00:06:52.147146+00:00
ibm_marrakesh,139,T2,134.07692464614667,us,2026-08-30 06:18:50-04:00,2026-08-31T00:06:52.147146+00:00
ibm_marrakesh,139,readout_error,0.0072021484375,,2026-08-30 06:41:44-04:00,2026-08-31T00:06:52.147146+00:00
ibm_marrakesh,139,init_error,0.0036694555729231497,,2026-08-30 07:12:42-04:00,2026-08-31T00:06:52.147146+00:00
ibm_marrakesh,139,prob_meas0_prep1,0.010498046875,,2026-08-30 06:41:44-04:00,2026-08-31T00:06:52.147146+00:00
ibm_marrakesh,139,prob_meas1_prep0,0.00390625,,2026-08-30 06:41:44-04:00,2026-08-31T00:06:52.147146+00:00
ibm_marrakesh,139,readout_length,2684.0,ns,2026-08-30 06:41:44-04:00,2026-08-31T00:06:52.147146+00:00
ibm_marrakesh,140,T1,130.8945565683557,us,2026-08-30 06:18:16-04:00,2026-08-31T00:06:52.147146+00:00
ibm_marrakesh,140,T2,32.87216724209435,us,2026-08-30 06:18:51-04:00,2026-08-31T00:06:52.147146+00:00
ibm_marrakesh,140,readout_error,0.0172119140625,,2026-08-30 06:41:44-04:00,2026-08-31T00:06:52.147146+00:00
ibm_marrakesh,140,init_error,0.002319387850623668,,2026-08-30 07:12:42-04:00,2026-08-31T00:06:52.147146+00:00
ibm_marrakesh,140,prob_meas0_prep1,0.029052734375,,2026-08-30 06:41:44-04:00,2026-08-31T00:06:52.147146+00:00
ibm_marrakesh,140,prob_meas1_prep0,0.00537109375,,2026-08-30 06:41:44-04:00,2026-08-31T00:06:52.147146+00:00
ibm_marrakesh,140,readout_length,2684.0,ns,2026-08-30 06:41:44-04:00,2026-08-31T00:06:52.147146+00:00
ibm_marrakesh,141,T1,37.88029274928399,us,2026-08-30 06:18:16-04:00,2026-08-31T00:06:52.147146+00:00
ibm_marrakesh,141,T2,50.26098026452665,us,2026-08-30 06:18:31-04:00,2026-08-31T00:06:52.147146+00:00
ibm_marrakesh,141,readout_error,0.011962890625,,2026-08-30 06:41:44-04:00,2026-08-31T00:06:52.147146+00:00
ibm_marrakesh,141,init_error,0.008177611160778477,,2026-08-30 07:12:42-04:00,2026-08-31T00:06:52.147146+00:00
ibm_marrakesh,141,prob_meas0_prep1,0.008544921875,,2026-08-30 06:41:44-04:00,2026-08-31T00:06:52.147146+00:00
ibm_marrakesh,141,prob_meas1_prep0,0.015380859375,,2026-08-30 06:41:44-04:00,2026-08-31T00:06:52.147146+00:00
ibm_marrakesh,141,readout_length,2684.0,ns,2026-08-30 06:41:44-04:00,2026-08-31T00:06:52.147146+00:00
ibm_marrakesh,142,T1,141.5877306378786,us,2026-08-30 06:18:16-04:00,2026-08-31T00:06:52.147146+00:00
ibm_marrakesh,142,T2,134.76003895279055,us,2026-08-30 06:18:51-04:00,2026-08-31T00:06:52.147146+00:00
ibm_marrakesh,142,readout_error,0.0224609375,,2026-08-30 06:41:44-04:00,2026-08-31T00:06:52.147146+00:00
ibm_marrakesh,142,init_error,0.024216443626940396,,2026-08-30 07:12:42-04:00,2026-08-31T00:06:52.147146+00:00
ibm_marrakesh,142,prob_meas0_prep1,0.01416015625,,2026-08-30 06:41:44-04:00,2026-08-31T00:06:52.147146+00:00
ibm_marrakesh,142,prob_meas1_prep0,0.03076171875,,2026-08-30 06:41:44-04:00,2026-08-31T00:06:52.147146+00:00
ibm_marrakesh,142,readout_length,2684.0,ns,2026-08-30 06:41:44-04:00,2026-08-31T00:06:52.147146+00:00
ibm_marrakesh,143,T1,147.64314088835198,us,2026-08-30 06:18:16-04:00,2026-08-31T00:06:52.147146+00:00
ibm_marrakesh,143,T2,36.418854219834756,us,2026-08-30 06:18:31-04:00,2026-08-31T00:06:52.147146+00:00
ibm_marrakesh,143,readout_error,0.013916015625,,2026-08-30 06:41:44-04:00,2026-08-31T00:06:52.147146+00:00
ibm_marrakesh,143,init_error,0.008800777782745548,,2026-08-30 07:12:42-04:00,2026-08-31T00:06:52.147146+00:00
ibm_marrakesh,143,prob_meas0_prep1,0.013671875,,2026-08-30 06:41:44-04:00,2026-08-31T00:06:52.147146+00:00
ibm_marrakesh,143,prob_meas1_prep0,0.01416015625,,2026-08-30 06:41:44-04:00,2026-08-31T00:06:52.147146+00:00
ibm_marrakesh,143,readout_length,2684.0,ns,2026-08-30 06:41:44-04:00,2026-08-31T00:06:52.147146+00:00
ibm_marrakesh,144,T1,108.2696629652208,us,2026-08-30 06:18:16-04:00,2026-08-31T00:06:52.147146+00:00
ibm_marrakesh,144,T2,36.5105258912968,us,2026-08-30 06:18:51-04:00,2026-08-31T00:06:52.147146+00:00
ibm_marrakesh,144,readout_error,0.03857421875,,2026-08-30 06:41:44-04:00,2026-08-31T00:06:52.147146+00:00
ibm_marrakesh,144,init_error,0.022499342981712318,,2026-08-30 07:12:42-04:00,2026-08-31T00:06:52.147146+00:00
ibm_marrakesh,144,prob_meas0_prep1,0.03271484375,,2026-08-30 06:41:44-04:00,2026-08-31T00:06:52.147146+00:00
ibm_marrakesh,144,prob_meas1_prep0,0.04443359375,,2026-08-30 06:41:44-04:00,2026-08-31T00:06:52.147146+00:00
ibm_marrakesh,144,readout_length,2684.0,ns,2026-08-30 06:41:44-04:00,2026-08-31T00:06:52.147146+00:00
ibm_marrakesh,145,T1,94.42004831510496,us,2026-08-30 06:18:17-04:00,2026-08-31T00:06:52.147146+00:00
ibm_marrakesh,145,T2,99.5497207744091,us,2026-08-30 06:18:31-04:00,2026-08-31T00:06:52.147146+00:00
ibm_marrakesh,145,readout_error,0.020751953125,,2026-08-30 06:41:44-04:00,2026-08-31T00:06:52.147146+00:00
ibm_marrakesh,145,prob_meas0_prep1,0.02685546875,,2026-08-30 06:41:44-04:00,2026-08-31T00:06:52.147146+00:00
ibm_marrakesh,145,prob_meas1_prep0,0.0146484375,,2026-08-30 06:41:44-04:00,2026-08-31T00:06:52.147146+00:00
ibm_marrakesh,145,readout_length,2684.0,ns,2026-08-30 06:41:44-04:00,2026-08-31T00:06:52.147146+00:00
ibm_marrakesh,146,T1,161.20629951741543,us,2026-08-30 06:18:17-04:00,2026-08-31T00:06:52.147146+00:00
ibm_marrakesh,146,T2,71.08462014724991,us,2026-08-30 06:18:51-04:00,2026-08-31T00:06:52.147146+00:00
ibm_marrakesh,146,readout_error,0.005615234375,,2026-08-30 06:41:44-04:00,2026-08-31T00:06:52.147146+00:00
ibm_marrakesh,146,init_error,0.002783840253865909,,2026-08-30 07:12:42-04:00,2026-08-31T00:06:52.147146+00:00
ibm_marrakesh,146,prob_meas0_prep1,0.00830078125,,2026-08-30 06:41:44-04:00,2026-08-31T00:06:52.147146+00:00
ibm_marrakesh,146,prob_meas1_prep0,0.0029296875,,2026-08-30 06:41:44-04:00,2026-08-31T00:06:52.147146+00:00
ibm_marrakesh,146,readout_length,2684.0,ns,2026-08-30 06:41:44-04:00,2026-08-31T00:06:52.147146+00:00
ibm_marrakesh,147,T1,315.913808800454,us,2026-08-30 06:18:17-04:00,2026-08-31T00:06:52.147146+00:00
ibm_marrakesh,147,T2,125.70093287891774,us,2026-08-30 06:18:32-04:00,2026-08-31T00:06:52.147146+00:00
ibm_marrakesh,147,readout_error,0.0059814453125,,2026-08-30 06:41:44-04:00,2026-08-31T00:06:52.147146+00:00
ibm_marrakesh,147,init_error,0.0029955035356220862,,2026-08-30 07:12:42-04:00,2026-08-31T00:06:52.147146+00:00
ibm_marrakesh,147,prob_meas0_prep1,0.007080078125,,2026-08-30 06:41:44-04:00,2026-08-31T00:06:52.147146+00:00
ibm_marrakesh,147,prob_meas1_prep0,0.0048828125,,2026-08-30 06:41:44-04:00,2026-08-31T00:06:52.147146+00:00
ibm_marrakesh,147,readout_length,2684.0,ns,2026-08-30 06:41:44-04:00,2026-08-31T00:06:52.147146+00:00
ibm_marrakesh,148,T1,248.74368105499144,us,2026-08-30 06:18:17-04:00,2026-08-31T00:06:52.147146+00:00
ibm_marrakesh,148,T2,52.98820857921382,us,2026-08-30 06:18:51-04:00,2026-08-31T00:06:52.147146+00:00
ibm_marrakesh,148,readout_error,0.0057373046875,,2026-08-30 06:41:44-04:00,2026-08-31T00:06:52.147146+00:00
ibm_marrakesh,148,init_error,0.002199999990984203,,2026-08-30 07:12:42-04:00,2026-08-31T00:06:52.147146+00:00
ibm_marrakesh,148,prob_meas0_prep1,0.0068359375,,2026-08-30 06:41:44-04:00,2026-08-31T00:06:52.147146+00:00
ibm_marrakesh,148,prob_meas1_prep0,0.004638671875,,2026-08-30 06:41:44-04:00,2026-08-31T00:06:52.147146+00:00
ibm_marrakesh,148,readout_length,2684.0,ns,2026-08-30 06:41:44-04:00,2026-08-31T00:06:52.147146+00:00
ibm_marrakesh,149,T1,107.7067903871402,us,2026-08-30 06:18:17-04:00,2026-08-31T00:06:52.147146+00:00
ibm_marrakesh,149,T2,56.17844365601269,us,2026-08-30 06:18:32-04:00,2026-08-31T00:06:52.147146+00:00
ibm_marrakesh,149,readout_error,0.0081787109375,,2026-08-30 06:41:44-04:00,2026-08-31T00:06:52.147146+00:00
ibm_marrakesh,149,init_error,0.0030005742295353857,,2026-08-30 07:12:42-04:00,2026-08-31T00:06:52.147146+00:00
ibm_marrakesh,149,prob_meas0_prep1,0.012451171875,,2026-08-30 06:41:44-04:00,2026-08-31T00:06:52.147146+00:00
ibm_marrakesh,149,prob_meas1_prep0,0.00390625,,2026-08-30 06:41:44-04:00,2026-08-31T00:06:52.147146+00:00
ibm_marrakesh,149,readout_length,2684.0,ns,2026-08-30 06:41:44-04:00,2026-08-31T00:06:52.147146+00:00
ibm_marrakesh,150,T1,100.12701567121584,us,2026-08-30 06:18:18-04:00,2026-08-31T00:06:52.147146+00:00
ibm_marrakesh,150,T2,112.47549836052684,us,2026-08-30 06:18:52-04:00,2026-08-31T00:06:52.147146+00:00
ibm_marrakesh,150,readout_error,0.0234375,,2026-08-30 06:41:44-04:00,2026-08-31T00:06:52.147146+00:00
ibm_marrakesh,150,init_error,0.017681909588074553,,2026-08-30 03:54:29-04:00,2026-08-31T00:06:52.147146+00:00
ibm_marrakesh,150,prob_meas0_prep1,0.016845703125,,2026-08-30 06:41:44-04:00,2026-08-31T00:06:52.147146+00:00
ibm_marrakesh,150,prob_meas1_prep0,0.030029296875,,2026-08-30 06:41:44-04:00,2026-08-31T00:06:52.147146+00:00
ibm_marrakesh,150,readout_length,2684.0,ns,2026-08-30 06:41:44-04:00,2026-08-31T00:06:52.147146+00:00
ibm_marrakesh,151,T1,141.88686906683952,us,2026-08-30 06:18:18-04:00,2026-08-31T00:06:52.147146+00:00
ibm_marrakesh,151,T2,51.49469327292259,us,2026-08-30 06:18:32-04:00,2026-08-31T00:06:52.147146+00:00
ibm_marrakesh,151,readout_error,0.0098876953125,,2026-08-30 06:41:44-04:00,2026-08-31T00:06:52.147146+00:00
ibm_marrakesh,151,init_error,0.0077829388421424795,,2026-08-30 07:12:42-04:00,2026-08-31T00:06:52.147146+00:00
ibm_marrakesh,151,prob_meas0_prep1,0.00927734375,,2026-08-30 06:41:44-04:00,2026-08-31T00:06:52.147146+00:00
ibm_marrakesh,151,prob_meas1_prep0,0.010498046875,,2026-08-30 06:41:44-04:00,2026-08-31T00:06:52.147146+00:00
ibm_marrakesh,151,readout_length,2684.0,ns,2026-08-30 06:41:44-04:00,2026-08-31T00:06:52.147146+00:00
ibm_marrakesh,152,T1,245.50535277309993,us,2026-08-30 06:18:18-04:00,2026-08-31T00:06:52.147146+00:00
ibm_marrakesh,152,T2,180.41404086907843,us,2026-08-30 06:18:52-04:00,2026-08-31T00:06:52.147146+00:00
ibm_marrakesh,152,readout_error,0.0042724609375,,2026-08-30 06:41:44-04:00,2026-08-31T00:06:52.147146+00:00
ibm_marrakesh,152,init_error,0.0018885992429000735,,2026-08-30 07:12:42-04:00,2026-08-31T00:06:52.147146+00:00
ibm_marrakesh,152,prob_meas0_prep1,0.005859375,,2026-08-30 05:10:48-04:00,2026-08-31T00:06:52.147146+00:00
ibm_marrakesh,152,prob_meas1_prep0,0.001220703125,,2026-08-30 06:41:44-04:00,2026-08-31T00:06:52.147146+00:00
ibm_marrakesh,152,readout_length,2684.0,ns,2026-08-30 06:41:44-04:00,2026-08-31T00:06:52.147146+00:00
ibm_marrakesh,153,T1,169.1674747697885,us,2026-08-30 06:18:18-04:00,2026-08-31T00:06:52.147146+00:00
ibm_marrakesh,153,T2,156.35997181729016,us,2026-08-30 06:18:32-04:00,2026-08-31T00:06:52.147146+00:00
ibm_marrakesh,153,readout_error,0.0069580078125,,2026-08-30 06:41:44-04:00,2026-08-31T00:06:52.147146+00:00
ibm_marrakesh,153,init_error,0.0035999999999953283,,2026-08-30 07:12:42-04:00,2026-08-31T00:06:52.147146+00:00
ibm_marrakesh,153,prob_meas0_prep1,0.009033203125,,2026-08-30 06:41:44-04:00,2026-08-31T00:06:52.147146+00:00
ibm_marrakesh,153,prob_meas1_prep0,0.0048828125,,2026-08-30 06:41:44-04:00,2026-08-31T00:06:52.147146+00:00
ibm_marrakesh,153,readout_length,2684.0,ns,2026-08-30 06:41:44-04:00,2026-08-31T00:06:52.147146+00:00
ibm_marrakesh,154,T1,314.67918288992144,us,2026-08-30 06:18:18-04:00,2026-08-31T00:06:52.147146+00:00
ibm_marrakesh,154,T2,18.260010327740847,us,2026-08-30 06:18:52-04:00,2026-08-31T00:06:52.147146+00:00
ibm_marrakesh,154,readout_error,0.0035400390625,,2026-08-30 06:41:44-04:00,2026-08-31T00:06:52.147146+00:00
ibm_marrakesh,154,init_error,0.0045848024252593735,,2026-08-30 07:12:42-04:00,2026-08-31T00:06:52.147146+00:00
ibm_marrakesh,154,prob_meas0_prep1,0.00341796875,,2026-08-30 06:41:44-04:00,2026-08-31T00:06:52.147146+00:00
ibm_marrakesh,154,prob_meas1_prep0,0.003662109375,,2026-08-30 06:41:44-04:00,2026-08-31T00:06:52.147146+00:00
ibm_marrakesh,154,readout_length,2684.0,ns,2026-08-30 06:41:44-04:00,2026-08-31T00:06:52.147146+00:00
ibm_marrakesh,155,T1,281.4637139452763,us,2026-08-30 06:18:19-04:00,2026-08-31T00:06:52.147146+00:00
ibm_marrakesh,155,T2,126.37650933066007,us,2026-08-30 06:18:32-04:00,2026-08-31T00:06:52.147146+00:00
ibm_marrakesh,155,readout_error,0.0140380859375,,2026-08-30 06:41:44-04:00,2026-08-31T00:06:52.147146+00:00
ibm_marrakesh,155,prob_meas0_prep1,0.012451171875,,2026-08-30 06:41:44-04:00,2026-08-31T00:06:52.147146+00:00
ibm_marrakesh,155,prob_meas1_prep0,0.015625,,2026-08-30 06:41:44-04:00,2026-08-31T00:06:52.147146+00:00
ibm_marrakesh,155,readout_length,2684.0,ns,2026-08-30 06:41:44-04:00,2026-08-31T00:06:52.147146+00:00
ibm_kingston,0,readout_error,0.0234375,,2026-08-30 17:22:32-04:00,2026-08-31T00:06:57.295633+00:00
ibm_kingston,0,prob_meas0_prep1,0.01953125,,2026-08-30 17:22:32-04:00,2026-08-31T00:06:57.295633+00:00
ibm_kingston,0,prob_meas1_prep0,0.02734375,,2026-08-30 17:22:32-04:00,2026-08-31T00:06:57.295633+00:00
ibm_kingston,0,readout_length,2180.0,ns,2026-08-30 17:22:32-04:00,2026-08-31T00:06:57.295633+00:00
ibm_kingston,1,readout_error,0.0089111328125,,2026-08-30 17:22:32-04:00,2026-08-31T00:06:57.295633+00:00
ibm_kingston,1,init_error,0.0016974783756749008,,2026-08-30 18:03:09-04:00,2026-08-31T00:06:57.295633+00:00
ibm_kingston,1,prob_meas0_prep1,0.01123046875,,2026-08-30 17:22:32-04:00,2026-08-31T00:06:57.295633+00:00
ibm_kingston,1,prob_meas1_prep0,0.006591796875,,2026-08-30 17:22:32-04:00,2026-08-31T00:06:57.295633+00:00
ibm_kingston,1,readout_length,2180.0,ns,2026-08-30 17:22:32-04:00,2026-08-31T00:06:57.295633+00:00
ibm_kingston,2,readout_error,0.0089111328125,,2026-08-30 17:22:32-04:00,2026-08-31T00:06:57.295633+00:00
ibm_kingston,2,init_error,0.004179872074661319,,2026-08-30 18:03:09-04:00,2026-08-31T00:06:57.295633+00:00
ibm_kingston,2,prob_meas0_prep1,0.010986328125,,2026-08-30 17:22:32-04:00,2026-08-31T00:06:57.295633+00:00
ibm_kingston,2,prob_meas1_prep0,0.0068359375,,2026-08-30 17:22:32-04:00,2026-08-31T00:06:57.295633+00:00
ibm_kingston,2,readout_length,2180.0,ns,2026-08-30 17:22:32-04:00,2026-08-31T00:06:57.295633+00:00
ibm_kingston,3,readout_error,0.009033203125,,2026-08-30 17:22:32-04:00,2026-08-31T00:06:57.295633+00:00
ibm_kingston,3,init_error,0.0037414423112595,,2026-08-30 18:03:09-04:00,2026-08-31T00:06:57.295633+00:00
ibm_kingston,3,prob_meas0_prep1,0.011962890625,,2026-08-30 17:22:32-04:00,2026-08-31T00:06:57.295633+00:00
ibm_kingston,3,prob_meas1_prep0,0.006103515625,,2026-08-30 17:22:32-04:00,2026-08-31T00:06:57.295633+00:00
ibm_kingston,3,readout_length,2180.0,ns,2026-08-30 17:22:32-04:00,2026-08-31T00:06:57.295633+00:00
ibm_kingston,4,readout_error,0.011474609375,,2026-08-30 17:22:32-04:00,2026-08-31T00:06:57.295633+00:00
ibm_kingston,4,init_error,0.004666643364702405,,2026-08-30 18:03:09-04:00,2026-08-31T00:06:57.295633+00:00
ibm_kingston,4,prob_meas0_prep1,0.015625,,2026-08-30 17:22:32-04:00,2026-08-31T00:06:57.295633+00:00
ibm_kingston,4,prob_meas1_prep0,0.00732421875,,2026-08-30 17:22:32-04:00,2026-08-31T00:06:57.295633+00:00
ibm_kingston,4,readout_length,2180.0,ns,2026-08-30 17:22:32-04:00,2026-08-31T00:06:57.295633+00:00
ibm_kingston,5,readout_error,0.009765625,,2026-08-30 17:22:32-04:00,2026-08-31T00:06:57.295633+00:00
ibm_kingston,5,init_error,0.004401208716268751,,2026-08-30 18:03:09-04:00,2026-08-31T00:06:57.295633+00:00
ibm_kingston,5,prob_meas0_prep1,0.01123046875,,2026-08-30 17:22:32-04:00,2026-08-31T00:06:57.295633+00:00
ibm_kingston,5,prob_meas1_prep0,0.00830078125,,2026-08-30 17:22:32-04:00,2026-08-31T00:06:57.295633+00:00
ibm_kingston,5,readout_length,2180.0,ns,2026-08-30 17:22:32-04:00,2026-08-31T00:06:57.295633+00:00
ibm_kingston,6,readout_error,0.007568359375,,2026-08-30 17:22:32-04:00,2026-08-31T00:06:57.295633+00:00
ibm_kingston,6,init_error,0.004292959179850769,,2026-08-30 18:03:09-04:00,2026-08-31T00:06:57.295633+00:00
ibm_kingston,6,prob_meas0_prep1,0.009521484375,,2026-08-30 17:22:32-04:00,2026-08-31T00:06:57.295633+00:00
ibm_kingston,6,prob_meas1_prep0,0.005615234375,,2026-08-30 17:22:32-04:00,2026-08-31T00:06:57.295633+00:00
ibm_kingston,6,readout_length,2180.0,ns,2026-08-30 17:22:32-04:00,2026-08-31T00:06:57.295633+00:00
ibm_kingston,7,readout_error,0.0147705078125,,2026-08-30 17:22:32-04:00,2026-08-31T00:06:57.295633+00:00
ibm_kingston,7,prob_meas0_prep1,0.0224609375,,2026-08-30 17:22:32-04:00,2026-08-31T00:06:57.295633+00:00
ibm_kingston,7,prob_meas1_prep0,0.007080078125,,2026-08-30 17:22:32-04:00,2026-08-31T00:06:57.295633+00:00
ibm_kingston,7,readout_length,2180.0,ns,2026-08-30 17:22:32-04:00,2026-08-31T00:06:57.295633+00:00
ibm_kingston,8,readout_error,0.007080078125,,2026-08-30 17:22:32-04:00,2026-08-31T00:06:57.295633+00:00
ibm_kingston,8,init_error,0.0012001979961945642,,2026-08-30 18:03:09-04:00,2026-08-31T00:06:57.295633+00:00
ibm_kingston,8,prob_meas0_prep1,0.009033203125,,2026-08-30 17:22:32-04:00,2026-08-31T00:06:57.295633+00:00
ibm_kingston,8,prob_meas1_prep0,0.005126953125,,2026-08-30 17:22:32-04:00,2026-08-31T00:06:57.295633+00:00
ibm_kingston,8,readout_length,2180.0,ns,2026-08-30 17:22:32-04:00,2026-08-31T00:06:57.295633+00:00
ibm_kingston,9,readout_error,0.0074462890625,,2026-08-30 17:22:32-04:00,2026-08-31T00:06:57.295633+00:00
ibm_kingston,9,init_error,0.0023976709114256235,,2026-08-30 18:03:09-04:00,2026-08-31T00:06:57.295633+00:00
ibm_kingston,9,prob_meas0_prep1,0.01220703125,,2026-08-30 17:22:32-04:00,2026-08-31T00:06:57.295633+00:00
ibm_kingston,9,prob_meas1_prep0,0.002685546875,,2026-08-30 17:22:32-04:00,2026-08-31T00:06:57.295633+00:00
ibm_kingston,9,readout_length,2180.0,ns,2026-08-30 17:22:32-04:00,2026-08-31T00:06:57.295633+00:00
ibm_kingston,10,readout_error,0.0054931640625,,2026-08-30 17:22:32-04:00,2026-08-31T00:06:57.295633+00:00
ibm_kingston,10,init_error,0.0020011270483103354,,2026-08-30 18:03:09-04:00,2026-08-31T00:06:57.295633+00:00
ibm_kingston,10,prob_meas0_prep1,0.00732421875,,2026-08-30 17:22:32-04:00,2026-08-31T00:06:57.295633+00:00
ibm_kingston,10,prob_meas1_prep0,0.003662109375,,2026-08-30 17:22:32-04:00,2026-08-31T00:06:57.295633+00:00
ibm_kingston,10,readout_length,2180.0,ns,2026-08-30 17:22:32-04:00,2026-08-31T00:06:57.295633+00:00
ibm_kingston,11,readout_error,0.0086669921875,,2026-08-30 17:22:32-04:00,2026-08-31T00:06:57.295633+00:00
ibm_kingston,11,init_error,0.007878220391285207,,2026-08-30 18:03:09-04:00,2026-08-31T00:06:57.295633+00:00
ibm_kingston,11,prob_meas0_prep1,0.0087890625,,2026-08-30 17:22:32-04:00,2026-08-31T00:06:57.295633+00:00
ibm_kingston,11,prob_meas1_prep0,0.008544921875,,2026-08-30 17:22:32-04:00,2026-08-31T00:06:57.295633+00:00
ibm_kingston,11,readout_length,2180.0,ns,2026-08-30 17:22:32-04:00,2026-08-31T00:06:57.295633+00:00
ibm_kingston,12,readout_error,0.0582275390625,,2026-08-30 17:22:32-04:00,2026-08-31T00:06:57.295633+00:00
ibm_kingston,12,prob_meas0_prep1,0.044677734375,,2026-08-30 17:22:32-04:00,2026-08-31T00:06:57.295633+00:00
ibm_kingston,12,prob_meas1_prep0,0.07177734375,,2026-08-30 17:22:32-04:00,2026-08-31T00:06:57.295633+00:00
ibm_kingston,12,readout_length,2180.0,ns,2026-08-30 17:22:32-04:00,2026-08-31T00:06:57.295633+00:00
ibm_kingston,13,readout_error,0.0086669921875,,2026-08-30 17:22:32-04:00,2026-08-31T00:06:57.295633+00:00
ibm_kingston,13,init_error,0.006483639573292989,,2026-08-30 18:03:09-04:00,2026-08-31T00:06:57.295633+00:00
ibm_kingston,13,prob_meas0_prep1,0.00732421875,,2026-08-30 17:22:32-04:00,2026-08-31T00:06:57.295633+00:00
ibm_kingston,13,prob_meas1_prep0,0.010009765625,,2026-08-30 17:22:32-04:00,2026-08-31T00:06:57.295633+00:00
ibm_kingston,13,readout_length,2180.0,ns,2026-08-30 17:22:32-04:00,2026-08-31T00:06:57.295633+00:00
ibm_kingston,14,readout_error,0.0283203125,,2026-08-30 17:22:32-04:00,2026-08-31T00:06:57.295633+00:00
ibm_kingston,14,prob_meas0_prep1,0.0390625,,2026-08-30 17:22:32-04:00,2026-08-31T00:06:57.295633+00:00
ibm_kingston,14,prob_meas1_prep0,0.017578125,,2026-08-30 17:22:32-04:00,2026-08-31T00:06:57.295633+00:00
ibm_kingston,14,readout_length,2180.0,ns,2026-08-30 17:22:32-04:00,2026-08-31T00:06:57.295633+00:00
ibm_kingston,15,readout_error,0.005126953125,,2026-08-30 17:22:32-04:00,2026-08-31T00:06:57.295633+00:00
ibm_kingston,15,init_error,0.003540700374948559,,2026-08-30 18:03:09-04:00,2026-08-31T00:06:57.295633+00:00
ibm_kingston,15,prob_meas0_prep1,0.005615234375,,2026-08-30 17:22:32-04:00,2026-08-31T00:06:57.295633+00:00
ibm_kingston,15,prob_meas1_prep0,0.004638671875,,2026-08-30 17:22:32-04:00,2026-08-31T00:06:57.295633+00:00
ibm_kingston,15,readout_length,2180.0,ns,2026-08-30 17:22:32-04:00,2026-08-31T00:06:57.295633+00:00
ibm_kingston,16,readout_error,0.007568359375,,2026-08-30 17:22:32-04:00,2026-08-31T00:06:57.295633+00:00
ibm_kingston,16,init_error,0.0029129390628037763,,2026-08-30 18:03:09-04:00,2026-08-31T00:06:57.295633+00:00
ibm_kingston,16,prob_meas1_prep0,0.0068359375,,2026-08-30 17:22:32-04:00,2026-08-31T00:06:57.295633+00:00
ibm_kingston,16,readout_length,2180.0,ns,2026-08-30 17:22:32-04:00,2026-08-31T00:06:57.295633+00:00
ibm_kingston,17,readout_error,0.0064697265625,,2026-08-30 17:22:32-04:00,2026-08-31T00:06:57.295633+00:00
ibm_kingston,17,init_error,0.0017983743173506368,,2026-08-30 18:03:09-04:00,2026-08-31T00:06:57.295633+00:00
ibm_kingston,17,prob_meas0_prep1,0.010009765625,,2026-08-30 17:22:32-04:00,2026-08-31T00:06:57.295633+00:00
ibm_kingston,17,prob_meas1_prep0,0.0029296875,,2026-08-30 17:22:32-04:00,2026-08-31T00:06:57.295633+00:00
ibm_kingston,17,readout_length,2180.0,ns,2026-08-30 17:22:32-04:00,2026-08-31T00:06:57.295633+00:00
ibm_kingston,18,readout_error,0.006591796875,,2026-08-30 17:22:32-04:00,2026-08-31T00:06:57.295633+00:00
ibm_kingston,18,init_error,0.0014935359293514795,,2026-08-30 18:03:09-04:00,2026-08-31T00:06:57.295633+00:00
ibm_kingston,18,prob_meas0_prep1,0.009521484375,,2026-08-30 17:22:32-04:00,2026-08-31T00:06:57.295633+00:00
ibm_kingston,18,prob_meas1_prep0,0.003662109375,,2026-08-30 17:22:32-04:00,2026-08-31T00:06:57.295633+00:00
ibm_kingston,18,readout_length,2180.0,ns,2026-08-30 17:22:32-04:00,2026-08-31T00:06:57.295633+00:00
ibm_kingston,19,readout_error,0.0096435546875,,2026-08-30 17:22:32-04:00,2026-08-31T00:06:57.295633+00:00
ibm_kingston,19,init_error,0.004544461500185032,,2026-08-29 23:30:24-04:00,2026-08-31T00:06:57.295633+00:00
ibm_kingston,19,prob_meas0_prep1,0.013427734375,,2026-08-30 17:22:32-04:00,2026-08-31T00:06:57.295633+00:00
ibm_kingston,19,prob_meas1_prep0,0.005859375,,2026-08-30 17:22:32-04:00,2026-08-31T00:06:57.295633+00:00
ibm_kingston,19,readout_length,2180.0,ns,2026-08-30 17:22:32-04:00,2026-08-31T00:06:57.295633+00:00
ibm_kingston,20,readout_error,0.0062255859375,,2026-08-30 17:22:32-04:00,2026-08-31T00:06:57.295633+00:00
ibm_kingston,20,init_error,0.00268684506341509,,2026-08-30 18:03:09-04:00,2026-08-31T00:06:57.295633+00:00
ibm_kingston,20,prob_meas0_prep1,0.007568359375,,2026-08-30 17:22:32-04:00,2026-08-31T00:06:57.295633+00:00
ibm_kingston,20,prob_meas1_prep0,0.0048828125,,2026-08-30 17:22:32-04:00,2026-08-31T00:06:57.295633+00:00
ibm_kingston,20,readout_length,2180.0,ns,2026-08-30 17:22:32-04:00,2026-08-31T00:06:57.295633+00:00
ibm_kingston,21,readout_error,0.005859375,,2026-08-30 17:22:32-04:00,2026-08-31T00:06:57.295633+00:00
ibm_kingston,21,init_error,0.0033904278225137426,,2026-08-30 18:03:09-04:00,2026-08-31T00:06:57.295633+00:00
ibm_kingston,21,prob_meas0_prep1,0.007568359375,,2026-08-30 17:22:32-04:00,2026-08-31T00:06:57.295633+00:00
ibm_kingston,21,prob_meas1_prep0,0.004150390625,,2026-08-30 17:22:32-04:00,2026-08-31T00:06:57.295633+00:00
ibm_kingston,21,readout_length,2180.0,ns,2026-08-30 17:22:32-04:00,2026-08-31T00:06:57.295633+00:00
ibm_kingston,22,readout_error,0.01123046875,,2026-08-30 17:22:32-04:00,2026-08-31T00:06:57.295633+00:00
ibm_kingston,22,prob_meas0_prep1,0.0146484375,,2026-08-30 17:22:32-04:00,2026-08-31T00:06:57.295633+00:00
ibm_kingston,22,prob_meas1_prep0,0.0078125,,2026-08-30 17:22:32-04:00,2026-08-31T00:06:57.295633+00:00
ibm_kingston,22,readout_length,2180.0,ns,2026-08-30 17:22:32-04:00,2026-08-31T00:06:57.295633+00:00
ibm_kingston,23,readout_error,0.0081787109375,,2026-08-30 17:22:32-04:00,2026-08-31T00:06:57.295633+00:00
ibm_kingston,23,init_error,0.0025250363367543783,,2026-08-30 18:03:09-04:00,2026-08-31T00:06:57.295633+00:00
ibm_kingston,23,prob_meas0_prep1,0.00927734375,,2026-08-30 17:22:32-04:00,2026-08-31T00:06:57.295633+00:00
ibm_kingston,23,prob_meas1_prep0,0.007080078125,,2026-08-30 17:22:32-04:00,2026-08-31T00:06:57.295633+00:00
ibm_kingston,23,readout_length,2180.0,ns,2026-08-30 17:22:32-04:00,2026-08-31T00:06:57.295633+00:00
ibm_kingston,24,readout_error,0.0177001953125,,2026-08-30 17:22:32-04:00,2026-08-31T00:06:57.295633+00:00
ibm_kingston,24,prob_meas0_prep1,0.02001953125,,2026-08-30 17:22:32-04:00,2026-08-31T00:06:57.295633+00:00
ibm_kingston,24,prob_meas1_prep0,0.015380859375,,2026-08-30 17:22:32-04:00,2026-08-31T00:06:57.295633+00:00
ibm_kingston,24,readout_length,2180.0,ns,2026-08-30 17:22:32-04:00,2026-08-31T00:06:57.295633+00:00
ibm_kingston,25,readout_error,0.0096435546875,,2026-08-30 17:22:32-04:00,2026-08-31T00:06:57.295633+00:00
ibm_kingston,25,init_error,0.002799148771045373,,2026-08-30 18:03:09-04:00,2026-08-31T00:06:57.295633+00:00
ibm_kingston,25,prob_meas0_prep1,0.016357421875,,2026-08-30 17:22:32-04:00,2026-08-31T00:06:57.295633+00:00
ibm_kingston,25,prob_meas1_prep0,0.0029296875,,2026-08-30 17:22:32-04:00,2026-08-31T00:06:57.295633+00:00
ibm_kingston,25,readout_length,2180.0,ns,2026-08-30 17:22:32-04:00,2026-08-31T00:06:57.295633+00:00
ibm_kingston,26,readout_error,0.01171875,,2026-08-30 17:22:32-04:00,2026-08-31T00:06:57.295633+00:00
ibm_kingston,26,init_error,0.004857024885320113,,2026-08-30 18:03:09-04:00,2026-08-31T00:06:57.295633+00:00
ibm_kingston,26,prob_meas0_prep1,0.013671875,,2026-08-30 17:22:32-04:00,2026-08-31T00:06:57.295633+00:00
ibm_kingston,26,prob_meas1_prep0,0.009765625,,2026-08-30 17:22:32-04:00,2026-08-31T00:06:57.295633+00:00
ibm_kingston,26,readout_length,2180.0,ns,2026-08-30 17:22:32-04:00,2026-08-31T00:06:57.295633+00:00
ibm_kingston,27,readout_error,0.0126953125,,2026-08-30 17:22:32-04:00,2026-08-31T00:06:57.295633+00:00
ibm_kingston,27,init_error,0.005289327162507381,,2026-08-30 18:03:09-04:00,2026-08-31T00:06:57.295633+00:00
ibm_kingston,27,prob_meas0_prep1,0.01318359375,,2026-08-30 17:22:32-04:00,2026-08-31T00:06:57.295633+00:00
ibm_kingston,27,prob_meas1_prep0,0.01220703125,,2026-08-30 17:22:32-04:00,2026-08-31T00:06:57.295633+00:00
ibm_kingston,27,readout_length,2180.0,ns,2026-08-30 17:22:32-04:00,2026-08-31T00:06:57.295633+00:00
ibm_kingston,28,readout_error,0.0218505859375,,2026-08-30 17:22:32-04:00,2026-08-31T00:06:57.295633+00:00
ibm_kingston,28,init_error,0.009929773182426107,,2026-08-30 18:03:09-04:00,2026-08-31T00:06:57.295633+00:00
ibm_kingston,28,prob_meas0_prep1,0.021728515625,,2026-08-30 17:22:32-04:00,2026-08-31T00:06:57.295633+00:00
ibm_kingston,28,prob_meas1_prep0,0.02197265625,,2026-08-30 17:22:32-04:00,2026-08-31T00:06:57.295633+00:00
ibm_kingston,28,readout_length,2180.0,ns,2026-08-30 17:22:32-04:00,2026-08-31T00:06:57.295633+00:00
ibm_kingston,29,readout_error,0.0123291015625,,2026-08-30 17:22:32-04:00,2026-08-31T00:06:57.295633+00:00
ibm_kingston,29,init_error,0.007015931173894184,,2026-08-30 18:03:09-04:00,2026-08-31T00:06:57.295633+00:00
ibm_kingston,29,prob_meas0_prep1,0.013427734375,,2026-08-30 17:22:32-04:00,2026-08-31T00:06:57.295633+00:00
ibm_kingston,29,prob_meas1_prep0,0.01123046875,,2026-08-30 17:22:32-04:00,2026-08-31T00:06:57.295633+00:00
ibm_kingston,29,readout_length,2180.0,ns,2026-08-30 17:22:32-04:00,2026-08-31T00:06:57.295633+00:00
ibm_kingston,30,readout_error,0.0050048828125,,2026-08-30 17:22:32-04:00,2026-08-31T00:06:57.295633+00:00
ibm_kingston,30,init_error,0.0015727545098400424,,2026-08-30 18:03:10-04:00,2026-08-31T00:06:57.295633+00:00
ibm_kingston,30,prob_meas0_prep1,0.0078125,,2026-08-30 17:22:32-04:00,2026-08-31T00:06:57.295633+00:00
ibm_kingston,30,prob_meas1_prep0,0.002197265625,,2026-08-30 17:22:32-04:00,2026-08-31T00:06:57.295633+00:00
ibm_kingston,30,readout_length,2180.0,ns,2026-08-30 17:22:32-04:00,2026-08-31T00:06:57.295633+00:00
ibm_kingston,31,readout_error,0.1829833984375,,2026-08-30 17:22:32-04:00,2026-08-31T00:06:57.295633+00:00
ibm_kingston,31,prob_meas0_prep1,0.10400390625,,2026-08-30 17:22:32-04:00,2026-08-31T00:06:57.295633+00:00
ibm_kingston,31,prob_meas1_prep0,0.261962890625,,2026-08-30 17:22:32-04:00,2026-08-31T00:06:57.295633+00:00
ibm_kingston,31,readout_length,2180.0,ns,2026-08-30 17:22:32-04:00,2026-08-31T00:06:57.295633+00:00
ibm_kingston,32,readout_error,0.0218505859375,,2026-08-30 17:22:32-04:00,2026-08-31T00:06:57.295633+00:00
ibm_kingston,32,prob_meas0_prep1,0.027099609375,,2026-08-30 17:22:32-04:00,2026-08-31T00:06:57.295633+00:00
ibm_kingston,32,prob_meas1_prep0,0.0166015625,,2026-08-30 17:22:32-04:00,2026-08-31T00:06:57.295633+00:00
ibm_kingston,32,readout_length,2180.0,ns,2026-08-30 17:22:32-04:00,2026-08-31T00:06:57.295633+00:00
ibm_kingston,33,readout_error,0.015625,,2026-08-30 17:22:32-04:00,2026-08-31T00:06:57.295633+00:00
ibm_kingston,33,init_error,0.01378100982815393,,2026-08-30 18:03:10-04:00,2026-08-31T00:06:57.295633+00:00
ibm_kingston,33,prob_meas1_prep0,0.021240234375,,2026-08-30 17:22:32-04:00,2026-08-31T00:06:57.295633+00:00
ibm_kingston,33,readout_length,2180.0,ns,2026-08-30 17:22:32-04:00,2026-08-31T00:06:57.295633+00:00
ibm_kingston,34,readout_error,0.0206298828125,,2026-08-30 17:22:32-04:00,2026-08-31T00:06:57.295633+00:00
ibm_kingston,34,prob_meas0_prep1,0.02490234375,,2026-08-30 17:22:32-04:00,2026-08-31T00:06:57.295633+00:00
ibm_kingston,34,prob_meas1_prep0,0.016357421875,,2026-08-30 17:22:32-04:00,2026-08-31T00:06:57.295633+00:00
ibm_kingston,34,readout_length,2180.0,ns,2026-08-30 17:22:32-04:00,2026-08-31T00:06:57.295633+00:00
ibm_kingston,35,readout_error,0.021728515625,,2026-08-30 17:22:32-04:00,2026-08-31T00:06:57.295633+00:00
ibm_kingston,35,prob_meas0_prep1,0.031494140625,,2026-08-30 17:22:32-04:00,2026-08-31T00:06:57.295633+00:00
ibm_kingston,35,prob_meas1_prep0,0.011962890625,,2026-08-30 17:22:32-04:00,2026-08-31T00:06:57.295633+00:00
ibm_kingston,35,readout_length,2180.0,ns,2026-08-30 17:22:32-04:00,2026-08-31T00:06:57.295633+00:00
ibm_kingston,36,readout_error,0.005859375,,2026-08-30 17:22:32-04:00,2026-08-31T00:06:57.295633+00:00
ibm_kingston,36,init_error,0.0018066603556992067,,2026-08-30 18:03:10-04:00,2026-08-31T00:06:57.295633+00:00
ibm_kingston,36,prob_meas0_prep1,0.010009765625,,2026-08-30 17:22:32-04:00,2026-08-31T00:06:57.295633+00:00
ibm_kingston,36,prob_meas1_prep0,0.001708984375,,2026-08-30 17:22:32-04:00,2026-08-31T00:06:57.295633+00:00
ibm_kingston,36,readout_length,2180.0,ns,2026-08-30 17:22:32-04:00,2026-08-31T00:06:57.295633+00:00
ibm_kingston,37,readout_error,0.0115966796875,,2026-08-30 17:22:32-04:00,2026-08-31T00:06:57.295633+00:00
ibm_kingston,37,init_error,0.003144096669862014,,2026-08-30 18:03:10-04:00,2026-08-31T00:06:57.295633+00:00
ibm_kingston,37,prob_meas0_prep1,0.019287109375,,2026-08-30 17:22:32-04:00,2026-08-31T00:06:57.295633+00:00
ibm_kingston,37,prob_meas1_prep0,0.00390625,,2026-08-30 17:22:32-04:00,2026-08-31T00:06:57.295633+00:00
ibm_kingston,37,readout_length,2180.0,ns,2026-08-30 17:22:32-04:00,2026-08-31T00:06:57.295633+00:00
ibm_kingston,38,readout_error,0.0048828125,,2026-08-30 17:22:32-04:00,2026-08-31T00:06:57.295633+00:00
ibm_kingston,38,init_error,0.0020088817474379675,,2026-08-30 18:03:10-04:00,2026-08-31T00:06:57.295633+00:00
ibm_kingston,38,prob_meas0_prep1,0.006103515625,,2026-08-30 17:22:32-04:00,2026-08-31T00:06:57.295633+00:00
ibm_kingston,38,prob_meas1_prep0,0.003662109375,,2026-08-30 17:22:32-04:00,2026-08-31T00:06:57.295633+00:00
ibm_kingston,38,readout_length,2180.0,ns,2026-08-30 17:22:32-04:00,2026-08-31T00:06:57.295633+00:00
ibm_kingston,39,readout_error,0.0118408203125,,2026-08-30 17:22:32-04:00,2026-08-31T00:06:57.295633+00:00
ibm_kingston,39,prob_meas0_prep1,0.0146484375,,2026-08-30 17:22:32-04:00,2026-08-31T00:06:57.295633+00:00
ibm_kingston,39,prob_meas1_prep0,0.009033203125,,2026-08-30 17:22:32-04:00,2026-08-31T00:06:57.295633+00:00
ibm_kingston,39,readout_length,2180.0,ns,2026-08-30 17:22:32-04:00,2026-08-31T00:06:57.295633+00:00
ibm_kingston,40,readout_error,0.0078125,,2026-08-30 17:22:32-04:00,2026-08-31T00:06:57.295633+00:00
ibm_kingston,40,init_error,0.0016035727569874308,,2026-08-30 18:03:10-04:00,2026-08-31T00:06:57.295633+00:00
ibm_kingston,40,prob_meas0_prep1,0.013671875,,2026-08-30 17:22:32-04:00,2026-08-31T00:06:57.295633+00:00
ibm_kingston,40,prob_meas1_prep0,0.001953125,,2026-08-30 17:22:32-04:00,2026-08-31T00:06:57.295633+00:00
ibm_kingston,40,readout_length,2180.0,ns,2026-08-30 17:22:32-04:00,2026-08-31T00:06:57.295633+00:00
ibm_kingston,41,readout_error,0.0076904296875,,2026-08-30 17:22:32-04:00,2026-08-31T00:06:57.295633+00:00
ibm_kingston,41,init_error,0.0058440600394669825,,2026-08-30 18:03:10-04:00,2026-08-31T00:06:57.295633+00:00
ibm_kingston,41,prob_meas0_prep1,0.006103515625,,2026-08-30 17:22:32-04:00,2026-08-31T00:06:57.295633+00:00
ibm_kingston,41,prob_meas1_prep0,0.00927734375,,2026-08-30 17:22:32-04:00,2026-08-31T00:06:57.295633+00:00
ibm_kingston,41,readout_length,2180.0,ns,2026-08-30 17:22:32-04:00,2026-08-31T00:06:57.295633+00:00
ibm_kingston,42,readout_error,0.009765625,,2026-08-30 17:22:32-04:00,2026-08-31T00:06:57.295633+00:00
ibm_kingston,42,init_error,0.008955340395651306,,2026-08-30 18:03:10-04:00,2026-08-31T00:06:57.295633+00:00
ibm_kingston,42,prob_meas0_prep1,0.010498046875,,2026-08-30 17:22:32-04:00,2026-08-31T00:06:57.295633+00:00
ibm_kingston,42,prob_meas1_prep0,0.009033203125,,2026-08-30 17:22:32-04:00,2026-08-31T00:06:57.295633+00:00
ibm_kingston,42,readout_length,2180.0,ns,2026-08-30 17:22:32-04:00,2026-08-31T00:06:57.295633+00:00
ibm_kingston,43,readout_error,0.00927734375,,2026-08-30 17:22:32-04:00,2026-08-31T00:06:57.295633+00:00
ibm_kingston,43,init_error,0.005223466976918575,,2026-08-30 18:03:10-04:00,2026-08-31T00:06:57.295633+00:00
ibm_kingston,43,prob_meas0_prep1,0.00927734375,,2026-08-30 17:22:32-04:00,2026-08-31T00:06:57.295633+00:00
ibm_kingston,43,prob_meas1_prep0,0.00927734375,,2026-08-30 17:22:32-04:00,2026-08-31T00:06:57.295633+00:00
ibm_kingston,43,readout_length,2180.0,ns,2026-08-30 17:22:32-04:00,2026-08-31T00:06:57.295633+00:00
ibm_kingston,44,readout_error,0.010986328125,,2026-08-30 17:22:32-04:00,2026-08-31T00:06:57.295633+00:00
ibm_kingston,44,init_error,0.005809034143468336,,2026-08-30 18:03:10-04:00,2026-08-31T00:06:57.295633+00:00
ibm_kingston,44,prob_meas0_prep1,0.012451171875,,2026-08-30 17:22:32-04:00,2026-08-31T00:06:57.295633+00:00
ibm_kingston,44,prob_meas1_prep0,0.009521484375,,2026-08-30 17:22:32-04:00,2026-08-31T00:06:57.295633+00:00
ibm_kingston,44,readout_length,2180.0,ns,2026-08-30 17:22:32-04:00,2026-08-31T00:06:57.295633+00:00
ibm_kingston,45,readout_error,0.012451171875,,2026-08-30 17:22:32-04:00,2026-08-31T00:06:57.295633+00:00
ibm_kingston,45,init_error,0.006809485972239988,,2026-08-30 18:03:10-04:00,2026-08-31T00:06:57.295633+00:00
ibm_kingston,45,prob_meas0_prep1,0.012451171875,,2026-08-30 17:22:32-04:00,2026-08-31T00:06:57.295633+00:00
ibm_kingston,45,prob_meas1_prep0,0.012451171875,,2026-08-30 17:22:32-04:00,2026-08-31T00:06:57.295633+00:00
ibm_kingston,45,readout_length,2180.0,ns,2026-08-30 17:22:32-04:00,2026-08-31T00:06:57.295633+00:00
ibm_kingston,46,readout_error,0.007080078125,,2026-08-30 17:22:32-04:00,2026-08-31T00:06:57.295633+00:00
ibm_kingston,46,init_error,0.0028355388472888566,,2026-08-30 18:03:10-04:00,2026-08-31T00:06:57.295633+00:00
ibm_kingston,46,prob_meas0_prep1,0.00927734375,,2026-08-30 17:22:32-04:00,2026-08-31T00:06:57.295633+00:00
ibm_kingston,46,prob_meas1_prep0,0.0048828125,,2026-08-30 17:22:32-04:00,2026-08-31T00:06:57.295633+00:00
ibm_kingston,46,readout_length,2180.0,ns,2026-08-30 17:22:32-04:00,2026-08-31T00:06:57.295633+00:00
ibm_kingston,47,readout_error,0.0107421875,,2026-08-30 17:22:32-04:00,2026-08-31T00:06:57.295633+00:00
ibm_kingston,47,init_error,0.010403255682220546,,2026-08-30 18:03:10-04:00,2026-08-31T00:06:57.295633+00:00
ibm_kingston,47,prob_meas0_prep1,0.01025390625,,2026-08-30 17:22:32-04:00,2026-08-31T00:06:57.295633+00:00
ibm_kingston,47,prob_meas1_prep0,0.01123046875,,2026-08-30 17:22:32-04:00,2026-08-31T00:06:57.295633+00:00
ibm_kingston,47,readout_length,2180.0,ns,2026-08-30 17:22:32-04:00,2026-08-31T00:06:57.295633+00:00
ibm_kingston,48,readout_error,0.0037841796875,,2026-08-30 17:22:32-04:00,2026-08-31T00:06:57.295633+00:00
ibm_kingston,48,init_error,0.0008001344779319032,,2026-08-30 18:03:10-04:00,2026-08-31T00:06:57.295633+00:00
ibm_kingston,48,prob_meas0_prep1,0.006103515625,,2026-08-30 17:22:32-04:00,2026-08-31T00:06:57.295633+00:00
ibm_kingston,48,prob_meas1_prep0,0.00146484375,,2026-08-30 17:22:32-04:00,2026-08-31T00:06:57.295633+00:00
ibm_kingston,48,readout_length,2180.0,ns,2026-08-30 17:22:32-04:00,2026-08-31T00:06:57.295633+00:00
ibm_kingston,49,readout_error,0.009521484375,,2026-08-30 17:22:32-04:00,2026-08-31T00:06:57.295633+00:00
ibm_kingston,49,init_error,0.006796012819765156,,2026-08-30 18:03:10-04:00,2026-08-31T00:06:57.295633+00:00
ibm_kingston,49,prob_meas0_prep1,0.012939453125,,2026-08-30 17:22:32-04:00,2026-08-31T00:06:57.295633+00:00
ibm_kingston,49,prob_meas1_prep0,0.006103515625,,2026-08-30 17:22:32-04:00,2026-08-31T00:06:57.295633+00:00
ibm_kingston,49,readout_length,2180.0,ns,2026-08-30 17:22:32-04:00,2026-08-31T00:06:57.295633+00:00
ibm_kingston,50,readout_error,0.007080078125,,2026-08-30 17:22:32-04:00,2026-08-31T00:06:57.295633+00:00
ibm_kingston,50,init_error,0.0033797444391294343,,2026-08-30 18:03:10-04:00,2026-08-31T00:06:57.295633+00:00
ibm_kingston,50,prob_meas1_prep0,0.005859375,,2026-08-30 17:22:32-04:00,2026-08-31T00:06:57.295633+00:00
ibm_kingston,50,readout_length,2180.0,ns,2026-08-30 17:22:32-04:00,2026-08-31T00:06:57.295633+00:00
ibm_kingston,51,readout_error,0.0233154296875,,2026-08-30 17:22:32-04:00,2026-08-31T00:06:57.295633+00:00
ibm_kingston,51,prob_meas0_prep1,0.0341796875,,2026-08-30 17:22:32-04:00,2026-08-31T00:06:57.295633+00:00
ibm_kingston,51,prob_meas1_prep0,0.012451171875,,2026-08-30 17:22:32-04:00,2026-08-31T00:06:57.295633+00:00
ibm_kingston,51,readout_length,2180.0,ns,2026-08-30 17:22:32-04:00,2026-08-31T00:06:57.295633+00:00
ibm_kingston,52,readout_error,0.019287109375,,2026-08-30 17:22:32-04:00,2026-08-31T00:06:57.295633+00:00
ibm_kingston,52,init_error,0.0018947770627307293,,2026-08-30 18:03:10-04:00,2026-08-31T00:06:57.295633+00:00
ibm_kingston,52,prob_meas0_prep1,0.035888671875,,2026-08-30 17:22:32-04:00,2026-08-31T00:06:57.295633+00:00
ibm_kingston,52,prob_meas1_prep0,0.002685546875,,2026-08-30 17:22:32-04:00,2026-08-31T00:06:57.295633+00:00
ibm_kingston,52,readout_length,2180.0,ns,2026-08-30 17:22:32-04:00,2026-08-31T00:06:57.295633+00:00
ibm_kingston,53,readout_error,0.0166015625,,2026-08-30 17:22:32-04:00,2026-08-31T00:06:57.295633+00:00
ibm_kingston,53,init_error,0.006007073678091408,,2026-08-30 18:03:10-04:00,2026-08-31T00:06:57.295633+00:00
ibm_kingston,53,prob_meas0_prep1,0.027587890625,,2026-08-30 17:22:32-04:00,2026-08-31T00:06:57.295633+00:00
ibm_kingston,53,prob_meas1_prep0,0.005615234375,,2026-08-30 17:22:32-04:00,2026-08-31T00:06:57.295633+00:00
ibm_kingston,53,readout_length,2180.0,ns,2026-08-30 17:22:32-04:00,2026-08-31T00:06:57.295633+00:00
ibm_kingston,54,readout_error,0.03662109375,,2026-08-30 17:22:32-04:00,2026-08-31T00:06:57.295633+00:00
ibm_kingston,54,prob_meas0_prep1,0.03466796875,,2026-08-30 17:22:32-04:00,2026-08-31T00:06:57.295633+00:00
ibm_kingston,54,prob_meas1_prep0,0.03857421875,,2026-08-30 17:22:32-04:00,2026-08-31T00:06:57.295633+00:00
ibm_kingston,54,readout_length,2180.0,ns,2026-08-30 17:22:32-04:00,2026-08-31T00:06:57.295633+00:00
ibm_kingston,55,readout_error,0.009765625,,2026-08-30 17:22:32-04:00,2026-08-31T00:06:57.295633+00:00
ibm_kingston,55,init_error,0.006357284001971461,,2026-08-30 18:03:10-04:00,2026-08-31T00:06:57.295633+00:00
ibm_kingston,55,prob_meas0_prep1,0.011474609375,,2026-08-30 17:22:32-04:00,2026-08-31T00:06:57.295633+00:00
ibm_kingston,55,prob_meas1_prep0,0.008056640625,,2026-08-30 17:22:32-04:00,2026-08-31T00:06:57.295633+00:00
ibm_kingston,55,readout_length,2180.0,ns,2026-08-30 17:22:32-04:00,2026-08-31T00:06:57.295633+00:00
ibm_kingston,56,readout_error,0.0089111328125,,2026-08-30 17:22:32-04:00,2026-08-31T00:06:57.295633+00:00
ibm_kingston,56,init_error,0.0023138920191772883,,2026-08-30 18:03:10-04:00,2026-08-31T00:06:57.295633+00:00
ibm_kingston,56,prob_meas0_prep1,0.010009765625,,2026-08-30 17:22:32-04:00,2026-08-31T00:06:57.295633+00:00
ibm_kingston,56,prob_meas1_prep0,0.0078125,,2026-08-30 17:22:32-04:00,2026-08-31T00:06:57.295633+00:00
ibm_kingston,56,readout_length,2180.0,ns,2026-08-30 17:22:32-04:00,2026-08-31T00:06:57.295633+00:00
ibm_kingston,57,readout_error,0.015869140625,,2026-08-30 17:22:32-04:00,2026-08-31T00:06:57.295633+00:00
ibm_kingston,57,init_error,0.013501792353309363,,2026-08-30 18:03:10-04:00,2026-08-31T00:06:57.295633+00:00
ibm_kingston,57,prob_meas0_prep1,0.012451171875,,2026-08-30 17:22:32-04:00,2026-08-31T00:06:57.295633+00:00
ibm_kingston,57,prob_meas1_prep0,0.019287109375,,2026-08-30 17:22:32-04:00,2026-08-31T00:06:57.295633+00:00
ibm_kingston,57,readout_length,2180.0,ns,2026-08-30 17:22:32-04:00,2026-08-31T00:06:57.295633+00:00
ibm_kingston,58,readout_error,0.0142822265625,,2026-08-30 17:22:32-04:00,2026-08-31T00:06:57.295633+00:00
ibm_kingston,58,prob_meas0_prep1,0.00244140625,,2026-08-30 17:22:32-04:00,2026-08-31T00:06:57.295633+00:00
ibm_kingston,58,prob_meas1_prep0,0.026123046875,,2026-08-30 17:22:32-04:00,2026-08-31T00:06:57.295633+00:00
ibm_kingston,58,readout_length,2180.0,ns,2026-08-30 17:22:32-04:00,2026-08-31T00:06:57.295633+00:00
ibm_kingston,59,readout_error,0.006591796875,,2026-08-30 17:22:32-04:00,2026-08-31T00:06:57.295633+00:00
ibm_kingston,59,init_error,0.0032768579861168164,,2026-08-30 18:03:10-04:00,2026-08-31T00:06:57.295633+00:00
ibm_kingston,59,prob_meas0_prep1,0.007568359375,,2026-08-30 17:22:32-04:00,2026-08-31T00:06:57.295633+00:00
ibm_kingston,59,prob_meas1_prep0,0.005615234375,,2026-08-30 17:22:32-04:00,2026-08-31T00:06:57.295633+00:00
ibm_kingston,59,readout_length,2180.0,ns,2026-08-30 17:22:32-04:00,2026-08-31T00:06:57.295633+00:00
ibm_kingston,60,readout_error,0.0050048828125,,2026-08-30 17:22:32-04:00,2026-08-31T00:06:57.295633+00:00
ibm_kingston,60,init_error,0.0035166683534075295,,2026-08-30 18:03:10-04:00,2026-08-31T00:06:57.295633+00:00
ibm_kingston,60,prob_meas0_prep1,0.007568359375,,2026-08-30 17:22:32-04:00,2026-08-31T00:06:57.295633+00:00
ibm_kingston,60,prob_meas1_prep0,0.00244140625,,2026-08-30 17:22:32-04:00,2026-08-31T00:06:57.295633+00:00
ibm_kingston,60,readout_length,2180.0,ns,2026-08-30 17:22:32-04:00,2026-08-31T00:06:57.295633+00:00
ibm_kingston,61,readout_error,0.008056640625,,2026-08-30 17:22:32-04:00,2026-08-31T00:06:57.295633+00:00
ibm_kingston,61,init_error,0.005064123023426071,,2026-08-30 18:03:11-04:00,2026-08-31T00:06:57.295633+00:00
ibm_kingston,61,prob_meas0_prep1,0.0087890625,,2026-08-30 17:22:32-04:00,2026-08-31T00:06:57.295633+00:00
ibm_kingston,61,prob_meas1_prep0,0.00732421875,,2026-08-30 17:22:32-04:00,2026-08-31T00:06:57.295633+00:00
ibm_kingston,61,readout_length,2180.0,ns,2026-08-30 17:22:32-04:00,2026-08-31T00:06:57.295633+00:00
ibm_kingston,62,readout_error,0.012451171875,,2026-08-30 17:22:32-04:00,2026-08-31T00:06:57.295633+00:00
ibm_kingston,62,init_error,0.013548195985613234,,2026-08-30 18:03:11-04:00,2026-08-31T00:06:57.295633+00:00
ibm_kingston,62,prob_meas0_prep1,0.0048828125,,2026-08-30 17:22:32-04:00,2026-08-31T00:06:57.295633+00:00
ibm_kingston,62,prob_meas1_prep0,0.02001953125,,2026-08-30 17:22:32-04:00,2026-08-31T00:06:57.295633+00:00
ibm_kingston,62,readout_length,2180.0,ns,2026-08-30 17:22:32-04:00,2026-08-31T00:06:57.295633+00:00
ibm_kingston,63,readout_error,0.0155029296875,,2026-08-30 17:22:32-04:00,2026-08-31T00:06:57.295633+00:00
ibm_kingston,63,init_error,0.012860788446437862,,2026-08-30 18:03:11-04:00,2026-08-31T00:06:57.295633+00:00
ibm_kingston,63,prob_meas0_prep1,0.0107421875,,2026-08-30 17:22:32-04:00,2026-08-31T00:06:57.295633+00:00
ibm_kingston,63,prob_meas1_prep0,0.020263671875,,2026-08-30 17:22:32-04:00,2026-08-31T00:06:57.295633+00:00
ibm_kingston,63,readout_length,2180.0,ns,2026-08-30 17:22:32-04:00,2026-08-31T00:06:57.295633+00:00
ibm_kingston,64,readout_error,0.0087890625,,2026-08-30 17:22:32-04:00,2026-08-31T00:06:57.295633+00:00
ibm_kingston,64,init_error,0.0073640491838007464,,2026-08-30 18:03:11-04:00,2026-08-31T00:06:57.295633+00:00
ibm_kingston,64,prob_meas0_prep1,0.0087890625,,2026-08-30 17:22:32-04:00,2026-08-31T00:06:57.295633+00:00
ibm_kingston,64,prob_meas1_prep0,0.0087890625,,2026-08-30 17:22:32-04:00,2026-08-31T00:06:57.295633+00:00
ibm_kingston,64,readout_length,2180.0,ns,2026-08-30 17:22:32-04:00,2026-08-31T00:06:57.295633+00:00
ibm_kingston,65,readout_error,0.05615234375,,2026-08-30 17:22:32-04:00,2026-08-31T00:06:57.295633+00:00
ibm_kingston,65,init_error,0.010024204224032085,,2026-08-29 23:30:24-04:00,2026-08-31T00:06:57.295633+00:00
ibm_kingston,65,prob_meas0_prep1,0.0439453125,,2026-08-30 17:22:32-04:00,2026-08-31T00:06:57.295633+00:00
ibm_kingston,65,prob_meas1_prep0,0.068359375,,2026-08-30 17:22:32-04:00,2026-08-31T00:06:57.295633+00:00
ibm_kingston,65,readout_length,2180.0,ns,2026-08-30 17:22:32-04:00,2026-08-31T00:06:57.295633+00:00
ibm_kingston,66,readout_error,0.00732421875,,2026-08-30 17:22:32-04:00,2026-08-31T00:06:57.295633+00:00
ibm_kingston,66,init_error,0.0018402384995481597,,2026-08-30 18:03:11-04:00,2026-08-31T00:06:57.295633+00:00
ibm_kingston,66,prob_meas0_prep1,0.010009765625,,2026-08-30 17:22:32-04:00,2026-08-31T00:06:57.295633+00:00
ibm_kingston,66,prob_meas1_prep0,0.004638671875,,2026-08-30 17:22:32-04:00,2026-08-31T00:06:57.295633+00:00
ibm_kingston,66,readout_length,2180.0,ns,2026-08-30 17:22:32-04:00,2026-08-31T00:06:57.295633+00:00
ibm_kingston,67,readout_error,0.019287109375,,2026-08-30 17:22:32-04:00,2026-08-31T00:06:57.295633+00:00
ibm_kingston,67,init_error,0.014458787802430617,,2026-08-30 18:03:11-04:00,2026-08-31T00:06:57.295633+00:00
ibm_kingston,67,prob_meas1_prep0,0.022705078125,,2026-08-30 17:22:32-04:00,2026-08-31T00:06:57.295633+00:00
ibm_kingston,67,readout_length,2180.0,ns,2026-08-30 17:22:32-04:00,2026-08-31T00:06:57.295633+00:00
ibm_kingston,68,readout_error,0.0125732421875,,2026-08-30 17:22:32-04:00,2026-08-31T00:06:57.295633+00:00
ibm_kingston,68,prob_meas0_prep1,0.01708984375,,2026-08-30 17:22:32-04:00,2026-08-31T00:06:57.295633+00:00
ibm_kingston,68,prob_meas1_prep0,0.008056640625,,2026-08-30 17:22:32-04:00,2026-08-31T00:06:57.295633+00:00
ibm_kingston,68,readout_length,2180.0,ns,2026-08-30 17:22:32-04:00,2026-08-31T00:06:57.295633+00:00
ibm_kingston,69,readout_error,0.006591796875,,2026-08-30 17:22:32-04:00,2026-08-31T00:06:57.295633+00:00
ibm_kingston,69,init_error,0.007599285695820429,,2026-08-30 18:03:11-04:00,2026-08-31T00:06:57.295633+00:00
ibm_kingston,69,prob_meas0_prep1,0.0068359375,,2026-08-30 17:22:32-04:00,2026-08-31T00:06:57.295633+00:00
ibm_kingston,69,prob_meas1_prep0,0.00634765625,,2026-08-30 17:22:32-04:00,2026-08-31T00:06:57.295633+00:00
ibm_kingston,69,readout_length,2180.0,ns,2026-08-30 17:22:32-04:00,2026-08-31T00:06:57.295633+00:00
ibm_kingston,70,readout_error,0.021240234375,,2026-08-30 17:22:32-04:00,2026-08-31T00:06:57.295633+00:00
ibm_kingston,70,prob_meas0_prep1,0.0234375,,2026-08-30 17:22:32-04:00,2026-08-31T00:06:57.295633+00:00
ibm_kingston,70,prob_meas1_prep0,0.01904296875,,2026-08-30 17:22:32-04:00,2026-08-31T00:06:57.295633+00:00
ibm_kingston,70,readout_length,2180.0,ns,2026-08-30 17:22:32-04:00,2026-08-31T00:06:57.295633+00:00
ibm_kingston,71,readout_error,0.00732421875,,2026-08-30 17:22:32-04:00,2026-08-31T00:06:57.295633+00:00
ibm_kingston,71,init_error,0.007577417948062956,,2026-08-30 18:03:11-04:00,2026-08-31T00:06:57.295633+00:00
ibm_kingston,71,prob_meas0_prep1,0.005859375,,2026-08-30 17:22:32-04:00,2026-08-31T00:06:57.295633+00:00
ibm_kingston,71,prob_meas1_prep0,0.0087890625,,2026-08-30 17:22:32-04:00,2026-08-31T00:06:57.295633+00:00
ibm_kingston,71,readout_length,2180.0,ns,2026-08-30 17:22:32-04:00,2026-08-31T00:06:57.295633+00:00
ibm_kingston,72,readout_error,0.063232421875,,2026-08-30 17:22:32-04:00,2026-08-31T00:06:57.295633+00:00
ibm_kingston,72,prob_meas0_prep1,0.053466796875,,2026-08-30 17:22:32-04:00,2026-08-31T00:06:57.295633+00:00
ibm_kingston,72,prob_meas1_prep0,0.072998046875,,2026-08-30 17:22:32-04:00,2026-08-31T00:06:57.295633+00:00
ibm_kingston,72,readout_length,2180.0,ns,2026-08-30 17:22:32-04:00,2026-08-31T00:06:57.295633+00:00
ibm_kingston,73,readout_error,0.0166015625,,2026-08-30 17:22:32-04:00,2026-08-31T00:06:57.295633+00:00
ibm_kingston,73,prob_meas0_prep1,0.02001953125,,2026-08-30 17:22:32-04:00,2026-08-31T00:06:57.295633+00:00
ibm_kingston,73,prob_meas1_prep0,0.01318359375,,2026-08-30 17:22:32-04:00,2026-08-31T00:06:57.295633+00:00
ibm_kingston,73,readout_length,2180.0,ns,2026-08-30 17:22:32-04:00,2026-08-31T00:06:57.295633+00:00
ibm_kingston,74,readout_error,0.0067138671875,,2026-08-30 17:22:32-04:00,2026-08-31T00:06:57.295633+00:00
ibm_kingston,74,init_error,0.006048230461424463,,2026-08-30 18:03:11-04:00,2026-08-31T00:06:57.295633+00:00
ibm_kingston,74,prob_meas0_prep1,0.006103515625,,2026-08-30 17:22:32-04:00,2026-08-31T00:06:57.295633+00:00
ibm_kingston,74,prob_meas1_prep0,0.00732421875,,2026-08-30 17:22:32-04:00,2026-08-31T00:06:57.295633+00:00
ibm_kingston,74,readout_length,2180.0,ns,2026-08-30 17:22:32-04:00,2026-08-31T00:06:57.295633+00:00
ibm_kingston,75,readout_error,0.01513671875,,2026-08-30 17:22:32-04:00,2026-08-31T00:06:57.295633+00:00
ibm_kingston,75,prob_meas0_prep1,0.013671875,,2026-08-30 17:22:32-04:00,2026-08-31T00:06:57.295633+00:00
ibm_kingston,75,prob_meas1_prep0,0.0166015625,,2026-08-30 17:22:32-04:00,2026-08-31T00:06:57.295633+00:00
ibm_kingston,75,readout_length,2180.0,ns,2026-08-30 17:22:32-04:00,2026-08-31T00:06:57.295633+00:00
ibm_kingston,76,readout_error,0.043212890625,,2026-08-30 17:22:32-04:00,2026-08-31T00:06:57.295633+00:00
ibm_kingston,76,prob_meas0_prep1,0.06591796875,,2026-08-30 17:22:32-04:00,2026-08-31T00:06:57.295633+00:00
ibm_kingston,76,prob_meas1_prep0,0.0205078125,,2026-08-30 17:22:32-04:00,2026-08-31T00:06:57.295633+00:00
ibm_kingston,76,readout_length,2180.0,ns,2026-08-30 17:22:32-04:00,2026-08-31T00:06:57.295633+00:00
ibm_kingston,77,readout_error,0.009033203125,,2026-08-30 17:22:32-04:00,2026-08-31T00:06:57.295633+00:00
ibm_kingston,77,init_error,0.008181005494815232,,2026-08-30 18:03:11-04:00,2026-08-31T00:06:57.295633+00:00
ibm_kingston,77,prob_meas0_prep1,0.008544921875,,2026-08-30 17:22:32-04:00,2026-08-31T00:06:57.295633+00:00
ibm_kingston,77,prob_meas1_prep0,0.009521484375,,2026-08-30 17:22:32-04:00,2026-08-31T00:06:57.295633+00:00
ibm_kingston,77,readout_length,2180.0,ns,2026-08-30 17:22:32-04:00,2026-08-31T00:06:57.295633+00:00
ibm_kingston,78,readout_error,0.026611328125,,2026-08-30 17:22:32-04:00,2026-08-31T00:06:57.295633+00:00
ibm_kingston,78,prob_meas0_prep1,0.027099609375,,2026-08-30 17:22:32-04:00,2026-08-31T00:06:57.295633+00:00
ibm_kingston,78,prob_meas1_prep0,0.026123046875,,2026-08-30 17:22:32-04:00,2026-08-31T00:06:57.295633+00:00
ibm_kingston,78,readout_length,2180.0,ns,2026-08-30 17:22:32-04:00,2026-08-31T00:06:57.295633+00:00
ibm_kingston,79,readout_error,0.0078125,,2026-08-30 17:22:32-04:00,2026-08-31T00:06:57.295633+00:00
ibm_kingston,79,init_error,0.0030281692939749852,,2026-08-30 18:03:11-04:00,2026-08-31T00:06:57.295633+00:00
ibm_kingston,79,prob_meas0_prep1,0.008544921875,,2026-08-30 17:22:32-04:00,2026-08-31T00:06:57.295633+00:00
ibm_kingston,79,prob_meas1_prep0,0.007080078125,,2026-08-30 17:22:32-04:00,2026-08-31T00:06:57.295633+00:00
ibm_kingston,79,readout_length,2180.0,ns,2026-08-30 17:22:32-04:00,2026-08-31T00:06:57.295633+00:00
ibm_kingston,80,readout_error,0.064208984375,,2026-08-30 17:22:32-04:00,2026-08-31T00:06:57.295633+00:00
ibm_kingston,80,prob_meas0_prep1,0.044677734375,,2026-08-30 17:22:32-04:00,2026-08-31T00:06:57.295633+00:00
ibm_kingston,80,prob_meas1_prep0,0.083740234375,,2026-08-30 17:22:32-04:00,2026-08-31T00:06:57.295633+00:00
ibm_kingston,80,readout_length,2180.0,ns,2026-08-30 17:22:32-04:00,2026-08-31T00:06:57.295633+00:00
ibm_kingston,81,readout_error,0.019775390625,,2026-08-30 17:22:32-04:00,2026-08-31T00:06:57.295633+00:00
ibm_kingston,81,init_error,0.015952373433631886,,2026-08-30 18:03:11-04:00,2026-08-31T00:06:57.295633+00:00
ibm_kingston,81,prob_meas0_prep1,0.015380859375,,2026-08-30 17:22:32-04:00,2026-08-31T00:06:57.295633+00:00
ibm_kingston,81,prob_meas1_prep0,0.024169921875,,2026-08-30 17:22:32-04:00,2026-08-31T00:06:57.295633+00:00
ibm_kingston,81,readout_length,2180.0,ns,2026-08-30 17:22:32-04:00,2026-08-31T00:06:57.295633+00:00
ibm_kingston,82,readout_error,0.009033203125,,2026-08-30 17:22:32-04:00,2026-08-31T00:06:57.295633+00:00
ibm_kingston,82,init_error,0.004526041182814105,,2026-08-30 18:03:11-04:00,2026-08-31T00:06:57.295633+00:00
ibm_kingston,82,prob_meas0_prep1,0.01025390625,,2026-08-30 17:22:32-04:00,2026-08-31T00:06:57.295633+00:00
ibm_kingston,82,prob_meas1_prep0,0.0078125,,2026-08-30 17:22:32-04:00,2026-08-31T00:06:57.295633+00:00
ibm_kingston,82,readout_length,2180.0,ns,2026-08-30 17:22:32-04:00,2026-08-31T00:06:57.295633+00:00
ibm_kingston,83,readout_error,0.0684814453125,,2026-08-30 17:22:32-04:00,2026-08-31T00:06:57.295633+00:00
ibm_kingston,83,prob_meas0_prep1,0.048828125,,2026-08-30 17:22:32-04:00,2026-08-31T00:06:57.295633+00:00
ibm_kingston,83,prob_meas1_prep0,0.088134765625,,2026-08-30 17:22:32-04:00,2026-08-31T00:06:57.295633+00:00
ibm_kingston,83,readout_length,2180.0,ns,2026-08-30 17:22:32-04:00,2026-08-31T00:06:57.295633+00:00
ibm_kingston,84,readout_error,0.0067138671875,,2026-08-30 17:22:32-04:00,2026-08-31T00:06:57.295633+00:00
ibm_kingston,84,init_error,0.001331966726057269,,2026-08-30 18:03:11-04:00,2026-08-31T00:06:57.295633+00:00
ibm_kingston,84,prob_meas1_prep0,0.002685546875,,2026-08-30 17:22:32-04:00,2026-08-31T00:06:57.295633+00:00
ibm_kingston,84,readout_length,2180.0,ns,2026-08-30 17:22:32-04:00,2026-08-31T00:06:57.295633+00:00
ibm_kingston,85,readout_error,0.0203857421875,,2026-08-30 17:22:32-04:00,2026-08-31T00:06:57.295633+00:00
ibm_kingston,85,init_error,0.008399921103196128,,2026-08-30 18:03:11-04:00,2026-08-31T00:06:57.295633+00:00
ibm_kingston,85,prob_meas0_prep1,0.031494140625,,2026-08-30 17:22:32-04:00,2026-08-31T00:06:57.295633+00:00
ibm_kingston,85,prob_meas1_prep0,0.00927734375,,2026-08-30 17:22:32-04:00,2026-08-31T00:06:57.295633+00:00
ibm_kingston,85,readout_length,2180.0,ns,2026-08-30 17:22:32-04:00,2026-08-31T00:06:57.295633+00:00
ibm_kingston,86,readout_error,0.0140380859375,,2026-08-30 17:22:32-04:00,2026-08-31T00:06:57.295633+00:00
ibm_kingston,86,init_error,0.0014144382319772478,,2026-08-30 18:03:11-04:00,2026-08-31T00:06:57.295633+00:00
ibm_kingston,86,prob_meas0_prep1,0.024658203125,,2026-08-30 17:22:32-04:00,2026-08-31T00:06:57.295633+00:00
ibm_kingston,86,prob_meas1_prep0,0.00341796875,,2026-08-30 17:22:32-04:00,2026-08-31T00:06:57.295633+00:00
ibm_kingston,86,readout_length,2180.0,ns,2026-08-30 17:22:32-04:00,2026-08-31T00:06:57.295633+00:00
ibm_kingston,87,readout_error,0.0098876953125,,2026-08-30 17:22:32-04:00,2026-08-31T00:06:57.295633+00:00
ibm_kingston,87,init_error,0.0012078115390274464,,2026-08-30 18:03:11-04:00,2026-08-31T00:06:57.295633+00:00
ibm_kingston,87,prob_meas0_prep1,0.01904296875,,2026-08-30 17:22:32-04:00,2026-08-31T00:06:57.295633+00:00
ibm_kingston,87,prob_meas1_prep0,0.000732421875,,2026-08-30 17:22:32-04:00,2026-08-31T00:06:57.295633+00:00
ibm_kingston,87,readout_length,2180.0,ns,2026-08-30 17:22:32-04:00,2026-08-31T00:06:57.295633+00:00
ibm_kingston,88,readout_error,0.0108642578125,,2026-08-30 17:22:32-04:00,2026-08-31T00:06:57.295633+00:00
ibm_kingston,88,init_error,0.008040324416091468,,2026-08-30 18:03:11-04:00,2026-08-31T00:06:57.295633+00:00
ibm_kingston,88,prob_meas0_prep1,0.00732421875,,2026-08-30 17:22:32-04:00,2026-08-31T00:06:57.295633+00:00
ibm_kingston,88,prob_meas1_prep0,0.014404296875,,2026-08-30 17:22:32-04:00,2026-08-31T00:06:57.295633+00:00
ibm_kingston,88,readout_length,2180.0,ns,2026-08-30 17:22:32-04:00,2026-08-31T00:06:57.295633+00:00
ibm_kingston,89,readout_error,0.007080078125,,2026-08-30 17:22:32-04:00,2026-08-31T00:06:57.295633+00:00
ibm_kingston,89,init_error,0.005201940685786786,,2026-08-30 18:03:11-04:00,2026-08-31T00:06:57.295633+00:00
ibm_kingston,89,prob_meas0_prep1,0.00732421875,,2026-08-30 17:22:32-04:00,2026-08-31T00:06:57.295633+00:00
ibm_kingston,89,prob_meas1_prep0,0.0068359375,,2026-08-30 17:22:32-04:00,2026-08-31T00:06:57.295633+00:00
ibm_kingston,89,readout_length,2180.0,ns,2026-08-30 17:22:32-04:00,2026-08-31T00:06:57.295633+00:00
ibm_kingston,90,readout_error,0.005126953125,,2026-08-30 17:22:32-04:00,2026-08-31T00:06:57.295633+00:00
ibm_kingston,90,init_error,0.0014166992286241055,,2026-08-30 18:03:11-04:00,2026-08-31T00:06:57.295633+00:00
ibm_kingston,90,prob_meas0_prep1,0.007080078125,,2026-08-30 17:22:32-04:00,2026-08-31T00:06:57.295633+00:00
ibm_kingston,90,prob_meas1_prep0,0.003173828125,,2026-08-30 17:22:32-04:00,2026-08-31T00:06:57.295633+00:00
ibm_kingston,90,readout_length,2180.0,ns,2026-08-30 17:22:32-04:00,2026-08-31T00:06:57.295633+00:00
ibm_kingston,91,readout_error,0.005859375,,2026-08-30 17:22:32-04:00,2026-08-31T00:06:57.295633+00:00
ibm_kingston,91,init_error,0.00680066723956757,,2026-08-30 18:03:11-04:00,2026-08-31T00:06:57.295633+00:00
ibm_kingston,91,prob_meas0_prep1,0.005615234375,,2026-08-30 17:22:32-04:00,2026-08-31T00:06:57.295633+00:00
ibm_kingston,91,prob_meas1_prep0,0.006103515625,,2026-08-30 17:22:32-04:00,2026-08-31T00:06:57.295633+00:00
ibm_kingston,91,readout_length,2180.0,ns,2026-08-30 17:22:32-04:00,2026-08-31T00:06:57.295633+00:00
ibm_kingston,92,readout_error,0.0546875,,2026-08-30 17:22:32-04:00,2026-08-31T00:06:57.295633+00:00
ibm_kingston,92,prob_meas0_prep1,0.041259765625,,2026-08-30 17:22:32-04:00,2026-08-31T00:06:57.295633+00:00
ibm_kingston,92,prob_meas1_prep0,0.068115234375,,2026-08-30 17:22:32-04:00,2026-08-31T00:06:57.295633+00:00
ibm_kingston,92,readout_length,2180.0,ns,2026-08-30 17:22:32-04:00,2026-08-31T00:06:57.295633+00:00
ibm_kingston,93,readout_error,0.00927734375,,2026-08-30 17:22:32-04:00,2026-08-31T00:06:57.295633+00:00
ibm_kingston,93,init_error,0.00847467163947107,,2026-08-30 18:03:12-04:00,2026-08-31T00:06:57.295633+00:00
ibm_kingston,93,prob_meas0_prep1,0.006591796875,,2026-08-30 17:22:32-04:00,2026-08-31T00:06:57.295633+00:00
ibm_kingston,93,prob_meas1_prep0,0.011962890625,,2026-08-30 17:22:32-04:00,2026-08-31T00:06:57.295633+00:00
ibm_kingston,93,readout_length,2180.0,ns,2026-08-30 17:22:32-04:00,2026-08-31T00:06:57.295633+00:00
ibm_kingston,94,readout_error,0.016845703125,,2026-08-30 17:22:32-04:00,2026-08-31T00:06:57.295633+00:00
ibm_kingston,94,prob_meas0_prep1,0.01171875,,2026-08-30 17:22:32-04:00,2026-08-31T00:06:57.295633+00:00
ibm_kingston,94,prob_meas1_prep0,0.02197265625,,2026-08-30 17:22:32-04:00,2026-08-31T00:06:57.295633+00:00
ibm_kingston,94,readout_length,2180.0,ns,2026-08-30 17:22:32-04:00,2026-08-31T00:06:57.295633+00:00
ibm_kingston,95,readout_error,0.0137939453125,,2026-08-30 17:22:32-04:00,2026-08-31T00:06:57.295633+00:00
ibm_kingston,95,init_error,0.011606250089135019,,2026-08-30 18:03:12-04:00,2026-08-31T00:06:57.295633+00:00
ibm_kingston,95,prob_meas0_prep1,0.00927734375,,2026-08-30 17:22:32-04:00,2026-08-31T00:06:57.295633+00:00
ibm_kingston,95,prob_meas1_prep0,0.018310546875,,2026-08-30 17:22:32-04:00,2026-08-31T00:06:57.295633+00:00
ibm_kingston,95,readout_length,2180.0,ns,2026-08-30 17:22:32-04:00,2026-08-31T00:06:57.295633+00:00
ibm_kingston,96,readout_error,0.0084228515625,,2026-08-30 17:22:32-04:00,2026-08-31T00:06:57.295633+00:00
ibm_kingston,96,init_error,0.0034646869612624284,,2026-08-30 18:03:12-04:00,2026-08-31T00:06:57.295633+00:00
ibm_kingston,96,prob_meas0_prep1,0.0107421875,,2026-08-30 17:22:32-04:00,2026-08-31T00:06:57.295633+00:00
ibm_kingston,96,prob_meas1_prep0,0.006103515625,,2026-08-30 17:22:32-04:00,2026-08-31T00:06:57.295633+00:00
ibm_kingston,96,readout_length,2180.0,ns,2026-08-30 17:22:32-04:00,2026-08-31T00:06:57.295633+00:00
ibm_kingston,97,readout_error,0.010498046875,,2026-08-30 17:22:32-04:00,2026-08-31T00:06:57.295633+00:00
ibm_kingston,97,init_error,0.0030676775338725863,,2026-08-30 18:03:12-04:00,2026-08-31T00:06:57.295633+00:00
ibm_kingston,97,prob_meas0_prep1,0.01611328125,,2026-08-30 17:22:32-04:00,2026-08-31T00:06:57.295633+00:00
ibm_kingston,97,prob_meas1_prep0,0.0048828125,,2026-08-30 17:22:32-04:00,2026-08-31T00:06:57.295633+00:00
ibm_kingston,97,readout_length,2180.0,ns,2026-08-30 17:22:32-04:00,2026-08-31T00:06:57.295633+00:00
ibm_kingston,98,readout_error,0.0054931640625,,2026-08-30 17:22:32-04:00,2026-08-31T00:06:57.295633+00:00
ibm_kingston,98,init_error,0.002775370922642262,,2026-08-30 18:03:12-04:00,2026-08-31T00:06:57.295633+00:00
ibm_kingston,98,prob_meas0_prep1,0.009033203125,,2026-08-30 17:22:32-04:00,2026-08-31T00:06:57.295633+00:00
ibm_kingston,98,prob_meas1_prep0,0.001953125,,2026-08-30 17:22:32-04:00,2026-08-31T00:06:57.295633+00:00
ibm_kingston,98,readout_length,2180.0,ns,2026-08-30 17:22:32-04:00,2026-08-31T00:06:57.295633+00:00
ibm_kingston,99,readout_error,0.0303955078125,,2026-08-30 17:22:32-04:00,2026-08-31T00:06:57.295633+00:00
ibm_kingston,99,prob_meas0_prep1,0.034423828125,,2026-08-30 17:22:32-04:00,2026-08-31T00:06:57.295633+00:00
ibm_kingston,99,prob_meas1_prep0,0.0263671875,,2026-08-30 17:22:32-04:00,2026-08-31T00:06:57.295633+00:00
ibm_kingston,99,readout_length,2180.0,ns,2026-08-30 17:22:32-04:00,2026-08-31T00:06:57.295633+00:00
ibm_kingston,100,readout_error,0.021728515625,,2026-08-30 17:22:32-04:00,2026-08-31T00:06:57.295633+00:00
ibm_kingston,100,init_error,0.01093226786485792,,2026-08-30 18:03:12-04:00,2026-08-31T00:06:57.295633+00:00
ibm_kingston,100,prob_meas0_prep1,0.01904296875,,2026-08-30 17:22:32-04:00,2026-08-31T00:06:57.295633+00:00
ibm_kingston,100,prob_meas1_prep0,0.0244140625,,2026-08-30 17:22:32-04:00,2026-08-31T00:06:57.295633+00:00
ibm_kingston,100,readout_length,2180.0,ns,2026-08-30 17:22:32-04:00,2026-08-31T00:06:57.295633+00:00
ibm_kingston,101,readout_error,0.0330810546875,,2026-08-30 17:22:32-04:00,2026-08-31T00:06:57.295633+00:00
ibm_kingston,101,prob_meas1_prep0,0.039306640625,,2026-08-30 17:22:32-04:00,2026-08-31T00:06:57.295633+00:00
ibm_kingston,101,readout_length,2180.0,ns,2026-08-30 17:22:32-04:00,2026-08-31T00:06:57.295633+00:00
ibm_kingston,102,readout_error,0.0181884765625,,2026-08-30 17:22:32-04:00,2026-08-31T00:06:57.295633+00:00
ibm_kingston,102,prob_meas0_prep1,0.0234375,,2026-08-30 17:22:32-04:00,2026-08-31T00:06:57.295633+00:00
ibm_kingston,102,prob_meas1_prep0,0.012939453125,,2026-08-30 17:22:32-04:00,2026-08-31T00:06:57.295633+00:00
ibm_kingston,102,readout_length,2180.0,ns,2026-08-30 17:22:32-04:00,2026-08-31T00:06:57.295633+00:00
ibm_kingston,103,readout_error,0.0140380859375,,2026-08-30 17:22:32-04:00,2026-08-31T00:06:57.295633+00:00
ibm_kingston,103,init_error,0.0126918076340149,,2026-08-30 18:03:12-04:00,2026-08-31T00:06:57.295633+00:00
ibm_kingston,103,prob_meas0_prep1,0.01123046875,,2026-08-30 17:22:32-04:00,2026-08-31T00:06:57.295633+00:00
ibm_kingston,103,prob_meas1_prep0,0.016845703125,,2026-08-30 17:22:32-04:00,2026-08-31T00:06:57.295633+00:00
ibm_kingston,103,readout_length,2180.0,ns,2026-08-30 17:22:32-04:00,2026-08-31T00:06:57.295633+00:00
ibm_kingston,104,readout_error,0.0062255859375,,2026-08-30 17:22:32-04:00,2026-08-31T00:06:57.295633+00:00
ibm_kingston,104,init_error,0.0034026108008612583,,2026-08-30 18:03:12-04:00,2026-08-31T00:06:57.295633+00:00
ibm_kingston,104,prob_meas0_prep1,0.007080078125,,2026-08-30 17:22:32-04:00,2026-08-31T00:06:57.295633+00:00
ibm_kingston,104,prob_meas1_prep0,0.00537109375,,2026-08-30 17:22:32-04:00,2026-08-31T00:06:57.295633+00:00
ibm_kingston,104,readout_length,2180.0,ns,2026-08-30 17:22:32-04:00,2026-08-31T00:06:57.295633+00:00
ibm_kingston,105,readout_error,0.0068359375,,2026-08-30 17:22:32-04:00,2026-08-31T00:06:57.295633+00:00
ibm_kingston,105,init_error,0.003594714269183575,,2026-08-30 18:03:12-04:00,2026-08-31T00:06:57.295633+00:00
ibm_kingston,105,prob_meas0_prep1,0.009521484375,,2026-08-30 17:22:32-04:00,2026-08-31T00:06:57.295633+00:00
ibm_kingston,105,prob_meas1_prep0,0.004150390625,,2026-08-30 17:22:32-04:00,2026-08-31T00:06:57.295633+00:00
ibm_kingston,105,readout_length,2180.0,ns,2026-08-30 17:22:32-04:00,2026-08-31T00:06:57.295633+00:00
ibm_kingston,106,readout_error,0.0067138671875,,2026-08-30 17:22:32-04:00,2026-08-31T00:06:57.295633+00:00
ibm_kingston,106,init_error,0.0015847282990854824,,2026-08-30 18:03:12-04:00,2026-08-31T00:06:57.295633+00:00
ibm_kingston,106,prob_meas0_prep1,0.008544921875,,2026-08-30 17:22:32-04:00,2026-08-31T00:06:57.295633+00:00
ibm_kingston,106,prob_meas1_prep0,0.0048828125,,2026-08-30 17:22:32-04:00,2026-08-31T00:06:57.295633+00:00
ibm_kingston,106,readout_length,2180.0,ns,2026-08-30 17:22:32-04:00,2026-08-31T00:06:57.295633+00:00
ibm_kingston,107,readout_error,0.0133056640625,,2026-08-30 17:22:32-04:00,2026-08-31T00:06:57.295633+00:00
ibm_kingston,107,prob_meas0_prep1,0.01904296875,,2026-08-30 17:22:32-04:00,2026-08-31T00:06:57.295633+00:00
ibm_kingston,107,prob_meas1_prep0,0.007568359375,,2026-08-30 17:22:32-04:00,2026-08-31T00:06:57.295633+00:00
ibm_kingston,107,readout_length,2180.0,ns,2026-08-30 17:22:32-04:00,2026-08-31T00:06:57.295633+00:00
ibm_kingston,108,readout_error,0.006591796875,,2026-08-30 17:22:32-04:00,2026-08-31T00:06:57.295633+00:00
ibm_kingston,108,init_error,0.0019240658669105251,,2026-08-30 18:03:12-04:00,2026-08-31T00:06:57.295633+00:00
ibm_kingston,108,prob_meas0_prep1,0.010009765625,,2026-08-30 17:22:32-04:00,2026-08-31T00:06:57.295633+00:00
ibm_kingston,108,prob_meas1_prep0,0.003173828125,,2026-08-30 17:22:32-04:00,2026-08-31T00:06:57.295633+00:00
ibm_kingston,108,readout_length,2180.0,ns,2026-08-30 17:22:32-04:00,2026-08-31T00:06:57.295633+00:00
ibm_kingston,109,readout_error,0.0062255859375,,2026-08-30 17:22:32-04:00,2026-08-31T00:06:57.295633+00:00
ibm_kingston,109,init_error,0.0034097105866774504,,2026-08-30 18:03:12-04:00,2026-08-31T00:06:57.295633+00:00
ibm_kingston,109,prob_meas0_prep1,0.00634765625,,2026-08-30 17:22:32-04:00,2026-08-31T00:06:57.295633+00:00
ibm_kingston,109,prob_meas1_prep0,0.006103515625,,2026-08-30 17:22:32-04:00,2026-08-31T00:06:57.295633+00:00
ibm_kingston,109,readout_length,2180.0,ns,2026-08-30 17:22:32-04:00,2026-08-31T00:06:57.295633+00:00
ibm_kingston,110,readout_error,0.0089111328125,,2026-08-30 17:22:32-04:00,2026-08-31T00:06:57.295633+00:00
ibm_kingston,110,init_error,0.0029971024877466956,,2026-08-30 18:03:12-04:00,2026-08-31T00:06:57.295633+00:00
ibm_kingston,110,prob_meas0_prep1,0.010009765625,,2026-08-30 17:22:32-04:00,2026-08-31T00:06:57.295633+00:00
ibm_kingston,110,prob_meas1_prep0,0.0078125,,2026-08-30 17:22:32-04:00,2026-08-31T00:06:57.295633+00:00
ibm_kingston,110,readout_length,2180.0,ns,2026-08-30 17:22:32-04:00,2026-08-31T00:06:57.295633+00:00
ibm_kingston,111,readout_error,0.033203125,,2026-08-30 17:22:32-04:00,2026-08-31T00:06:57.295633+00:00
ibm_kingston,111,init_error,0.028794546819682243,,2026-08-30 18:03:12-04:00,2026-08-31T00:06:57.295633+00:00
ibm_kingston,111,prob_meas0_prep1,0.01953125,,2026-08-30 17:22:32-04:00,2026-08-31T00:06:57.295633+00:00
ibm_kingston,111,prob_meas1_prep0,0.046875,,2026-08-30 17:22:32-04:00,2026-08-31T00:06:57.295633+00:00
ibm_kingston,111,readout_length,2180.0,ns,2026-08-30 17:22:32-04:00,2026-08-31T00:06:57.295633+00:00
ibm_kingston,112,readout_error,0.054443359375,,2026-08-30 17:22:32-04:00,2026-08-31T00:06:57.295633+00:00
ibm_kingston,112,prob_meas0_prep1,0.0673828125,,2026-08-30 17:22:32-04:00,2026-08-31T00:06:57.295633+00:00
ibm_kingston,112,prob_meas1_prep0,0.04150390625,,2026-08-30 17:22:32-04:00,2026-08-31T00:06:57.295633+00:00
ibm_kingston,112,readout_length,2180.0,ns,2026-08-30 17:22:32-04:00,2026-08-31T00:06:57.295633+00:00
ibm_kingston,113,readout_error,0.2213134765625,,2026-08-30 17:22:32-04:00,2026-08-31T00:06:57.295633+00:00
ibm_kingston,113,prob_meas0_prep1,0.216796875,,2026-08-30 17:22:32-04:00,2026-08-31T00:06:57.295633+00:00
ibm_kingston,113,prob_meas1_prep0,0.225830078125,,2026-08-30 17:22:32-04:00,2026-08-31T00:06:57.295633+00:00
ibm_kingston,113,readout_length,2180.0,ns,2026-08-30 17:22:32-04:00,2026-08-31T00:06:57.295633+00:00
ibm_kingston,114,readout_error,0.01708984375,,2026-08-30 17:22:32-04:00,2026-08-31T00:06:57.295633+00:00
ibm_kingston,114,prob_meas0_prep1,0.017333984375,,2026-08-30 17:22:32-04:00,2026-08-31T00:06:57.295633+00:00
ibm_kingston,114,prob_meas1_prep0,0.016845703125,,2026-08-30 17:22:32-04:00,2026-08-31T00:06:57.295633+00:00
ibm_kingston,114,readout_length,2180.0,ns,2026-08-30 17:22:32-04:00,2026-08-31T00:06:57.295633+00:00
ibm_kingston,115,readout_error,0.034912109375,,2026-08-30 17:22:32-04:00,2026-08-31T00:06:57.295633+00:00
ibm_kingston,115,prob_meas0_prep1,0.026123046875,,2026-08-30 17:22:32-04:00,2026-08-31T00:06:57.295633+00:00
ibm_kingston,115,prob_meas1_prep0,0.043701171875,,2026-08-30 17:22:32-04:00,2026-08-31T00:06:57.295633+00:00
ibm_kingston,115,readout_length,2180.0,ns,2026-08-30 17:22:32-04:00,2026-08-31T00:06:57.295633+00:00
ibm_kingston,116,readout_error,0.052734375,,2026-08-30 17:22:32-04:00,2026-08-31T00:06:57.295633+00:00
ibm_kingston,116,prob_meas0_prep1,0.037841796875,,2026-08-30 17:22:32-04:00,2026-08-31T00:06:57.295633+00:00
ibm_kingston,116,prob_meas1_prep0,0.067626953125,,2026-08-30 17:22:32-04:00,2026-08-31T00:06:57.295633+00:00
ibm_kingston,116,readout_length,2180.0,ns,2026-08-30 17:22:32-04:00,2026-08-31T00:06:57.295633+00:00
ibm_kingston,117,readout_error,0.005615234375,,2026-08-30 17:22:32-04:00,2026-08-31T00:06:57.295633+00:00
ibm_kingston,117,init_error,0.004298797857585608,,2026-08-30 18:03:12-04:00,2026-08-31T00:06:57.295633+00:00
ibm_kingston,117,prob_meas0_prep1,0.004638671875,,2026-08-30 17:22:32-04:00,2026-08-31T00:06:57.295633+00:00
ibm_kingston,117,prob_meas1_prep0,0.006591796875,,2026-08-30 17:22:32-04:00,2026-08-31T00:06:57.295633+00:00
ibm_kingston,117,readout_length,2180.0,ns,2026-08-30 17:22:32-04:00,2026-08-31T00:06:57.295633+00:00
ibm_kingston,118,readout_error,0.0047607421875,,2026-08-30 17:22:32-04:00,2026-08-31T00:06:57.295633+00:00
ibm_kingston,118,init_error,0.0028161258499629143,,2026-08-30 18:03:12-04:00,2026-08-31T00:06:57.295633+00:00
ibm_kingston,118,prob_meas1_prep0,0.0048828125,,2026-08-30 17:22:32-04:00,2026-08-31T00:06:57.295633+00:00
ibm_kingston,118,readout_length,2180.0,ns,2026-08-30 17:22:32-04:00,2026-08-31T00:06:57.295633+00:00
ibm_kingston,119,readout_error,0.0147705078125,,2026-08-30 17:22:32-04:00,2026-08-31T00:06:57.295633+00:00
ibm_kingston,119,prob_meas0_prep1,0.0166015625,,2026-08-30 17:22:32-04:00,2026-08-31T00:06:57.295633+00:00
ibm_kingston,119,prob_meas1_prep0,0.012939453125,,2026-08-30 17:22:32-04:00,2026-08-31T00:06:57.295633+00:00
ibm_kingston,119,readout_length,2180.0,ns,2026-08-30 17:22:32-04:00,2026-08-31T00:06:57.295633+00:00
ibm_kingston,120,readout_error,0.491455078125,,2026-08-30 17:22:32-04:00,2026-08-31T00:06:57.295633+00:00
ibm_kingston,120,prob_meas0_prep1,0.04736328125,,2026-08-30 17:22:32-04:00,2026-08-31T00:06:57.295633+00:00
ibm_kingston,120,prob_meas1_prep0,0.935546875,,2026-08-30 17:22:32-04:00,2026-08-31T00:06:57.295633+00:00
ibm_kingston,120,readout_length,2180.0,ns,2026-08-30 17:22:32-04:00,2026-08-31T00:06:57.295633+00:00
ibm_kingston,121,readout_error,0.1998291015625,,2026-08-30 17:22:32-04:00,2026-08-31T00:06:57.295633+00:00
ibm_kingston,121,prob_meas0_prep1,0.274658203125,,2026-08-30 17:22:32-04:00,2026-08-31T00:06:57.295633+00:00
ibm_kingston,121,prob_meas1_prep0,0.125,,2026-08-30 17:22:32-04:00,2026-08-31T00:06:57.295633+00:00
ibm_kingston,121,readout_length,2180.0,ns,2026-08-30 17:22:32-04:00,2026-08-31T00:06:57.295633+00:00
ibm_kingston,122,readout_error,0.006103515625,,2026-08-30 17:22:32-04:00,2026-08-31T00:06:57.295633+00:00
ibm_kingston,122,init_error,0.0023884706341697226,,2026-08-30 18:03:12-04:00,2026-08-31T00:06:57.295633+00:00
ibm_kingston,122,prob_meas0_prep1,0.007568359375,,2026-08-30 17:22:32-04:00,2026-08-31T00:06:57.295633+00:00
ibm_kingston,122,prob_meas1_prep0,0.004638671875,,2026-08-30 17:22:32-04:00,2026-08-31T00:06:57.295633+00:00
ibm_kingston,122,readout_length,2180.0,ns,2026-08-30 17:22:32-04:00,2026-08-31T00:06:57.295633+00:00
ibm_kingston,123,readout_error,0.011474609375,,2026-08-30 17:22:32-04:00,2026-08-31T00:06:57.295633+00:00
ibm_kingston,123,init_error,0.005223096572082487,,2026-08-30 18:03:13-04:00,2026-08-31T00:06:57.295633+00:00
ibm_kingston,123,prob_meas0_prep1,0.01416015625,,2026-08-30 17:22:32-04:00,2026-08-31T00:06:57.295633+00:00
ibm_kingston,123,prob_meas1_prep0,0.0087890625,,2026-08-30 17:22:32-04:00,2026-08-31T00:06:57.295633+00:00
ibm_kingston,123,readout_length,2180.0,ns,2026-08-30 17:22:32-04:00,2026-08-31T00:06:57.295633+00:00
ibm_kingston,124,readout_error,0.0081787109375,,2026-08-30 17:22:32-04:00,2026-08-31T00:06:57.295633+00:00
ibm_kingston,124,init_error,0.0029497245388137175,,2026-08-30 18:03:13-04:00,2026-08-31T00:06:57.295633+00:00
ibm_kingston,124,prob_meas0_prep1,0.009033203125,,2026-08-30 17:22:32-04:00,2026-08-31T00:06:57.295633+00:00
ibm_kingston,124,prob_meas1_prep0,0.00732421875,,2026-08-30 17:22:32-04:00,2026-08-31T00:06:57.295633+00:00
ibm_kingston,124,readout_length,2180.0,ns,2026-08-30 17:22:32-04:00,2026-08-31T00:06:57.295633+00:00
ibm_kingston,125,readout_error,0.11865234375,,2026-08-30 17:22:32-04:00,2026-08-31T00:06:57.295633+00:00
ibm_kingston,125,prob_meas0_prep1,0.074462890625,,2026-08-30 17:22:32-04:00,2026-08-31T00:06:57.295633+00:00
ibm_kingston,125,prob_meas1_prep0,0.162841796875,,2026-08-30 17:22:32-04:00,2026-08-31T00:06:57.295633+00:00
ibm_kingston,125,readout_length,2180.0,ns,2026-08-30 17:22:32-04:00,2026-08-31T00:06:57.295633+00:00
ibm_kingston,126,readout_error,0.00634765625,,2026-08-30 17:22:32-04:00,2026-08-31T00:06:57.295633+00:00
ibm_kingston,126,init_error,0.0033432936731086025,,2026-08-30 18:03:13-04:00,2026-08-31T00:06:57.295633+00:00
ibm_kingston,126,prob_meas0_prep1,0.006591796875,,2026-08-30 17:22:32-04:00,2026-08-31T00:06:57.295633+00:00
ibm_kingston,126,prob_meas1_prep0,0.006103515625,,2026-08-30 17:22:32-04:00,2026-08-31T00:06:57.295633+00:00
ibm_kingston,126,readout_length,2180.0,ns,2026-08-30 17:22:32-04:00,2026-08-31T00:06:57.295633+00:00
ibm_kingston,127,readout_error,0.0780029296875,,2026-08-30 17:22:32-04:00,2026-08-31T00:06:57.295633+00:00
ibm_kingston,127,prob_meas0_prep1,0.053955078125,,2026-08-30 17:22:32-04:00,2026-08-31T00:06:57.295633+00:00
ibm_kingston,127,prob_meas1_prep0,0.10205078125,,2026-08-30 17:22:32-04:00,2026-08-31T00:06:57.295633+00:00
ibm_kingston,127,readout_length,2180.0,ns,2026-08-30 17:22:32-04:00,2026-08-31T00:06:57.295633+00:00
ibm_kingston,128,readout_error,0.0106201171875,,2026-08-30 17:22:32-04:00,2026-08-31T00:06:57.295633+00:00
ibm_kingston,128,init_error,0.007660619462003461,,2026-08-30 18:03:13-04:00,2026-08-31T00:06:57.295633+00:00
ibm_kingston,128,prob_meas0_prep1,0.00830078125,,2026-08-30 17:22:32-04:00,2026-08-31T00:06:57.295633+00:00
ibm_kingston,128,prob_meas1_prep0,0.012939453125,,2026-08-30 17:22:32-04:00,2026-08-31T00:06:57.295633+00:00
ibm_kingston,128,readout_length,2180.0,ns,2026-08-30 17:22:32-04:00,2026-08-31T00:06:57.295633+00:00
ibm_kingston,129,readout_error,0.00537109375,,2026-08-30 17:22:32-04:00,2026-08-31T00:06:57.295633+00:00
ibm_kingston,129,init_error,0.0030066576706651352,,2026-08-30 18:03:13-04:00,2026-08-31T00:06:57.295633+00:00
ibm_kingston,129,prob_meas0_prep1,0.005615234375,,2026-08-30 17:22:32-04:00,2026-08-31T00:06:57.295633+00:00
ibm_kingston,129,prob_meas1_prep0,0.005126953125,,2026-08-30 17:22:32-04:00,2026-08-31T00:06:57.295633+00:00
ibm_kingston,129,readout_length,2180.0,ns,2026-08-30 17:22:32-04:00,2026-08-31T00:06:57.295633+00:00
ibm_kingston,130,readout_error,0.0233154296875,,2026-08-30 17:22:32-04:00,2026-08-31T00:06:57.295633+00:00
ibm_kingston,130,init_error,0.0019731550191604925,,2026-08-30 18:03:13-04:00,2026-08-31T00:06:57.295633+00:00
ibm_kingston,130,prob_meas0_prep1,0.04052734375,,2026-08-30 17:22:32-04:00,2026-08-31T00:06:57.295633+00:00
ibm_kingston,130,prob_meas1_prep0,0.006103515625,,2026-08-30 17:22:32-04:00,2026-08-31T00:06:57.295633+00:00
ibm_kingston,130,readout_length,2180.0,ns,2026-08-30 17:22:32-04:00,2026-08-31T00:06:57.295633+00:00
ibm_kingston,131,readout_error,0.05078125,,2026-08-30 17:22:32-04:00,2026-08-31T00:06:57.295633+00:00
ibm_kingston,131,prob_meas0_prep1,0.0703125,,2026-08-30 17:22:32-04:00,2026-08-31T00:06:57.295633+00:00
ibm_kingston,131,prob_meas1_prep0,0.03125,,2026-08-30 17:22:32-04:00,2026-08-31T00:06:57.295633+00:00
ibm_kingston,131,readout_length,2180.0,ns,2026-08-30 17:22:32-04:00,2026-08-31T00:06:57.295633+00:00
ibm_kingston,132,readout_error,0.010009765625,,2026-08-30 17:22:32-04:00,2026-08-31T00:06:57.295633+00:00
ibm_kingston,132,init_error,0.005224630469463174,,2026-08-30 18:03:13-04:00,2026-08-31T00:06:57.295633+00:00
ibm_kingston,132,prob_meas0_prep1,0.011474609375,,2026-08-30 17:22:32-04:00,2026-08-31T00:06:57.295633+00:00
ibm_kingston,132,prob_meas1_prep0,0.008544921875,,2026-08-30 17:22:32-04:00,2026-08-31T00:06:57.295633+00:00
ibm_kingston,132,readout_length,2180.0,ns,2026-08-30 17:22:32-04:00,2026-08-31T00:06:57.295633+00:00
ibm_kingston,133,readout_error,0.009033203125,,2026-08-30 17:22:32-04:00,2026-08-31T00:06:57.295633+00:00
ibm_kingston,133,init_error,0.003409635295735095,,2026-08-30 18:03:13-04:00,2026-08-31T00:06:57.295633+00:00
ibm_kingston,133,prob_meas0_prep1,0.015625,,2026-08-30 17:22:32-04:00,2026-08-31T00:06:57.295633+00:00
ibm_kingston,133,prob_meas1_prep0,0.00244140625,,2026-08-30 17:22:32-04:00,2026-08-31T00:06:57.295633+00:00
ibm_kingston,133,readout_length,2180.0,ns,2026-08-30 17:22:32-04:00,2026-08-31T00:06:57.295633+00:00
ibm_kingston,134,readout_error,0.0040283203125,,2026-08-30 17:22:32-04:00,2026-08-31T00:06:57.295633+00:00
ibm_kingston,134,init_error,0.0011712399806732842,,2026-08-30 18:03:13-04:00,2026-08-31T00:06:57.295633+00:00
ibm_kingston,134,prob_meas0_prep1,0.005126953125,,2026-08-30 17:22:32-04:00,2026-08-31T00:06:57.295633+00:00
ibm_kingston,134,prob_meas1_prep0,0.0029296875,,2026-08-30 17:22:32-04:00,2026-08-31T00:06:57.295633+00:00
ibm_kingston,134,readout_length,2180.0,ns,2026-08-30 17:22:32-04:00,2026-08-31T00:06:57.295633+00:00
ibm_kingston,135,readout_error,0.013916015625,,2026-08-30 17:22:32-04:00,2026-08-31T00:06:57.295633+00:00
ibm_kingston,135,prob_meas1_prep0,0.008056640625,,2026-08-30 17:22:32-04:00,2026-08-31T00:06:57.295633+00:00
ibm_kingston,135,readout_length,2180.0,ns,2026-08-30 17:22:32-04:00,2026-08-31T00:06:57.295633+00:00
ibm_kingston,136,readout_error,0.0076904296875,,2026-08-30 17:22:32-04:00,2026-08-31T00:06:57.295633+00:00
ibm_kingston,136,init_error,0.0022769831429275966,,2026-08-30 18:03:13-04:00,2026-08-31T00:06:57.295633+00:00
ibm_kingston,136,prob_meas0_prep1,0.01171875,,2026-08-30 17:22:32-04:00,2026-08-31T00:06:57.295633+00:00
ibm_kingston,136,prob_meas1_prep0,0.003662109375,,2026-08-30 17:22:32-04:00,2026-08-31T00:06:57.295633+00:00
ibm_kingston,136,readout_length,2180.0,ns,2026-08-30 17:22:32-04:00,2026-08-31T00:06:57.295633+00:00
ibm_kingston,137,readout_error,0.015625,,2026-08-30 17:22:32-04:00,2026-08-31T00:06:57.295633+00:00
ibm_kingston,137,init_error,0.011789711156495339,,2026-08-30 18:03:13-04:00,2026-08-31T00:06:57.295633+00:00
ibm_kingston,137,prob_meas0_prep1,0.015869140625,,2026-08-30 17:22:32-04:00,2026-08-31T00:06:57.295633+00:00
ibm_kingston,137,prob_meas1_prep0,0.015380859375,,2026-08-30 17:22:32-04:00,2026-08-31T00:06:57.295633+00:00
ibm_kingston,137,readout_length,2180.0,ns,2026-08-30 17:22:32-04:00,2026-08-31T00:06:57.295633+00:00
ibm_kingston,138,readout_error,0.0086669921875,,2026-08-30 17:22:32-04:00,2026-08-31T00:06:57.295633+00:00
ibm_kingston,138,init_error,0.0010860203744738467,,2026-08-30 18:03:13-04:00,2026-08-31T00:06:57.295633+00:00
ibm_kingston,138,prob_meas0_prep1,0.013916015625,,2026-08-30 17:22:32-04:00,2026-08-31T00:06:57.295633+00:00
ibm_kingston,138,prob_meas1_prep0,0.00341796875,,2026-08-30 17:22:32-04:00,2026-08-31T00:06:57.295633+00:00
ibm_kingston,138,readout_length,2180.0,ns,2026-08-30 17:22:32-04:00,2026-08-31T00:06:57.295633+00:00
ibm_kingston,139,readout_error,0.009033203125,,2026-08-30 17:22:32-04:00,2026-08-31T00:06:57.295633+00:00
ibm_kingston,139,init_error,0.004401487502198461,,2026-08-30 18:03:13-04:00,2026-08-31T00:06:57.295633+00:00
ibm_kingston,139,prob_meas0_prep1,0.01171875,,2026-08-30 17:22:32-04:00,2026-08-31T00:06:57.295633+00:00
ibm_kingston,139,prob_meas1_prep0,0.00634765625,,2026-08-30 17:22:32-04:00,2026-08-31T00:06:57.295633+00:00
ibm_kingston,139,readout_length,2180.0,ns,2026-08-30 17:22:32-04:00,2026-08-31T00:06:57.295633+00:00
ibm_kingston,140,readout_error,0.0078125,,2026-08-30 17:22:32-04:00,2026-08-31T00:06:57.295633+00:00
ibm_kingston,140,init_error,0.005169021139324604,,2026-08-30 18:03:13-04:00,2026-08-31T00:06:57.295633+00:00
ibm_kingston,140,prob_meas0_prep1,0.011474609375,,2026-08-30 17:22:32-04:00,2026-08-31T00:06:57.295633+00:00
ibm_kingston,140,prob_meas1_prep0,0.004150390625,,2026-08-30 17:22:32-04:00,2026-08-31T00:06:57.295633+00:00
ibm_kingston,140,readout_length,2180.0,ns,2026-08-30 17:22:32-04:00,2026-08-31T00:06:57.295633+00:00
ibm_kingston,141,readout_error,0.00537109375,,2026-08-30 17:22:32-04:00,2026-08-31T00:06:57.295633+00:00
ibm_kingston,141,init_error,0.0032124006485752914,,2026-08-30 18:03:13-04:00,2026-08-31T00:06:57.295633+00:00
ibm_kingston,141,prob_meas0_prep1,0.006591796875,,2026-08-30 17:22:32-04:00,2026-08-31T00:06:57.295633+00:00
ibm_kingston,141,prob_meas1_prep0,0.004150390625,,2026-08-30 17:22:32-04:00,2026-08-31T00:06:57.295633+00:00
ibm_kingston,141,readout_length,2180.0,ns,2026-08-30 17:22:32-04:00,2026-08-31T00:06:57.295633+00:00
ibm_kingston,142,readout_error,0.007080078125,,2026-08-30 17:22:32-04:00,2026-08-31T00:06:57.295633+00:00
ibm_kingston,142,init_error,0.005547732370949428,,2026-08-30 18:03:13-04:00,2026-08-31T00:06:57.295633+00:00
ibm_kingston,142,prob_meas0_prep1,0.00732421875,,2026-08-30 17:22:32-04:00,2026-08-31T00:06:57.295633+00:00
ibm_kingston,142,prob_meas1_prep0,0.0068359375,,2026-08-30 17:22:32-04:00,2026-08-31T00:06:57.295633+00:00
ibm_kingston,142,readout_length,2180.0,ns,2026-08-30 17:22:32-04:00,2026-08-31T00:06:57.295633+00:00
ibm_kingston,143,readout_error,0.01220703125,,2026-08-30 17:22:32-04:00,2026-08-31T00:06:57.295633+00:00
ibm_kingston,143,init_error,0.007203182956183735,,2026-08-30 18:03:13-04:00,2026-08-31T00:06:57.295633+00:00
ibm_kingston,143,prob_meas0_prep1,0.009521484375,,2026-08-30 17:22:32-04:00,2026-08-31T00:06:57.295633+00:00
ibm_kingston,143,prob_meas1_prep0,0.014892578125,,2026-08-30 17:22:32-04:00,2026-08-31T00:06:57.295633+00:00
ibm_kingston,143,readout_length,2180.0,ns,2026-08-30 17:22:32-04:00,2026-08-31T00:06:57.295633+00:00
ibm_kingston,144,readout_error,0.0126953125,,2026-08-30 17:22:32-04:00,2026-08-31T00:06:57.295633+00:00
ibm_kingston,144,init_error,0.006426012472779189,,2026-08-30 18:03:13-04:00,2026-08-31T00:06:57.295633+00:00
ibm_kingston,144,prob_meas0_prep1,0.009765625,,2026-08-30 17:22:32-04:00,2026-08-31T00:06:57.295633+00:00
ibm_kingston,144,prob_meas1_prep0,0.015625,,2026-08-30 17:22:32-04:00,2026-08-31T00:06:57.295633+00:00
ibm_kingston,144,readout_length,2180.0,ns,2026-08-30 17:22:32-04:00,2026-08-31T00:06:57.295633+00:00
ibm_kingston,145,readout_error,0.027587890625,,2026-08-30 17:22:32-04:00,2026-08-31T00:06:57.295633+00:00
ibm_kingston,145,init_error,0.024437915688220416,,2026-08-30 18:03:13-04:00,2026-08-31T00:06:57.295633+00:00
ibm_kingston,145,prob_meas0_prep1,0.02294921875,,2026-08-30 17:22:32-04:00,2026-08-31T00:06:57.295633+00:00
ibm_kingston,145,prob_meas1_prep0,0.0322265625,,2026-08-30 17:22:32-04:00,2026-08-31T00:06:57.295633+00:00
ibm_kingston,145,readout_length,2180.0,ns,2026-08-30 17:22:32-04:00,2026-08-31T00:06:57.295633+00:00
ibm_kingston,146,readout_error,0.49658203125,,2026-08-30 17:22:32-04:00,2026-08-31T00:06:57.295633+00:00
ibm_kingston,146,prob_meas0_prep1,0.48974609375,,2026-08-30 17:22:32-04:00,2026-08-31T00:06:57.295633+00:00
ibm_kingston,146,prob_meas1_prep0,0.50341796875,,2026-08-30 17:22:32-04:00,2026-08-31T00:06:57.295633+00:00
ibm_kingston,146,readout_length,2180.0,ns,2026-08-30 17:22:32-04:00,2026-08-31T00:06:57.295633+00:00
ibm_kingston,147,readout_error,0.0074462890625,,2026-08-30 17:22:32-04:00,2026-08-31T00:06:57.295633+00:00
ibm_kingston,147,init_error,0.007400320478855061,,2026-08-30 18:03:13-04:00,2026-08-31T00:06:57.295633+00:00
ibm_kingston,147,prob_meas0_prep1,0.008544921875,,2026-08-30 17:22:32-04:00,2026-08-31T00:06:57.295633+00:00
ibm_kingston,147,prob_meas1_prep0,0.00634765625,,2026-08-30 17:22:32-04:00,2026-08-31T00:06:57.295633+00:00
ibm_kingston,147,readout_length,2180.0,ns,2026-08-30 17:22:32-04:00,2026-08-31T00:06:57.295633+00:00
ibm_kingston,148,readout_error,0.00390625,,2026-08-30 17:22:32-04:00,2026-08-31T00:06:57.295633+00:00
ibm_kingston,148,init_error,0.0026820381754449458,,2026-08-30 18:03:13-04:00,2026-08-31T00:06:57.295633+00:00
ibm_kingston,148,prob_meas0_prep1,0.005126953125,,2026-08-30 17:22:32-04:00,2026-08-31T00:06:57.295633+00:00
ibm_kingston,148,prob_meas1_prep0,0.002685546875,,2026-08-30 17:22:32-04:00,2026-08-31T00:06:57.295633+00:00
ibm_kingston,148,readout_length,2180.0,ns,2026-08-30 17:22:32-04:00,2026-08-31T00:06:57.295633+00:00
ibm_kingston,149,readout_error,0.014404296875,,2026-08-30 17:22:32-04:00,2026-08-31T00:06:57.295633+00:00
ibm_kingston,149,init_error,0.008596607369898332,,2026-08-30 18:03:13-04:00,2026-08-31T00:06:57.295633+00:00
ibm_kingston,149,prob_meas0_prep1,0.013427734375,,2026-08-30 17:22:32-04:00,2026-08-31T00:06:57.295633+00:00
ibm_kingston,149,prob_meas1_prep0,0.015380859375,,2026-08-30 17:22:32-04:00,2026-08-31T00:06:57.295633+00:00
ibm_kingston,149,readout_length,2180.0,ns,2026-08-30 17:22:32-04:00,2026-08-31T00:06:57.295633+00:00
ibm_kingston,150,readout_error,0.0062255859375,,2026-08-30 17:22:32-04:00,2026-08-31T00:06:57.295633+00:00
ibm_kingston,150,init_error,0.0025375129772345134,,2026-08-30 18:03:13-04:00,2026-08-31T00:06:57.295633+00:00
ibm_kingston,150,prob_meas0_prep1,0.0078125,,2026-08-30 17:22:32-04:00,2026-08-31T00:06:57.295633+00:00
ibm_kingston,150,prob_meas1_prep0,0.004638671875,,2026-08-30 17:22:32-04:00,2026-08-31T00:06:57.295633+00:00
ibm_kingston,150,readout_length,2180.0,ns,2026-08-30 17:22:32-04:00,2026-08-31T00:06:57.295633+00:00
ibm_kingston,151,readout_error,0.0072021484375,,2026-08-30 17:22:32-04:00,2026-08-31T00:06:57.295633+00:00
ibm_kingston,151,init_error,0.005388734418991372,,2026-08-30 18:03:13-04:00,2026-08-31T00:06:57.295633+00:00
ibm_kingston,151,prob_meas0_prep1,0.008056640625,,2026-08-30 17:22:32-04:00,2026-08-31T00:06:57.295633+00:00
ibm_kingston,151,prob_meas1_prep0,0.00634765625,,2026-08-30 17:22:32-04:00,2026-08-31T00:06:57.295633+00:00
ibm_kingston,151,readout_length,2180.0,ns,2026-08-30 17:22:32-04:00,2026-08-31T00:06:57.295633+00:00
ibm_kingston,152,readout_error,0.0084228515625,,2026-08-30 17:22:32-04:00,2026-08-31T00:06:57.295633+00:00
ibm_kingston,152,init_error,0.0054050431931152694,,2026-08-30 18:03:13-04:00,2026-08-31T00:06:57.295633+00:00
ibm_kingston,152,prob_meas1_prep0,0.008056640625,,2026-08-30 17:22:32-04:00,2026-08-31T00:06:57.295633+00:00
ibm_kingston,152,readout_length,2180.0,ns,2026-08-30 17:22:32-04:00,2026-08-31T00:06:57.295633+00:00
ibm_kingston,153,readout_error,0.070068359375,,2026-08-30 17:22:32-04:00,2026-08-31T00:06:57.295633+00:00
ibm_kingston,153,prob_meas0_prep1,0.051025390625,,2026-08-30 17:22:32-04:00,2026-08-31T00:06:57.295633+00:00
ibm_kingston,153,prob_meas1_prep0,0.089111328125,,2026-08-30 17:22:32-04:00,2026-08-31T00:06:57.295633+00:00
ibm_kingston,153,readout_length,2180.0,ns,2026-08-30 17:22:32-04:00,2026-08-31T00:06:57.295633+00:00
ibm_kingston,154,readout_error,0.007080078125,,2026-08-30 17:22:32-04:00,2026-08-31T00:06:57.295633+00:00
ibm_kingston,154,init_error,0.0038717048836373366,,2026-08-30 18:03:13-04:00,2026-08-31T00:06:57.295633+00:00
ibm_kingston,154,prob_meas0_prep1,0.009033203125,,2026-08-30 17:22:32-04:00,2026-08-31T00:06:57.295633+00:00
ibm_kingston,154,prob_meas1_prep0,0.005126953125,,2026-08-30 17:22:32-04:00,2026-08-31T00:06:57.295633+00:00
ibm_kingston,154,readout_length,2180.0,ns,2026-08-30 17:22:32-04:00,2026-08-31T00:06:57.295633+00:00
ibm_kingston,155,readout_error,0.0159912109375,,2026-08-30 17:22:32-04:00,2026-08-31T00:06:57.295633+00:00
ibm_kingston,155,init_error,0.009243472234666485,,2026-08-30 18:03:14-04:00,2026-08-31T00:06:57.295633+00:00
ibm_kingston,155,prob_meas0_prep1,0.01220703125,,2026-08-30 17:22:32-04:00,2026-08-31T00:06:57.295633+00:00
ibm_kingston,155,prob_meas1_prep0,0.019775390625,,2026-08-30 17:22:32-04:00,2026-08-31T00:06:57.295633+00:00
ibm_kingston,155,readout_length,2180.0,ns,2026-08-30 17:22:32-04:00,2026-08-31T00:06:57.295633+00:00
